dataset,contract,category,iteration,kind,strategy,regime,new_bc,reward,bug,seed_bug,genuine
smartbugs,reentrancy/0x01f8c4e3fa3edeb29e514cba738d87ce8c091d3f,reentrancy,0,gen,reentrancy_probe,greedy,11.0,2.0,False,False,False
smartbugs,reentrancy/0x01f8c4e3fa3edeb29e514cba738d87ce8c091d3f,reentrancy,1,gen,arithmetic_probe,random,7.0,2.7273,False,False,False
smartbugs,reentrancy/0x01f8c4e3fa3edeb29e514cba738d87ce8c091d3f,reentrancy,2,gen,access_control_probe,greedy,3.0,3.0909,False,False,False
smartbugs,reentrancy/0x01f8c4e3fa3edeb29e514cba738d87ce8c091d3f,reentrancy,3,gen,price_oracle_probe,greedy,0.0,2.5455,False,False,False
smartbugs,reentrancy/0x01f8c4e3fa3edeb29e514cba738d87ce8c091d3f,reentrancy,4,gen,logic_error_probe,greedy,0.0,2.0,False,False,False
smartbugs,reentrancy/0x01f8c4e3fa3edeb29e514cba738d87ce8c091d3f,reentrancy,5,mut,value_perturb,greedy,0.0,2.7273,False,False,False
smartbugs,reentrancy/0x01f8c4e3fa3edeb29e514cba738d87ce8c091d3f,reentrancy,6,mut,call_insert,greedy,0.0,3.8182,False,False,False
smartbugs,reentrancy/0x01f8c4e3fa3edeb29e514cba738d87ce8c091d3f,reentrancy,7,mut,call_swap,greedy,0.0,2.5455,False,False,False
smartbugs,reentrancy/0x01f8c4e3fa3edeb29e514cba738d87ce8c091d3f,reentrancy,8,mut,arg_shuffle,random,0.0,2.0,False,False,False
smartbugs,reentrancy/0x01f8c4e3fa3edeb29e514cba738d87ce8c091d3f,reentrancy,9,gen,reentrancy_probe,greedy,0.0,0.5455,False,False,False
smartbugs,reentrancy/0x01f8c4e3fa3edeb29e514cba738d87ce8c091d3f,reentrancy,10,gen,arithmetic_probe,greedy,0.0,0.5455,False,False,False
smartbugs,reentrancy/0x01f8c4e3fa3edeb29e514cba738d87ce8c091d3f,reentrancy,11,gen,access_control_probe,random,3.0,0.5455,False,False,False
smartbugs,reentrancy/0x01f8c4e3fa3edeb29e514cba738d87ce8c091d3f,reentrancy,12,gen,price_oracle_probe,greedy,0.0,0.5455,False,False,False
smartbugs,reentrancy/0x01f8c4e3fa3edeb29e514cba738d87ce8c091d3f,reentrancy,13,gen,logic_error_probe,greedy,0.0,0.5455,False,False,False
smartbugs,reentrancy/0x01f8c4e3fa3edeb29e514cba738d87ce8c091d3f,reentrancy,14,mut,value_perturb,random,0.0,0.5455,False,False,False
smartbugs,reentrancy/0x01f8c4e3fa3edeb29e514cba738d87ce8c091d3f,reentrancy,15,mut,call_insert,greedy,0.0,0.0,False,False,False
smartbugs,reentrancy/0x01f8c4e3fa3edeb29e514cba738d87ce8c091d3f,reentrancy,16,mut,call_swap,random,3.0,1.4545,False,False,False
smartbugs,reentrancy/0x01f8c4e3fa3edeb29e514cba738d87ce8c091d3f,reentrancy,17,mut,arg_shuffle,greedy,0.0,1.2727,False,False,False
smartbugs,reentrancy/0x01f8c4e3fa3edeb29e514cba738d87ce8c091d3f,reentrancy,18,mut,call_swap,random,0.0,0.0,False,False,False
smartbugs,reentrancy/0x01f8c4e3fa3edeb29e514cba738d87ce8c091d3f,reentrancy,19,gen,reentrancy_probe,greedy,0.0,0.0,False,False,False
smartbugs,reentrancy/0x01f8c4e3fa3edeb29e514cba738d87ce8c091d3f,reentrancy,20,mut,arg_shuffle,random,0.0,0.5455,False,False,False
smartbugs,reentrancy/0x01f8c4e3fa3edeb29e514cba738d87ce8c091d3f,reentrancy,21,gen,access_control_probe,greedy,0.0,0.0,False,False,False
smartbugs,reentrancy/0x01f8c4e3fa3edeb29e514cba738d87ce8c091d3f,reentrancy,22,gen,arithmetic_probe,greedy,0.0,0.5455,False,False,False
smartbugs,reentrancy/0x01f8c4e3fa3edeb29e514cba738d87ce8c091d3f,reentrancy,23,mut,value_perturb,random,0.0,0.0,False,False,False
smartbugs,reentrancy/0x01f8c4e3fa3edeb29e514cba738d87ce8c091d3f,reentrancy,24,mut,call_insert,greedy,0.0,0.5455,False,False,False
smartbugs,reentrancy/0x01f8c4e3fa3edeb29e514cba738d87ce8c091d3f,reentrancy,25,gen,price_oracle_probe,greedy,0.0,0.0,False,False,False
smartbugs,reentrancy/0x01f8c4e3fa3edeb29e514cba738d87ce8c091d3f,reentrancy,26,mut,arg_shuffle,random,0.0,0.0,False,False,False
smartbugs,reentrancy/0x01f8c4e3fa3edeb29e514cba738d87ce8c091d3f,reentrancy,27,gen,logic_error_probe,greedy,0.0,0.0,False,False,False
smartbugs,reentrancy/0x01f8c4e3fa3edeb29e514cba738d87ce8c091d3f,reentrancy,28,gen,arithmetic_probe,greedy,0.0,0.0,False,False,False
smartbugs,reentrancy/0x01f8c4e3fa3edeb29e514cba738d87ce8c091d3f,reentrancy,29,mut,call_insert,greedy,0.0,0.0,False,False,False
smartbugs,reentrancy/0x01f8c4e3fa3edeb29e514cba738d87ce8c091d3f,reentrancy,30,mut,call_swap,greedy,0.0,0.0,False,False,False
smartbugs,reentrancy/0x01f8c4e3fa3edeb29e514cba738d87ce8c091d3f,reentrancy,31,gen,access_control_probe,greedy,0.0,0.0,False,False,False
smartbugs,reentrancy/0x01f8c4e3fa3edeb29e514cba738d87ce8c091d3f,reentrancy,32,mut,value_perturb,greedy,0.0,0.5455,False,False,False
smartbugs,reentrancy/0x01f8c4e3fa3edeb29e514cba738d87ce8c091d3f,reentrancy,33,mut,value_perturb,greedy,0.0,0.0,False,False,False
smartbugs,reentrancy/0x01f8c4e3fa3edeb29e514cba738d87ce8c091d3f,reentrancy,34,gen,arithmetic_probe,greedy,0.0,0.0,False,False,False
smartbugs,reentrancy/0x01f8c4e3fa3edeb29e514cba738d87ce8c091d3f,reentrancy,35,gen,price_oracle_probe,greedy,0.0,0.0,False,False,False
smartbugs,reentrancy/0x01f8c4e3fa3edeb29e514cba738d87ce8c091d3f,reentrancy,36,mut,arg_shuffle,greedy,0.0,0.0,False,False,False
smartbugs,reentrancy/0x01f8c4e3fa3edeb29e514cba738d87ce8c091d3f,reentrancy,37,gen,reentrancy_probe,greedy,0.0,0.0,False,False,False
smartbugs,reentrancy/0x01f8c4e3fa3edeb29e514cba738d87ce8c091d3f,reentrancy,38,gen,logic_error_probe,greedy,0.0,0.5455,False,False,False
smartbugs,reentrancy/0x01f8c4e3fa3edeb29e514cba738d87ce8c091d3f,reentrancy,39,gen,logic_error_probe,greedy,0.0,0.0,False,False,False
smartbugs,reentrancy/0x01f8c4e3fa3edeb29e514cba738d87ce8c091d3f,reentrancy,40,mut,call_insert,greedy,0.0,0.0,False,False,False
smartbugs,reentrancy/0x01f8c4e3fa3edeb29e514cba738d87ce8c091d3f,reentrancy,41,mut,call_swap,greedy,0.0,0.0,False,False,False
smartbugs,reentrancy/0x01f8c4e3fa3edeb29e514cba738d87ce8c091d3f,reentrancy,42,gen,access_control_probe,greedy,0.0,0.0,False,False,False
smartbugs,reentrancy/0x01f8c4e3fa3edeb29e514cba738d87ce8c091d3f,reentrancy,43,gen,price_oracle_probe,greedy,0.0,0.0,False,False,False
smartbugs,reentrancy/0x01f8c4e3fa3edeb29e514cba738d87ce8c091d3f,reentrancy,44,gen,reentrancy_probe,greedy,0.0,0.0,False,False,False
smartbugs,reentrancy/0x01f8c4e3fa3edeb29e514cba738d87ce8c091d3f,reentrancy,45,gen,arithmetic_probe,greedy,0.0,0.0,False,False,False
smartbugs,reentrancy/0x01f8c4e3fa3edeb29e514cba738d87ce8c091d3f,reentrancy,46,mut,call_swap,greedy,1.0,2.9091,False,False,False
smartbugs,reentrancy/0x01f8c4e3fa3edeb29e514cba738d87ce8c091d3f,reentrancy,47,mut,call_swap,greedy,0.0,0.0,False,False,False
smartbugs,reentrancy/0x01f8c4e3fa3edeb29e514cba738d87ce8c091d3f,reentrancy,48,mut,call_swap,greedy,0.0,0.0,False,False,False
smartbugs,reentrancy/0x01f8c4e3fa3edeb29e514cba738d87ce8c091d3f,reentrancy,49,mut,call_swap,random,0.0,0.0,False,False,False
smartbugs,reentrancy/0x01f8c4e3fa3edeb29e514cba738d87ce8c091d3f,reentrancy,50,mut,call_swap,greedy,0.0,0.0,False,False,False
smartbugs,reentrancy/0x01f8c4e3fa3edeb29e514cba738d87ce8c091d3f,reentrancy,51,gen,access_control_probe,greedy,0.0,0.0,False,False,False
smartbugs,reentrancy/0x01f8c4e3fa3edeb29e514cba738d87ce8c091d3f,reentrancy,52,mut,arg_shuffle,greedy,0.0,0.0,False,False,False
smartbugs,reentrancy/0x01f8c4e3fa3edeb29e514cba738d87ce8c091d3f,reentrancy,53,mut,call_insert,greedy,0.0,0.0,False,False,False
smartbugs,reentrancy/0x01f8c4e3fa3edeb29e514cba738d87ce8c091d3f,reentrancy,54,mut,value_perturb,greedy,0.0,0.5455,False,False,False
smartbugs,reentrancy/0x01f8c4e3fa3edeb29e514cba738d87ce8c091d3f,reentrancy,55,mut,value_perturb,greedy,0.0,0.0,False,False,False
smartbugs,reentrancy/0x01f8c4e3fa3edeb29e514cba738d87ce8c091d3f,reentrancy,56,mut,value_perturb,greedy,0.0,0.0,False,False,False
smartbugs,reentrancy/0x01f8c4e3fa3edeb29e514cba738d87ce8c091d3f,reentrancy,57,gen,logic_error_probe,random,0.0,1.2727,False,False,False
smartbugs,reentrancy/0x01f8c4e3fa3edeb29e514cba738d87ce8c091d3f,reentrancy,58,gen,price_oracle_probe,greedy,0.0,0.0,False,False,False
smartbugs,reentrancy/0x01f8c4e3fa3edeb29e514cba738d87ce8c091d3f,reentrancy,59,gen,price_oracle_probe,greedy,0.0,0.0,False,False,False
smartbugs,reentrancy/0x01f8c4e3fa3edeb29e514cba738d87ce8c091d3f,reentrancy,60,gen,logic_error_probe,greedy,0.0,0.0,False,False,False
smartbugs,reentrancy/0x01f8c4e3fa3edeb29e514cba738d87ce8c091d3f,reentrancy,61,gen,logic_error_probe,random,0.0,0.5455,False,False,False
smartbugs,reentrancy/0x01f8c4e3fa3edeb29e514cba738d87ce8c091d3f,reentrancy,62,gen,logic_error_probe,greedy,0.0,0.0,False,False,False
smartbugs,reentrancy/0x01f8c4e3fa3edeb29e514cba738d87ce8c091d3f,reentrancy,63,gen,arithmetic_probe,greedy,0.0,0.0,False,False,False
smartbugs,reentrancy/0x01f8c4e3fa3edeb29e514cba738d87ce8c091d3f,reentrancy,64,gen,logic_error_probe,greedy,0.0,0.0,False,False,False
smartbugs,reentrancy/0x01f8c4e3fa3edeb29e514cba738d87ce8c091d3f,reentrancy,65,gen,price_oracle_probe,greedy,0.0,0.0,False,False,False
smartbugs,reentrancy/0x01f8c4e3fa3edeb29e514cba738d87ce8c091d3f,reentrancy,66,gen,reentrancy_probe,greedy,0.0,0.0,False,False,False
smartbugs,reentrancy/0x01f8c4e3fa3edeb29e514cba738d87ce8c091d3f,reentrancy,67,mut,call_swap,greedy,0.0,0.0,False,False,False
smartbugs,reentrancy/0x01f8c4e3fa3edeb29e514cba738d87ce8c091d3f,reentrancy,68,mut,value_perturb,greedy,0.0,0.0,False,False,False
smartbugs,reentrancy/0x01f8c4e3fa3edeb29e514cba738d87ce8c091d3f,reentrancy,69,gen,arithmetic_probe,greedy,0.0,0.0,False,False,False
smartbugs,reentrancy/0x01f8c4e3fa3edeb29e514cba738d87ce8c091d3f,reentrancy,70,mut,arg_shuffle,greedy,0.0,0.0,False,False,False
smartbugs,reentrancy/0x01f8c4e3fa3edeb29e514cba738d87ce8c091d3f,reentrancy,71,mut,value_perturb,greedy,0.0,0.0,False,False,False
smartbugs,reentrancy/0x01f8c4e3fa3edeb29e514cba738d87ce8c091d3f,reentrancy,72,gen,access_control_probe,greedy,0.0,0.0,False,False,False
smartbugs,reentrancy/0x01f8c4e3fa3edeb29e514cba738d87ce8c091d3f,reentrancy,73,mut,call_insert,greedy,0.0,0.0,False,False,False
smartbugs,reentrancy/0x01f8c4e3fa3edeb29e514cba738d87ce8c091d3f,reentrancy,74,mut,arg_shuffle,greedy,0.0,0.0,False,False,False
smartbugs,reentrancy/0x01f8c4e3fa3edeb29e514cba738d87ce8c091d3f,reentrancy,75,gen,logic_error_probe,greedy,0.0,0.0,False,False,False
smartbugs,reentrancy/0x01f8c4e3fa3edeb29e514cba738d87ce8c091d3f,reentrancy,76,gen,logic_error_probe,random,1.0,2.9091,False,False,False
smartbugs,reentrancy/0x01f8c4e3fa3edeb29e514cba738d87ce8c091d3f,reentrancy,77,gen,logic_error_probe,greedy,0.0,0.0,False,False,False
smartbugs,reentrancy/0x01f8c4e3fa3edeb29e514cba738d87ce8c091d3f,reentrancy,78,gen,logic_error_probe,greedy,0.0,0.0,False,False,False
smartbugs,reentrancy/0x01f8c4e3fa3edeb29e514cba738d87ce8c091d3f,reentrancy,79,gen,price_oracle_probe,greedy,0.0,0.0,False,False,False
smartbugs,reentrancy/0x01f8c4e3fa3edeb29e514cba738d87ce8c091d3f,reentrancy,80,gen,logic_error_probe,greedy,0.0,0.0,False,False,False
smartbugs,reentrancy/0x01f8c4e3fa3edeb29e514cba738d87ce8c091d3f,reentrancy,81,gen,logic_error_probe,random,1.0,0.1818,False,False,False
smartbugs,reentrancy/0x01f8c4e3fa3edeb29e514cba738d87ce8c091d3f,reentrancy,82,gen,logic_error_probe,greedy,0.0,0.0,False,False,False
smartbugs,reentrancy/0x01f8c4e3fa3edeb29e514cba738d87ce8c091d3f,reentrancy,83,gen,logic_error_probe,greedy,0.0,0.0,False,False,False
smartbugs,reentrancy/0x01f8c4e3fa3edeb29e514cba738d87ce8c091d3f,reentrancy,84,gen,logic_error_probe,greedy,0.0,0.0,False,False,False
smartbugs,reentrancy/0x01f8c4e3fa3edeb29e514cba738d87ce8c091d3f,reentrancy,85,gen,reentrancy_probe,greedy,0.0,0.0,False,False,False
smartbugs,reentrancy/0x01f8c4e3fa3edeb29e514cba738d87ce8c091d3f,reentrancy,86,gen,arithmetic_probe,random,0.0,0.0,False,False,False
smartbugs,reentrancy/0x01f8c4e3fa3edeb29e514cba738d87ce8c091d3f,reentrancy,87,gen,reentrancy_probe,random,0.0,0.7273,False,False,False
smartbugs,reentrancy/0x01f8c4e3fa3edeb29e514cba738d87ce8c091d3f,reentrancy,88,gen,reentrancy_probe,greedy,0.0,0.0,False,False,False
smartbugs,reentrancy/0x01f8c4e3fa3edeb29e514cba738d87ce8c091d3f,reentrancy,89,mut,call_insert,random,0.0,0.0,False,False,False
smartbugs,reentrancy/0x01f8c4e3fa3edeb29e514cba738d87ce8c091d3f,reentrancy,90,gen,reentrancy_probe,random,0.0,1.2727,False,False,False
smartbugs,reentrancy/0x01f8c4e3fa3edeb29e514cba738d87ce8c091d3f,reentrancy,91,gen,access_control_probe,greedy,0.0,0.0,False,False,False
smartbugs,reentrancy/0x01f8c4e3fa3edeb29e514cba738d87ce8c091d3f,reentrancy,92,gen,reentrancy_probe,greedy,0.0,0.0,False,False,False
smartbugs,reentrancy/0x01f8c4e3fa3edeb29e514cba738d87ce8c091d3f,reentrancy,93,mut,call_swap,greedy,0.0,0.0,False,False,False
smartbugs,reentrancy/0x01f8c4e3fa3edeb29e514cba738d87ce8c091d3f,reentrancy,94,gen,logic_error_probe,greedy,0.0,0.0,False,False,False
smartbugs,reentrancy/0x01f8c4e3fa3edeb29e514cba738d87ce8c091d3f,reentrancy,95,mut,arg_shuffle,greedy,0.0,0.5455,False,False,False
smartbugs,reentrancy/0x01f8c4e3fa3edeb29e514cba738d87ce8c091d3f,reentrancy,96,mut,arg_shuffle,greedy,0.0,0.0,False,False,False
smartbugs,reentrancy/0x01f8c4e3fa3edeb29e514cba738d87ce8c091d3f,reentrancy,97,mut,call_insert,random,0.0,0.0,False,False,False
smartbugs,reentrancy/0x01f8c4e3fa3edeb29e514cba738d87ce8c091d3f,reentrancy,98,mut,call_swap,greedy,0.0,0.0,False,False,False
smartbugs,reentrancy/0x01f8c4e3fa3edeb29e514cba738d87ce8c091d3f,reentrancy,99,gen,logic_error_probe,greedy,0.0,0.0,False,False,False
smartbugs,reentrancy/0x23a91059fdc9579a9fbd0edc5f2ea0bfdb70deb4,reentrancy,0,gen,reentrancy_probe,greedy,9.0,2.4,False,False,False
smartbugs,reentrancy/0x23a91059fdc9579a9fbd0edc5f2ea0bfdb70deb4,reentrancy,1,gen,arithmetic_probe,random,8.0,3.7333,False,False,False
smartbugs,reentrancy/0x23a91059fdc9579a9fbd0edc5f2ea0bfdb70deb4,reentrancy,2,gen,access_control_probe,greedy,0.0,3.2,False,False,False
smartbugs,reentrancy/0x23a91059fdc9579a9fbd0edc5f2ea0bfdb70deb4,reentrancy,3,gen,price_oracle_probe,greedy,0.0,1.8667,False,False,False
smartbugs,reentrancy/0x23a91059fdc9579a9fbd0edc5f2ea0bfdb70deb4,reentrancy,4,gen,logic_error_probe,random,0.0,2.4,False,False,False
smartbugs,reentrancy/0x23a91059fdc9579a9fbd0edc5f2ea0bfdb70deb4,reentrancy,5,mut,value_perturb,greedy,0.0,3.2,False,False,False
smartbugs,reentrancy/0x23a91059fdc9579a9fbd0edc5f2ea0bfdb70deb4,reentrancy,6,mut,call_insert,greedy,0.0,2.9333,False,False,False
smartbugs,reentrancy/0x23a91059fdc9579a9fbd0edc5f2ea0bfdb70deb4,reentrancy,7,mut,call_swap,greedy,0.0,2.4,False,False,False
smartbugs,reentrancy/0x23a91059fdc9579a9fbd0edc5f2ea0bfdb70deb4,reentrancy,8,mut,arg_shuffle,greedy,0.0,3.2,False,False,False
smartbugs,reentrancy/0x23a91059fdc9579a9fbd0edc5f2ea0bfdb70deb4,reentrancy,9,gen,reentrancy_probe,greedy,0.0,0.0,False,False,False
smartbugs,reentrancy/0x23a91059fdc9579a9fbd0edc5f2ea0bfdb70deb4,reentrancy,10,gen,arithmetic_probe,greedy,0.0,0.0,False,False,False
smartbugs,reentrancy/0x23a91059fdc9579a9fbd0edc5f2ea0bfdb70deb4,reentrancy,11,gen,access_control_probe,greedy,0.0,0.0,False,False,False
smartbugs,reentrancy/0x23a91059fdc9579a9fbd0edc5f2ea0bfdb70deb4,reentrancy,12,gen,price_oracle_probe,greedy,0.0,0.0,False,False,False
smartbugs,reentrancy/0x23a91059fdc9579a9fbd0edc5f2ea0bfdb70deb4,reentrancy,13,gen,logic_error_probe,greedy,4.0,2.6667,False,False,False
smartbugs,reentrancy/0x23a91059fdc9579a9fbd0edc5f2ea0bfdb70deb4,reentrancy,14,mut,value_perturb,greedy,0.0,1.8667,False,False,False
smartbugs,reentrancy/0x23a91059fdc9579a9fbd0edc5f2ea0bfdb70deb4,reentrancy,15,mut,call_insert,random,0.0,0.8,False,False,False
smartbugs,reentrancy/0x23a91059fdc9579a9fbd0edc5f2ea0bfdb70deb4,reentrancy,16,mut,call_swap,random,0.0,1.3333,False,False,False
smartbugs,reentrancy/0x23a91059fdc9579a9fbd0edc5f2ea0bfdb70deb4,reentrancy,17,mut,arg_shuffle,greedy,0.0,0.0,False,False,False
smartbugs,reentrancy/0x23a91059fdc9579a9fbd0edc5f2ea0bfdb70deb4,reentrancy,18,gen,logic_error_probe,greedy,0.0,0.5333,False,False,False
smartbugs,reentrancy/0x23a91059fdc9579a9fbd0edc5f2ea0bfdb70deb4,reentrancy,19,gen,access_control_probe,greedy,0.0,0.0,False,False,False
smartbugs,reentrancy/0x23a91059fdc9579a9fbd0edc5f2ea0bfdb70deb4,reentrancy,20,mut,call_insert,greedy,0.0,0.0,False,False,False
smartbugs,reentrancy/0x23a91059fdc9579a9fbd0edc5f2ea0bfdb70deb4,reentrancy,21,mut,value_perturb,greedy,0.0,0.0,False,False,False
smartbugs,reentrancy/0x23a91059fdc9579a9fbd0edc5f2ea0bfdb70deb4,reentrancy,22,mut,call_swap,random,0.0,0.5333,False,False,False
smartbugs,reentrancy/0x23a91059fdc9579a9fbd0edc5f2ea0bfdb70deb4,reentrancy,23,gen,logic_error_probe,greedy,0.0,0.0,False,False,False
smartbugs,reentrancy/0x23a91059fdc9579a9fbd0edc5f2ea0bfdb70deb4,reentrancy,24,gen,access_control_probe,greedy,0.0,0.0,False,False,False
smartbugs,reentrancy/0x23a91059fdc9579a9fbd0edc5f2ea0bfdb70deb4,reentrancy,25,gen,arithmetic_probe,greedy,0.0,0.0,False,False,False
smartbugs,reentrancy/0x23a91059fdc9579a9fbd0edc5f2ea0bfdb70deb4,reentrancy,26,mut,call_swap,greedy,0.0,1.0667,False,False,False
smartbugs,reentrancy/0x23a91059fdc9579a9fbd0edc5f2ea0bfdb70deb4,reentrancy,27,mut,call_swap,random,0.0,0.0,False,False,False
smartbugs,reentrancy/0x23a91059fdc9579a9fbd0edc5f2ea0bfdb70deb4,reentrancy,28,mut,value_perturb,greedy,0.0,0.0,False,False,False
smartbugs,reentrancy/0x23a91059fdc9579a9fbd0edc5f2ea0bfdb70deb4,reentrancy,29,mut,value_perturb,greedy,0.0,0.0,False,False,False
smartbugs,reentrancy/0x23a91059fdc9579a9fbd0edc5f2ea0bfdb70deb4,reentrancy,30,mut,arg_shuffle,random,0.0,0.0,False,False,False
smartbugs,reentrancy/0x23a91059fdc9579a9fbd0edc5f2ea0bfdb70deb4,reentrancy,31,gen,logic_error_probe,greedy,0.0,0.0,False,False,False
smartbugs,reentrancy/0x23a91059fdc9579a9fbd0edc5f2ea0bfdb70deb4,reentrancy,32,gen,reentrancy_probe,greedy,0.0,0.0,False,False,False
smartbugs,reentrancy/0x23a91059fdc9579a9fbd0edc5f2ea0bfdb70deb4,reentrancy,33,mut,call_insert,greedy,0.0,1.8667,False,False,False
smartbugs,reentrancy/0x23a91059fdc9579a9fbd0edc5f2ea0bfdb70deb4,reentrancy,34,mut,call_insert,greedy,0.0,0.0,False,False,False
smartbugs,reentrancy/0x23a91059fdc9579a9fbd0edc5f2ea0bfdb70deb4,reentrancy,35,gen,arithmetic_probe,greedy,0.0,0.0,False,False,False
smartbugs,reentrancy/0x23a91059fdc9579a9fbd0edc5f2ea0bfdb70deb4,reentrancy,36,gen,price_oracle_probe,greedy,0.0,0.5333,False,False,False
smartbugs,reentrancy/0x23a91059fdc9579a9fbd0edc5f2ea0bfdb70deb4,reentrancy,37,gen,price_oracle_probe,greedy,0.0,0.0,False,False,False
smartbugs,reentrancy/0x23a91059fdc9579a9fbd0edc5f2ea0bfdb70deb4,reentrancy,38,mut,arg_shuffle,greedy,0.0,0.0,False,False,False
smartbugs,reentrancy/0x23a91059fdc9579a9fbd0edc5f2ea0bfdb70deb4,reentrancy,39,gen,logic_error_probe,greedy,0.0,0.0,False,False,False
smartbugs,reentrancy/0x23a91059fdc9579a9fbd0edc5f2ea0bfdb70deb4,reentrancy,40,mut,value_perturb,greedy,0.0,0.0,False,False,False
smartbugs,reentrancy/0x23a91059fdc9579a9fbd0edc5f2ea0bfdb70deb4,reentrancy,41,gen,reentrancy_probe,greedy,0.0,0.0,False,False,False
smartbugs,reentrancy/0x23a91059fdc9579a9fbd0edc5f2ea0bfdb70deb4,reentrancy,42,gen,price_oracle_probe,greedy,0.0,0.0,False,False,False
smartbugs,reentrancy/0x23a91059fdc9579a9fbd0edc5f2ea0bfdb70deb4,reentrancy,43,mut,call_swap,greedy,0.0,0.0,False,False,False
smartbugs,reentrancy/0x23a91059fdc9579a9fbd0edc5f2ea0bfdb70deb4,reentrancy,44,gen,arithmetic_probe,random,0.0,0.0,False,False,False
smartbugs,reentrancy/0x23a91059fdc9579a9fbd0edc5f2ea0bfdb70deb4,reentrancy,45,mut,call_insert,greedy,0.0,0.0,False,False,False
smartbugs,reentrancy/0x23a91059fdc9579a9fbd0edc5f2ea0bfdb70deb4,reentrancy,46,gen,access_control_probe,greedy,0.0,0.0,False,False,False
smartbugs,reentrancy/0x23a91059fdc9579a9fbd0edc5f2ea0bfdb70deb4,reentrancy,47,gen,reentrancy_probe,greedy,0.0,0.0,False,False,False
smartbugs,reentrancy/0x23a91059fdc9579a9fbd0edc5f2ea0bfdb70deb4,reentrancy,48,mut,arg_shuffle,greedy,0.0,0.0,False,False,False
smartbugs,reentrancy/0x23a91059fdc9579a9fbd0edc5f2ea0bfdb70deb4,reentrancy,49,gen,logic_error_probe,greedy,0.0,0.0,False,False,False
smartbugs,reentrancy/0x23a91059fdc9579a9fbd0edc5f2ea0bfdb70deb4,reentrancy,50,mut,call_insert,random,0.0,0.0,False,False,False
smartbugs,reentrancy/0x23a91059fdc9579a9fbd0edc5f2ea0bfdb70deb4,reentrancy,51,mut,call_swap,greedy,0.0,0.0,False,False,False
smartbugs,reentrancy/0x23a91059fdc9579a9fbd0edc5f2ea0bfdb70deb4,reentrancy,52,gen,arithmetic_probe,greedy,0.0,0.0,False,False,False
smartbugs,reentrancy/0x23a91059fdc9579a9fbd0edc5f2ea0bfdb70deb4,reentrancy,53,mut,call_insert,greedy,0.0,0.0,False,False,False
smartbugs,reentrancy/0x23a91059fdc9579a9fbd0edc5f2ea0bfdb70deb4,reentrancy,54,gen,reentrancy_probe,greedy,0.0,0.0,False,False,False
smartbugs,reentrancy/0x23a91059fdc9579a9fbd0edc5f2ea0bfdb70deb4,reentrancy,55,gen,price_oracle_probe,random,0.0,0.5333,False,False,False
smartbugs,reentrancy/0x23a91059fdc9579a9fbd0edc5f2ea0bfdb70deb4,reentrancy,56,gen,price_oracle_probe,greedy,0.0,0.0,False,False,False
smartbugs,reentrancy/0x23a91059fdc9579a9fbd0edc5f2ea0bfdb70deb4,reentrancy,57,gen,price_oracle_probe,greedy,0.0,0.8,False,False,False
smartbugs,reentrancy/0x23a91059fdc9579a9fbd0edc5f2ea0bfdb70deb4,reentrancy,58,mut,call_insert,greedy,0.0,0.0,False,False,False
smartbugs,reentrancy/0x23a91059fdc9579a9fbd0edc5f2ea0bfdb70deb4,reentrancy,59,gen,price_oracle_probe,greedy,0.0,0.0,False,False,False
smartbugs,reentrancy/0x23a91059fdc9579a9fbd0edc5f2ea0bfdb70deb4,reentrancy,60,gen,price_oracle_probe,greedy,0.0,0.0,False,False,False
smartbugs,reentrancy/0x23a91059fdc9579a9fbd0edc5f2ea0bfdb70deb4,reentrancy,61,mut,call_swap,greedy,0.0,0.0,False,False,False
smartbugs,reentrancy/0x23a91059fdc9579a9fbd0edc5f2ea0bfdb70deb4,reentrancy,62,mut,value_perturb,greedy,0.0,0.0,False,False,False
smartbugs,reentrancy/0x23a91059fdc9579a9fbd0edc5f2ea0bfdb70deb4,reentrancy,63,gen,access_control_probe,greedy,0.0,0.0,False,False,False
smartbugs,reentrancy/0x23a91059fdc9579a9fbd0edc5f2ea0bfdb70deb4,reentrancy,64,mut,arg_shuffle,greedy,0.0,0.5333,False,False,False
smartbugs,reentrancy/0x23a91059fdc9579a9fbd0edc5f2ea0bfdb70deb4,reentrancy,65,mut,arg_shuffle,greedy,0.0,0.0,False,False,False
smartbugs,reentrancy/0x23a91059fdc9579a9fbd0edc5f2ea0bfdb70deb4,reentrancy,66,gen,access_control_probe,greedy,0.0,0.0,False,False,False
smartbugs,reentrancy/0x23a91059fdc9579a9fbd0edc5f2ea0bfdb70deb4,reentrancy,67,mut,arg_shuffle,greedy,0.0,0.0,False,False,False
smartbugs,reentrancy/0x23a91059fdc9579a9fbd0edc5f2ea0bfdb70deb4,reentrancy,68,mut,arg_shuffle,greedy,0.0,0.8,False,False,False
smartbugs,reentrancy/0x23a91059fdc9579a9fbd0edc5f2ea0bfdb70deb4,reentrancy,69,mut,arg_shuffle,greedy,0.0,1.0667,False,False,False
smartbugs,reentrancy/0x23a91059fdc9579a9fbd0edc5f2ea0bfdb70deb4,reentrancy,70,gen,logic_error_probe,random,0.0,0.0,False,False,False
smartbugs,reentrancy/0x23a91059fdc9579a9fbd0edc5f2ea0bfdb70deb4,reentrancy,71,gen,price_oracle_probe,greedy,0.0,0.0,False,False,False
smartbugs,reentrancy/0x23a91059fdc9579a9fbd0edc5f2ea0bfdb70deb4,reentrancy,72,gen,arithmetic_probe,random,0.0,0.8,False,False,False
smartbugs,reentrancy/0x23a91059fdc9579a9fbd0edc5f2ea0bfdb70deb4,reentrancy,73,gen,arithmetic_probe,greedy,0.0,0.0,False,False,False
smartbugs,reentrancy/0x23a91059fdc9579a9fbd0edc5f2ea0bfdb70deb4,reentrancy,74,gen,arithmetic_probe,greedy,0.0,0.0,False,False,False
smartbugs,reentrancy/0x23a91059fdc9579a9fbd0edc5f2ea0bfdb70deb4,reentrancy,75,gen,arithmetic_probe,greedy,0.0,0.0,False,False,False
smartbugs,reentrancy/0x23a91059fdc9579a9fbd0edc5f2ea0bfdb70deb4,reentrancy,76,gen,arithmetic_probe,random,0.0,0.0,False,False,False
smartbugs,reentrancy/0x23a91059fdc9579a9fbd0edc5f2ea0bfdb70deb4,reentrancy,77,mut,call_swap,greedy,0.0,0.0,False,False,False
smartbugs,reentrancy/0x23a91059fdc9579a9fbd0edc5f2ea0bfdb70deb4,reentrancy,78,gen,price_oracle_probe,random,0.0,1.8667,False,False,False
smartbugs,reentrancy/0x23a91059fdc9579a9fbd0edc5f2ea0bfdb70deb4,reentrancy,79,gen,price_oracle_probe,greedy,0.0,0.0,False,False,False
smartbugs,reentrancy/0x23a91059fdc9579a9fbd0edc5f2ea0bfdb70deb4,reentrancy,80,gen,price_oracle_probe,greedy,0.0,0.0,False,False,False
smartbugs,reentrancy/0x23a91059fdc9579a9fbd0edc5f2ea0bfdb70deb4,reentrancy,81,mut,arg_shuffle,greedy,0.0,0.0,False,False,False
smartbugs,reentrancy/0x23a91059fdc9579a9fbd0edc5f2ea0bfdb70deb4,reentrancy,82,gen,price_oracle_probe,greedy,0.0,0.0,False,False,False
smartbugs,reentrancy/0x23a91059fdc9579a9fbd0edc5f2ea0bfdb70deb4,reentrancy,83,mut,arg_shuffle,greedy,0.0,0.0,False,False,False
smartbugs,reentrancy/0x23a91059fdc9579a9fbd0edc5f2ea0bfdb70deb4,reentrancy,84,mut,arg_shuffle,greedy,0.0,0.0,False,False,False
smartbugs,reentrancy/0x23a91059fdc9579a9fbd0edc5f2ea0bfdb70deb4,reentrancy,85,mut,arg_shuffle,greedy,0.0,0.0,False,False,False
smartbugs,reentrancy/0x23a91059fdc9579a9fbd0edc5f2ea0bfdb70deb4,reentrancy,86,mut,value_perturb,greedy,0.0,0.0,False,False,False
smartbugs,reentrancy/0x23a91059fdc9579a9fbd0edc5f2ea0bfdb70deb4,reentrancy,87,mut,arg_shuffle,greedy,0.0,0.0,False,False,False
smartbugs,reentrancy/0x23a91059fdc9579a9fbd0edc5f2ea0bfdb70deb4,reentrancy,88,gen,reentrancy_probe,greedy,0.0,0.0,False,False,False
smartbugs,reentrancy/0x23a91059fdc9579a9fbd0edc5f2ea0bfdb70deb4,reentrancy,89,gen,logic_error_probe,greedy,0.0,0.0,False,False,False
smartbugs,reentrancy/0x23a91059fdc9579a9fbd0edc5f2ea0bfdb70deb4,reentrancy,90,mut,call_insert,random,0.0,0.0,False,False,False
smartbugs,reentrancy/0x23a91059fdc9579a9fbd0edc5f2ea0bfdb70deb4,reentrancy,91,mut,call_swap,greedy,0.0,0.0,False,False,False
smartbugs,reentrancy/0x23a91059fdc9579a9fbd0edc5f2ea0bfdb70deb4,reentrancy,92,gen,access_control_probe,random,0.0,1.3333,False,False,False
smartbugs,reentrancy/0x23a91059fdc9579a9fbd0edc5f2ea0bfdb70deb4,reentrancy,93,gen,access_control_probe,random,0.0,0.0,False,False,False
smartbugs,reentrancy/0x23a91059fdc9579a9fbd0edc5f2ea0bfdb70deb4,reentrancy,94,gen,access_control_probe,greedy,0.0,0.0,False,False,False
smartbugs,reentrancy/0x23a91059fdc9579a9fbd0edc5f2ea0bfdb70deb4,reentrancy,95,gen,price_oracle_probe,random,0.0,0.0,False,False,False
smartbugs,reentrancy/0x23a91059fdc9579a9fbd0edc5f2ea0bfdb70deb4,reentrancy,96,gen,price_oracle_probe,greedy,0.0,0.0,False,False,False
smartbugs,reentrancy/0x23a91059fdc9579a9fbd0edc5f2ea0bfdb70deb4,reentrancy,97,gen,price_oracle_probe,greedy,0.0,0.0,False,False,False
smartbugs,reentrancy/0x23a91059fdc9579a9fbd0edc5f2ea0bfdb70deb4,reentrancy,98,gen,reentrancy_probe,random,0.0,2.9333,False,False,False
smartbugs,reentrancy/0x23a91059fdc9579a9fbd0edc5f2ea0bfdb70deb4,reentrancy,99,gen,reentrancy_probe,random,0.0,0.0,False,False,False
smartbugs,reentrancy/0x4320e6f8c05b27ab4707cd1f6d5ce6f3e4b3a5a1,reentrancy,0,gen,reentrancy_probe,greedy,11.0,2.0,False,False,False
smartbugs,reentrancy/0x4320e6f8c05b27ab4707cd1f6d5ce6f3e4b3a5a1,reentrancy,1,gen,arithmetic_probe,greedy,3.0,2.5455,False,False,False
smartbugs,reentrancy/0x4320e6f8c05b27ab4707cd1f6d5ce6f3e4b3a5a1,reentrancy,2,gen,access_control_probe,greedy,3.0,2.0,False,False,False
smartbugs,reentrancy/0x4320e6f8c05b27ab4707cd1f6d5ce6f3e4b3a5a1,reentrancy,3,gen,price_oracle_probe,random,3.0,2.0,False,False,False
smartbugs,reentrancy/0x4320e6f8c05b27ab4707cd1f6d5ce6f3e4b3a5a1,reentrancy,4,gen,logic_error_probe,greedy,0.0,2.5455,False,False,False
smartbugs,reentrancy/0x4320e6f8c05b27ab4707cd1f6d5ce6f3e4b3a5a1,reentrancy,5,mut,value_perturb,random,0.0,2.0,False,False,False
smartbugs,reentrancy/0x4320e6f8c05b27ab4707cd1f6d5ce6f3e4b3a5a1,reentrancy,6,mut,call_insert,greedy,0.0,2.5455,False,False,False
smartbugs,reentrancy/0x4320e6f8c05b27ab4707cd1f6d5ce6f3e4b3a5a1,reentrancy,7,mut,call_swap,greedy,0.0,2.0,False,False,False
smartbugs,reentrancy/0x4320e6f8c05b27ab4707cd1f6d5ce6f3e4b3a5a1,reentrancy,8,mut,arg_shuffle,greedy,0.0,2.0,False,False,False
smartbugs,reentrancy/0x4320e6f8c05b27ab4707cd1f6d5ce6f3e4b3a5a1,reentrancy,9,gen,reentrancy_probe,random,4.0,1.2727,False,False,False
smartbugs,reentrancy/0x4320e6f8c05b27ab4707cd1f6d5ce6f3e4b3a5a1,reentrancy,10,gen,arithmetic_probe,random,4.0,2.0,False,False,False
smartbugs,reentrancy/0x4320e6f8c05b27ab4707cd1f6d5ce6f3e4b3a5a1,reentrancy,11,gen,access_control_probe,greedy,0.0,0.0,False,False,False
smartbugs,reentrancy/0x4320e6f8c05b27ab4707cd1f6d5ce6f3e4b3a5a1,reentrancy,12,gen,price_oracle_probe,greedy,0.0,1.0909,False,False,False
smartbugs,reentrancy/0x4320e6f8c05b27ab4707cd1f6d5ce6f3e4b3a5a1,reentrancy,13,gen,logic_error_probe,greedy,0.0,0.0,False,False,False
smartbugs,reentrancy/0x4320e6f8c05b27ab4707cd1f6d5ce6f3e4b3a5a1,reentrancy,14,mut,value_perturb,random,0.0,0.0,False,False,False
smartbugs,reentrancy/0x4320e6f8c05b27ab4707cd1f6d5ce6f3e4b3a5a1,reentrancy,15,mut,call_insert,greedy,0.0,0.0,False,False,False
smartbugs,reentrancy/0x4320e6f8c05b27ab4707cd1f6d5ce6f3e4b3a5a1,reentrancy,16,mut,call_swap,random,0.0,0.5455,False,False,False
smartbugs,reentrancy/0x4320e6f8c05b27ab4707cd1f6d5ce6f3e4b3a5a1,reentrancy,17,mut,arg_shuffle,greedy,0.0,0.0,False,False,False
smartbugs,reentrancy/0x4320e6f8c05b27ab4707cd1f6d5ce6f3e4b3a5a1,reentrancy,18,gen,reentrancy_probe,greedy,0.0,0.0,False,False,False
smartbugs,reentrancy/0x4320e6f8c05b27ab4707cd1f6d5ce6f3e4b3a5a1,reentrancy,19,gen,access_control_probe,greedy,0.0,0.5455,False,False,False
smartbugs,reentrancy/0x4320e6f8c05b27ab4707cd1f6d5ce6f3e4b3a5a1,reentrancy,20,gen,arithmetic_probe,greedy,0.0,0.0,False,False,False
smartbugs,reentrancy/0x4320e6f8c05b27ab4707cd1f6d5ce6f3e4b3a5a1,reentrancy,21,gen,price_oracle_probe,greedy,0.0,0.5455,False,False,False
smartbugs,reentrancy/0x4320e6f8c05b27ab4707cd1f6d5ce6f3e4b3a5a1,reentrancy,22,mut,call_swap,greedy,0.0,1.2727,False,False,False
smartbugs,reentrancy/0x4320e6f8c05b27ab4707cd1f6d5ce6f3e4b3a5a1,reentrancy,23,mut,value_perturb,greedy,0.0,0.5455,False,False,False
smartbugs,reentrancy/0x4320e6f8c05b27ab4707cd1f6d5ce6f3e4b3a5a1,reentrancy,24,mut,value_perturb,random,0.0,0.5455,False,False,False
smartbugs,reentrancy/0x4320e6f8c05b27ab4707cd1f6d5ce6f3e4b3a5a1,reentrancy,25,mut,call_swap,greedy,1.0,3.4545,False,False,False
smartbugs,reentrancy/0x4320e6f8c05b27ab4707cd1f6d5ce6f3e4b3a5a1,reentrancy,26,mut,call_swap,random,0.0,0.0,False,False,False
smartbugs,reentrancy/0x4320e6f8c05b27ab4707cd1f6d5ce6f3e4b3a5a1,reentrancy,27,mut,call_swap,greedy,0.0,0.0,False,False,False
smartbugs,reentrancy/0x4320e6f8c05b27ab4707cd1f6d5ce6f3e4b3a5a1,reentrancy,28,gen,arithmetic_probe,greedy,0.0,0.0,False,False,False
smartbugs,reentrancy/0x4320e6f8c05b27ab4707cd1f6d5ce6f3e4b3a5a1,reentrancy,29,gen,price_oracle_probe,greedy,0.0,0.0,False,False,False
smartbugs,reentrancy/0x4320e6f8c05b27ab4707cd1f6d5ce6f3e4b3a5a1,reentrancy,30,gen,logic_error_probe,greedy,0.0,0.0,False,False,False
smartbugs,reentrancy/0x4320e6f8c05b27ab4707cd1f6d5ce6f3e4b3a5a1,reentrancy,31,mut,call_insert,greedy,0.0,0.0,False,False,False
smartbugs,reentrancy/0x4320e6f8c05b27ab4707cd1f6d5ce6f3e4b3a5a1,reentrancy,32,gen,reentrancy_probe,greedy,0.0,0.0,False,False,False
smartbugs,reentrancy/0x4320e6f8c05b27ab4707cd1f6d5ce6f3e4b3a5a1,reentrancy,33,mut,call_swap,greedy,0.0,0.0,False,False,False
smartbugs,reentrancy/0x4320e6f8c05b27ab4707cd1f6d5ce6f3e4b3a5a1,reentrancy,34,mut,value_perturb,greedy,0.0,0.0,False,False,False
smartbugs,reentrancy/0x4320e6f8c05b27ab4707cd1f6d5ce6f3e4b3a5a1,reentrancy,35,gen,access_control_probe,greedy,0.0,0.0,False,False,False
smartbugs,reentrancy/0x4320e6f8c05b27ab4707cd1f6d5ce6f3e4b3a5a1,reentrancy,36,mut,arg_shuffle,greedy,0.0,1.2727,False,False,False
smartbugs,reentrancy/0x4320e6f8c05b27ab4707cd1f6d5ce6f3e4b3a5a1,reentrancy,37,mut,arg_shuffle,greedy,0.0,0.5455,False,False,False
smartbugs,reentrancy/0x4320e6f8c05b27ab4707cd1f6d5ce6f3e4b3a5a1,reentrancy,38,mut,arg_shuffle,greedy,0.0,0.5455,False,False,False
smartbugs,reentrancy/0x4320e6f8c05b27ab4707cd1f6d5ce6f3e4b3a5a1,reentrancy,39,gen,arithmetic_probe,greedy,0.0,0.0,False,False,False
smartbugs,reentrancy/0x4320e6f8c05b27ab4707cd1f6d5ce6f3e4b3a5a1,reentrancy,40,gen,price_oracle_probe,greedy,0.0,0.0,False,False,False
smartbugs,reentrancy/0x4320e6f8c05b27ab4707cd1f6d5ce6f3e4b3a5a1,reentrancy,41,gen,logic_error_probe,random,0.0,0.9091,False,False,False
smartbugs,reentrancy/0x4320e6f8c05b27ab4707cd1f6d5ce6f3e4b3a5a1,reentrancy,42,gen,reentrancy_probe,greedy,0.0,0.0,False,False,False
smartbugs,reentrancy/0x4320e6f8c05b27ab4707cd1f6d5ce6f3e4b3a5a1,reentrancy,43,gen,logic_error_probe,greedy,0.0,0.0,False,False,False
smartbugs,reentrancy/0x4320e6f8c05b27ab4707cd1f6d5ce6f3e4b3a5a1,reentrancy,44,mut,call_insert,greedy,0.0,0.7273,False,False,False
smartbugs,reentrancy/0x4320e6f8c05b27ab4707cd1f6d5ce6f3e4b3a5a1,reentrancy,45,mut,call_insert,greedy,0.0,0.0,False,False,False
smartbugs,reentrancy/0x4320e6f8c05b27ab4707cd1f6d5ce6f3e4b3a5a1,reentrancy,46,mut,call_swap,greedy,0.0,0.0,False,False,False
smartbugs,reentrancy/0x4320e6f8c05b27ab4707cd1f6d5ce6f3e4b3a5a1,reentrancy,47,gen,access_control_probe,greedy,0.0,0.0,False,False,False
smartbugs,reentrancy/0x4320e6f8c05b27ab4707cd1f6d5ce6f3e4b3a5a1,reentrancy,48,mut,call_swap,greedy,0.0,0.0,False,False,False
smartbugs,reentrancy/0x4320e6f8c05b27ab4707cd1f6d5ce6f3e4b3a5a1,reentrancy,49,mut,arg_shuffle,greedy,0.0,0.0,False,False,False
smartbugs,reentrancy/0x4320e6f8c05b27ab4707cd1f6d5ce6f3e4b3a5a1,reentrancy,50,gen,arithmetic_probe,greedy,0.0,0.5455,False,False,False
smartbugs,reentrancy/0x4320e6f8c05b27ab4707cd1f6d5ce6f3e4b3a5a1,reentrancy,51,gen,arithmetic_probe,greedy,0.0,0.0,False,False,False
smartbugs,reentrancy/0x4320e6f8c05b27ab4707cd1f6d5ce6f3e4b3a5a1,reentrancy,52,gen,price_oracle_probe,random,1.0,3.6364,False,False,False
smartbugs,reentrancy/0x4320e6f8c05b27ab4707cd1f6d5ce6f3e4b3a5a1,reentrancy,53,gen,price_oracle_probe,greedy,0.0,0.0,False,False,False
smartbugs,reentrancy/0x4320e6f8c05b27ab4707cd1f6d5ce6f3e4b3a5a1,reentrancy,54,gen,price_oracle_probe,greedy,0.0,0.0,False,False,False
smartbugs,reentrancy/0x4320e6f8c05b27ab4707cd1f6d5ce6f3e4b3a5a1,reentrancy,55,gen,price_oracle_probe,random,0.0,0.3636,False,False,False
smartbugs,reentrancy/0x4320e6f8c05b27ab4707cd1f6d5ce6f3e4b3a5a1,reentrancy,56,gen,price_oracle_probe,greedy,0.0,0.0,False,False,False
smartbugs,reentrancy/0x4320e6f8c05b27ab4707cd1f6d5ce6f3e4b3a5a1,reentrancy,57,gen,price_oracle_probe,greedy,0.0,0.0,False,False,False
smartbugs,reentrancy/0x4320e6f8c05b27ab4707cd1f6d5ce6f3e4b3a5a1,reentrancy,58,mut,arg_shuffle,greedy,0.0,0.7273,False,False,False
smartbugs,reentrancy/0x4320e6f8c05b27ab4707cd1f6d5ce6f3e4b3a5a1,reentrancy,59,mut,arg_shuffle,greedy,0.0,0.0,False,False,False
smartbugs,reentrancy/0x4320e6f8c05b27ab4707cd1f6d5ce6f3e4b3a5a1,reentrancy,60,mut,arg_shuffle,greedy,0.0,0.0,False,False,False
smartbugs,reentrancy/0x4320e6f8c05b27ab4707cd1f6d5ce6f3e4b3a5a1,reentrancy,61,mut,value_perturb,random,0.0,0.0,False,False,False
smartbugs,reentrancy/0x4320e6f8c05b27ab4707cd1f6d5ce6f3e4b3a5a1,reentrancy,62,gen,logic_error_probe,greedy,0.0,0.0,False,False,False
smartbugs,reentrancy/0x4320e6f8c05b27ab4707cd1f6d5ce6f3e4b3a5a1,reentrancy,63,gen,reentrancy_probe,greedy,0.0,0.0,False,False,False
smartbugs,reentrancy/0x4320e6f8c05b27ab4707cd1f6d5ce6f3e4b3a5a1,reentrancy,64,gen,access_control_probe,greedy,0.0,0.0,False,False,False
smartbugs,reentrancy/0x4320e6f8c05b27ab4707cd1f6d5ce6f3e4b3a5a1,reentrancy,65,mut,call_insert,greedy,0.0,0.0,False,False,False
smartbugs,reentrancy/0x4320e6f8c05b27ab4707cd1f6d5ce6f3e4b3a5a1,reentrancy,66,mut,arg_shuffle,greedy,0.0,0.0,False,False,False
smartbugs,reentrancy/0x4320e6f8c05b27ab4707cd1f6d5ce6f3e4b3a5a1,reentrancy,67,gen,arithmetic_probe,greedy,0.0,0.0,False,False,False
smartbugs,reentrancy/0x4320e6f8c05b27ab4707cd1f6d5ce6f3e4b3a5a1,reentrancy,68,gen,logic_error_probe,greedy,0.0,0.0,False,False,False
smartbugs,reentrancy/0x4320e6f8c05b27ab4707cd1f6d5ce6f3e4b3a5a1,reentrancy,69,gen,reentrancy_probe,greedy,0.0,0.0,False,False,False
smartbugs,reentrancy/0x4320e6f8c05b27ab4707cd1f6d5ce6f3e4b3a5a1,reentrancy,70,gen,arithmetic_probe,greedy,0.0,0.0,False,False,False
smartbugs,reentrancy/0x4320e6f8c05b27ab4707cd1f6d5ce6f3e4b3a5a1,reentrancy,71,mut,value_perturb,greedy,0.0,0.0,False,False,False
smartbugs,reentrancy/0x4320e6f8c05b27ab4707cd1f6d5ce6f3e4b3a5a1,reentrancy,72,mut,call_insert,greedy,0.0,0.0,False,False,False
smartbugs,reentrancy/0x4320e6f8c05b27ab4707cd1f6d5ce6f3e4b3a5a1,reentrancy,73,gen,price_oracle_probe,greedy,0.0,0.0,False,False,False
smartbugs,reentrancy/0x4320e6f8c05b27ab4707cd1f6d5ce6f3e4b3a5a1,reentrancy,74,gen,logic_error_probe,greedy,0.0,0.0,False,False,False
smartbugs,reentrancy/0x4320e6f8c05b27ab4707cd1f6d5ce6f3e4b3a5a1,reentrancy,75,mut,call_insert,greedy,0.0,0.0,False,False,False
smartbugs,reentrancy/0x4320e6f8c05b27ab4707cd1f6d5ce6f3e4b3a5a1,reentrancy,76,mut,call_swap,greedy,0.0,0.0,False,False,False
smartbugs,reentrancy/0x4320e6f8c05b27ab4707cd1f6d5ce6f3e4b3a5a1,reentrancy,77,mut,value_perturb,greedy,0.0,0.0,False,False,False
smartbugs,reentrancy/0x4320e6f8c05b27ab4707cd1f6d5ce6f3e4b3a5a1,reentrancy,78,gen,access_control_probe,greedy,0.0,0.0,False,False,False
smartbugs,reentrancy/0x4320e6f8c05b27ab4707cd1f6d5ce6f3e4b3a5a1,reentrancy,79,gen,price_oracle_probe,greedy,0.0,0.0,False,False,False
smartbugs,reentrancy/0x4320e6f8c05b27ab4707cd1f6d5ce6f3e4b3a5a1,reentrancy,80,mut,arg_shuffle,greedy,0.0,0.0,False,False,False
smartbugs,reentrancy/0x4320e6f8c05b27ab4707cd1f6d5ce6f3e4b3a5a1,reentrancy,81,gen,arithmetic_probe,greedy,0.0,0.0,False,False,False
smartbugs,reentrancy/0x4320e6f8c05b27ab4707cd1f6d5ce6f3e4b3a5a1,reentrancy,82,gen,logic_error_probe,greedy,0.0,0.0,False,False,False
smartbugs,reentrancy/0x4320e6f8c05b27ab4707cd1f6d5ce6f3e4b3a5a1,reentrancy,83,mut,value_perturb,greedy,0.0,0.0,False,False,False
smartbugs,reentrancy/0x4320e6f8c05b27ab4707cd1f6d5ce6f3e4b3a5a1,reentrancy,84,gen,reentrancy_probe,greedy,0.0,0.0,False,False,False
smartbugs,reentrancy/0x4320e6f8c05b27ab4707cd1f6d5ce6f3e4b3a5a1,reentrancy,85,mut,call_swap,greedy,0.0,0.0,False,False,False
smartbugs,reentrancy/0x4320e6f8c05b27ab4707cd1f6d5ce6f3e4b3a5a1,reentrancy,86,gen,access_control_probe,random,0.0,1.6364,False,False,False
smartbugs,reentrancy/0x4320e6f8c05b27ab4707cd1f6d5ce6f3e4b3a5a1,reentrancy,87,gen,access_control_probe,greedy,0.0,0.0,False,False,False
smartbugs,reentrancy/0x4320e6f8c05b27ab4707cd1f6d5ce6f3e4b3a5a1,reentrancy,88,gen,access_control_probe,greedy,0.0,0.0,False,False,False
smartbugs,reentrancy/0x4320e6f8c05b27ab4707cd1f6d5ce6f3e4b3a5a1,reentrancy,89,gen,access_control_probe,greedy,0.0,0.0,False,False,False
smartbugs,reentrancy/0x4320e6f8c05b27ab4707cd1f6d5ce6f3e4b3a5a1,reentrancy,90,mut,call_insert,greedy,0.0,0.0,False,False,False
smartbugs,reentrancy/0x4320e6f8c05b27ab4707cd1f6d5ce6f3e4b3a5a1,reentrancy,91,mut,arg_shuffle,random,0.0,0.0,False,False,False
smartbugs,reentrancy/0x4320e6f8c05b27ab4707cd1f6d5ce6f3e4b3a5a1,reentrancy,92,mut,arg_shuffle,greedy,5.0,14.5455,False,False,False
smartbugs,reentrancy/0x4320e6f8c05b27ab4707cd1f6d5ce6f3e4b3a5a1,reentrancy,93,mut,arg_shuffle,greedy,0.0,0.0,False,False,False
smartbugs,reentrancy/0x4320e6f8c05b27ab4707cd1f6d5ce6f3e4b3a5a1,reentrancy,94,mut,call_swap,greedy,0.0,0.0,False,False,False
smartbugs,reentrancy/0x4320e6f8c05b27ab4707cd1f6d5ce6f3e4b3a5a1,reentrancy,95,mut,arg_shuffle,greedy,0.0,0.0,False,False,False
smartbugs,reentrancy/0x4320e6f8c05b27ab4707cd1f6d5ce6f3e4b3a5a1,reentrancy,96,mut,arg_shuffle,greedy,0.0,0.0,False,False,False
smartbugs,reentrancy/0x4320e6f8c05b27ab4707cd1f6d5ce6f3e4b3a5a1,reentrancy,97,mut,arg_shuffle,greedy,0.0,0.0,False,False,False
smartbugs,reentrancy/0x4320e6f8c05b27ab4707cd1f6d5ce6f3e4b3a5a1,reentrancy,98,mut,arg_shuffle,greedy,0.0,0.0,False,False,False
smartbugs,reentrancy/0x4320e6f8c05b27ab4707cd1f6d5ce6f3e4b3a5a1,reentrancy,99,gen,price_oracle_probe,greedy,0.0,0.0,False,False,False
smartbugs,reentrancy/0x4e73b32ed6c35f570686b89848e5f39f20ecc106,reentrancy,0,gen,reentrancy_probe,random,25.0,4.5455,False,False,False
smartbugs,reentrancy/0x4e73b32ed6c35f570686b89848e5f39f20ecc106,reentrancy,1,gen,arithmetic_probe,greedy,2.0,2.3636,False,False,False
smartbugs,reentrancy/0x4e73b32ed6c35f570686b89848e5f39f20ecc106,reentrancy,2,gen,access_control_probe,random,0.0,2.0,False,False,False
smartbugs,reentrancy/0x4e73b32ed6c35f570686b89848e5f39f20ecc106,reentrancy,3,gen,price_oracle_probe,random,4.0,5.0909,False,False,False
smartbugs,reentrancy/0x4e73b32ed6c35f570686b89848e5f39f20ecc106,reentrancy,4,gen,logic_error_probe,greedy,1.0,2.0,False,False,False
smartbugs,reentrancy/0x4e73b32ed6c35f570686b89848e5f39f20ecc106,reentrancy,5,mut,value_perturb,greedy,0.0,2.5455,False,False,False
smartbugs,reentrancy/0x4e73b32ed6c35f570686b89848e5f39f20ecc106,reentrancy,6,mut,call_insert,greedy,0.0,2.5455,False,False,False
smartbugs,reentrancy/0x4e73b32ed6c35f570686b89848e5f39f20ecc106,reentrancy,7,mut,call_swap,greedy,0.0,4.0,False,False,False
smartbugs,reentrancy/0x4e73b32ed6c35f570686b89848e5f39f20ecc106,reentrancy,8,mut,arg_shuffle,greedy,0.0,4.5455,False,False,False
smartbugs,reentrancy/0x4e73b32ed6c35f570686b89848e5f39f20ecc106,reentrancy,9,gen,reentrancy_probe,random,0.0,0.5455,False,False,False
smartbugs,reentrancy/0x4e73b32ed6c35f570686b89848e5f39f20ecc106,reentrancy,10,gen,arithmetic_probe,greedy,0.0,0.0,False,False,False
smartbugs,reentrancy/0x4e73b32ed6c35f570686b89848e5f39f20ecc106,reentrancy,11,gen,access_control_probe,greedy,0.0,0.0,False,False,False
smartbugs,reentrancy/0x4e73b32ed6c35f570686b89848e5f39f20ecc106,reentrancy,12,gen,price_oracle_probe,greedy,0.0,0.1818,False,False,False
smartbugs,reentrancy/0x4e73b32ed6c35f570686b89848e5f39f20ecc106,reentrancy,13,gen,logic_error_probe,random,2.0,2.7273,False,False,False
smartbugs,reentrancy/0x4e73b32ed6c35f570686b89848e5f39f20ecc106,reentrancy,14,mut,value_perturb,greedy,0.0,0.0,False,False,False
smartbugs,reentrancy/0x4e73b32ed6c35f570686b89848e5f39f20ecc106,reentrancy,15,mut,call_insert,greedy,0.0,0.0,False,False,False
smartbugs,reentrancy/0x4e73b32ed6c35f570686b89848e5f39f20ecc106,reentrancy,16,mut,call_swap,greedy,0.0,0.3636,False,False,False
smartbugs,reentrancy/0x4e73b32ed6c35f570686b89848e5f39f20ecc106,reentrancy,17,mut,arg_shuffle,greedy,0.0,0.0,False,False,False
smartbugs,reentrancy/0x4e73b32ed6c35f570686b89848e5f39f20ecc106,reentrancy,18,gen,logic_error_probe,greedy,0.0,0.0,False,False,False
smartbugs,reentrancy/0x4e73b32ed6c35f570686b89848e5f39f20ecc106,reentrancy,19,gen,reentrancy_probe,greedy,0.0,0.0,False,False,False
smartbugs,reentrancy/0x4e73b32ed6c35f570686b89848e5f39f20ecc106,reentrancy,20,gen,price_oracle_probe,greedy,0.0,0.0,False,False,False
smartbugs,reentrancy/0x4e73b32ed6c35f570686b89848e5f39f20ecc106,reentrancy,21,mut,call_swap,greedy,0.0,0.0,False,False,False
smartbugs,reentrancy/0x4e73b32ed6c35f570686b89848e5f39f20ecc106,reentrancy,22,mut,arg_shuffle,greedy,0.0,0.7273,False,False,False
smartbugs,reentrancy/0x4e73b32ed6c35f570686b89848e5f39f20ecc106,reentrancy,23,gen,logic_error_probe,greedy,0.0,0.0,False,False,False
smartbugs,reentrancy/0x4e73b32ed6c35f570686b89848e5f39f20ecc106,reentrancy,24,mut,arg_shuffle,greedy,0.0,0.0,False,False,False
smartbugs,reentrancy/0x4e73b32ed6c35f570686b89848e5f39f20ecc106,reentrancy,25,mut,call_swap,random,0.0,0.0,False,False,False
smartbugs,reentrancy/0x4e73b32ed6c35f570686b89848e5f39f20ecc106,reentrancy,26,gen,reentrancy_probe,greedy,0.0,0.0,False,False,False
smartbugs,reentrancy/0x4e73b32ed6c35f570686b89848e5f39f20ecc106,reentrancy,27,mut,value_perturb,greedy,0.0,0.0,False,False,False
smartbugs,reentrancy/0x4e73b32ed6c35f570686b89848e5f39f20ecc106,reentrancy,28,gen,price_oracle_probe,greedy,0.0,0.0,False,False,False
smartbugs,reentrancy/0x4e73b32ed6c35f570686b89848e5f39f20ecc106,reentrancy,29,gen,price_oracle_probe,greedy,0.0,0.0,False,False,False
smartbugs,reentrancy/0x4e73b32ed6c35f570686b89848e5f39f20ecc106,reentrancy,30,mut,call_insert,greedy,0.0,0.0,False,False,False
smartbugs,reentrancy/0x4e73b32ed6c35f570686b89848e5f39f20ecc106,reentrancy,31,gen,arithmetic_probe,greedy,0.0,0.0,False,False,False
smartbugs,reentrancy/0x4e73b32ed6c35f570686b89848e5f39f20ecc106,reentrancy,32,gen,access_control_probe,greedy,0.0,0.0,False,False,False
smartbugs,reentrancy/0x4e73b32ed6c35f570686b89848e5f39f20ecc106,reentrancy,33,gen,logic_error_probe,greedy,0.0,0.0,False,False,False
smartbugs,reentrancy/0x4e73b32ed6c35f570686b89848e5f39f20ecc106,reentrancy,34,gen,logic_error_probe,random,0.0,0.7273,False,False,False
smartbugs,reentrancy/0x4e73b32ed6c35f570686b89848e5f39f20ecc106,reentrancy,35,gen,logic_error_probe,greedy,0.0,0.0,False,False,False
smartbugs,reentrancy/0x4e73b32ed6c35f570686b89848e5f39f20ecc106,reentrancy,36,mut,arg_shuffle,greedy,0.0,0.0,False,False,False
smartbugs,reentrancy/0x4e73b32ed6c35f570686b89848e5f39f20ecc106,reentrancy,37,gen,reentrancy_probe,greedy,0.0,0.0,False,False,False
smartbugs,reentrancy/0x4e73b32ed6c35f570686b89848e5f39f20ecc106,reentrancy,38,mut,value_perturb,greedy,0.0,0.5455,False,False,False
smartbugs,reentrancy/0x4e73b32ed6c35f570686b89848e5f39f20ecc106,reentrancy,39,mut,value_perturb,greedy,0.0,0.5455,False,False,False
smartbugs,reentrancy/0x4e73b32ed6c35f570686b89848e5f39f20ecc106,reentrancy,40,mut,call_insert,greedy,0.0,0.0,False,False,False
smartbugs,reentrancy/0x4e73b32ed6c35f570686b89848e5f39f20ecc106,reentrancy,41,gen,reentrancy_probe,random,0.0,0.7273,False,False,False
smartbugs,reentrancy/0x4e73b32ed6c35f570686b89848e5f39f20ecc106,reentrancy,42,gen,arithmetic_probe,greedy,0.0,0.5455,False,False,False
smartbugs,reentrancy/0x4e73b32ed6c35f570686b89848e5f39f20ecc106,reentrancy,43,gen,arithmetic_probe,greedy,0.0,0.0,False,False,False
smartbugs,reentrancy/0x4e73b32ed6c35f570686b89848e5f39f20ecc106,reentrancy,44,mut,call_swap,greedy,0.0,0.3636,False,False,False
smartbugs,reentrancy/0x4e73b32ed6c35f570686b89848e5f39f20ecc106,reentrancy,45,gen,price_oracle_probe,greedy,0.0,0.0,False,False,False
smartbugs,reentrancy/0x4e73b32ed6c35f570686b89848e5f39f20ecc106,reentrancy,46,gen,access_control_probe,greedy,0.0,0.0,False,False,False
smartbugs,reentrancy/0x4e73b32ed6c35f570686b89848e5f39f20ecc106,reentrancy,47,gen,arithmetic_probe,random,1.0,4.3636,False,False,False
smartbugs,reentrancy/0x4e73b32ed6c35f570686b89848e5f39f20ecc106,reentrancy,48,gen,arithmetic_probe,greedy,0.0,0.0,False,False,False
smartbugs,reentrancy/0x4e73b32ed6c35f570686b89848e5f39f20ecc106,reentrancy,49,gen,arithmetic_probe,greedy,0.0,0.0,False,False,False
smartbugs,reentrancy/0x4e73b32ed6c35f570686b89848e5f39f20ecc106,reentrancy,50,gen,logic_error_probe,greedy,0.0,0.0,False,False,False
smartbugs,reentrancy/0x4e73b32ed6c35f570686b89848e5f39f20ecc106,reentrancy,51,gen,arithmetic_probe,greedy,0.0,0.0,False,False,False
smartbugs,reentrancy/0x4e73b32ed6c35f570686b89848e5f39f20ecc106,reentrancy,52,gen,arithmetic_probe,greedy,0.0,0.0,False,False,False
smartbugs,reentrancy/0x4e73b32ed6c35f570686b89848e5f39f20ecc106,reentrancy,53,mut,value_perturb,greedy,0.0,0.0,False,False,False
smartbugs,reentrancy/0x4e73b32ed6c35f570686b89848e5f39f20ecc106,reentrancy,54,mut,arg_shuffle,greedy,0.0,0.0,False,False,False
smartbugs,reentrancy/0x4e73b32ed6c35f570686b89848e5f39f20ecc106,reentrancy,55,gen,reentrancy_probe,greedy,0.0,0.0,False,False,False
smartbugs,reentrancy/0x4e73b32ed6c35f570686b89848e5f39f20ecc106,reentrancy,56,mut,call_swap,greedy,0.0,0.0,False,False,False
smartbugs,reentrancy/0x4e73b32ed6c35f570686b89848e5f39f20ecc106,reentrancy,57,mut,call_insert,greedy,0.0,0.0,False,False,False
smartbugs,reentrancy/0x4e73b32ed6c35f570686b89848e5f39f20ecc106,reentrancy,58,mut,arg_shuffle,greedy,0.0,0.0,False,False,False
smartbugs,reentrancy/0x4e73b32ed6c35f570686b89848e5f39f20ecc106,reentrancy,59,mut,call_swap,greedy,0.0,0.7273,False,False,False
smartbugs,reentrancy/0x4e73b32ed6c35f570686b89848e5f39f20ecc106,reentrancy,60,mut,call_swap,greedy,0.0,0.1818,False,False,False
smartbugs,reentrancy/0x4e73b32ed6c35f570686b89848e5f39f20ecc106,reentrancy,61,mut,call_swap,greedy,0.0,0.0,False,False,False
smartbugs,reentrancy/0x4e73b32ed6c35f570686b89848e5f39f20ecc106,reentrancy,62,mut,call_swap,greedy,0.0,0.0,False,False,False
smartbugs,reentrancy/0x4e73b32ed6c35f570686b89848e5f39f20ecc106,reentrancy,63,gen,arithmetic_probe,greedy,0.0,0.0,False,False,False
smartbugs,reentrancy/0x4e73b32ed6c35f570686b89848e5f39f20ecc106,reentrancy,64,gen,access_control_probe,greedy,0.0,0.0,False,False,False
smartbugs,reentrancy/0x4e73b32ed6c35f570686b89848e5f39f20ecc106,reentrancy,65,mut,value_perturb,greedy,0.0,0.0,False,False,False
smartbugs,reentrancy/0x4e73b32ed6c35f570686b89848e5f39f20ecc106,reentrancy,66,gen,reentrancy_probe,greedy,0.0,0.0,False,False,False
smartbugs,reentrancy/0x4e73b32ed6c35f570686b89848e5f39f20ecc106,reentrancy,67,mut,value_perturb,greedy,0.0,0.0,False,False,False
smartbugs,reentrancy/0x4e73b32ed6c35f570686b89848e5f39f20ecc106,reentrancy,68,gen,logic_error_probe,greedy,0.0,0.0,False,False,False
smartbugs,reentrancy/0x4e73b32ed6c35f570686b89848e5f39f20ecc106,reentrancy,69,gen,logic_error_probe,greedy,0.0,0.0,False,False,False
smartbugs,reentrancy/0x4e73b32ed6c35f570686b89848e5f39f20ecc106,reentrancy,70,gen,reentrancy_probe,greedy,0.0,0.0,False,False,False
smartbugs,reentrancy/0x4e73b32ed6c35f570686b89848e5f39f20ecc106,reentrancy,71,gen,price_oracle_probe,greedy,0.0,0.0,False,False,False
smartbugs,reentrancy/0x4e73b32ed6c35f570686b89848e5f39f20ecc106,reentrancy,72,mut,call_insert,random,0.0,1.2727,False,False,False
smartbugs,reentrancy/0x4e73b32ed6c35f570686b89848e5f39f20ecc106,reentrancy,73,mut,call_insert,greedy,0.0,0.7273,False,False,False
smartbugs,reentrancy/0x4e73b32ed6c35f570686b89848e5f39f20ecc106,reentrancy,74,mut,call_insert,greedy,0.0,0.0,False,False,False
smartbugs,reentrancy/0x4e73b32ed6c35f570686b89848e5f39f20ecc106,reentrancy,75,mut,call_insert,greedy,0.0,0.1818,False,False,False
smartbugs,reentrancy/0x4e73b32ed6c35f570686b89848e5f39f20ecc106,reentrancy,76,mut,call_insert,greedy,0.0,0.0,False,False,False
smartbugs,reentrancy/0x4e73b32ed6c35f570686b89848e5f39f20ecc106,reentrancy,77,mut,call_swap,random,0.0,0.0,False,False,False
smartbugs,reentrancy/0x4e73b32ed6c35f570686b89848e5f39f20ecc106,reentrancy,78,gen,arithmetic_probe,greedy,0.0,0.0,False,False,False
smartbugs,reentrancy/0x4e73b32ed6c35f570686b89848e5f39f20ecc106,reentrancy,79,gen,access_control_probe,greedy,0.0,0.0,False,False,False
smartbugs,reentrancy/0x4e73b32ed6c35f570686b89848e5f39f20ecc106,reentrancy,80,mut,value_perturb,greedy,0.0,0.0,False,False,False
smartbugs,reentrancy/0x4e73b32ed6c35f570686b89848e5f39f20ecc106,reentrancy,81,mut,arg_shuffle,random,0.0,0.3636,False,False,False
smartbugs,reentrancy/0x4e73b32ed6c35f570686b89848e5f39f20ecc106,reentrancy,82,gen,access_control_probe,greedy,0.0,0.0,False,False,False
smartbugs,reentrancy/0x4e73b32ed6c35f570686b89848e5f39f20ecc106,reentrancy,83,mut,arg_shuffle,greedy,0.0,0.0,False,False,False
smartbugs,reentrancy/0x4e73b32ed6c35f570686b89848e5f39f20ecc106,reentrancy,84,mut,arg_shuffle,random,0.0,0.0,False,False,False
smartbugs,reentrancy/0x4e73b32ed6c35f570686b89848e5f39f20ecc106,reentrancy,85,gen,reentrancy_probe,greedy,0.0,0.0,False,False,False
smartbugs,reentrancy/0x4e73b32ed6c35f570686b89848e5f39f20ecc106,reentrancy,86,gen,price_oracle_probe,greedy,0.0,0.0,False,False,False
smartbugs,reentrancy/0x4e73b32ed6c35f570686b89848e5f39f20ecc106,reentrancy,87,mut,call_insert,greedy,0.0,0.0,False,False,False
smartbugs,reentrancy/0x4e73b32ed6c35f570686b89848e5f39f20ecc106,reentrancy,88,mut,call_insert,greedy,0.0,0.0,False,False,False
smartbugs,reentrancy/0x4e73b32ed6c35f570686b89848e5f39f20ecc106,reentrancy,89,mut,call_swap,greedy,1.0,2.9091,False,False,False
smartbugs,reentrancy/0x4e73b32ed6c35f570686b89848e5f39f20ecc106,reentrancy,90,mut,call_swap,greedy,0.0,0.0,False,False,False
smartbugs,reentrancy/0x4e73b32ed6c35f570686b89848e5f39f20ecc106,reentrancy,91,mut,call_swap,greedy,0.0,0.0,False,False,False
smartbugs,reentrancy/0x4e73b32ed6c35f570686b89848e5f39f20ecc106,reentrancy,92,gen,price_oracle_probe,greedy,0.0,0.3636,False,False,False
smartbugs,reentrancy/0x4e73b32ed6c35f570686b89848e5f39f20ecc106,reentrancy,93,gen,logic_error_probe,greedy,0.0,0.0,False,False,False
smartbugs,reentrancy/0x4e73b32ed6c35f570686b89848e5f39f20ecc106,reentrancy,94,mut,call_swap,greedy,0.0,0.0,False,False,False
smartbugs,reentrancy/0x4e73b32ed6c35f570686b89848e5f39f20ecc106,reentrancy,95,gen,arithmetic_probe,greedy,0.0,0.0,False,False,False
smartbugs,reentrancy/0x4e73b32ed6c35f570686b89848e5f39f20ecc106,reentrancy,96,gen,price_oracle_probe,greedy,0.0,0.0,False,False,False
smartbugs,reentrancy/0x4e73b32ed6c35f570686b89848e5f39f20ecc106,reentrancy,97,mut,call_swap,greedy,0.0,0.0,False,False,False
smartbugs,reentrancy/0x4e73b32ed6c35f570686b89848e5f39f20ecc106,reentrancy,98,gen,price_oracle_probe,greedy,0.0,0.0,False,False,False
smartbugs,reentrancy/0x4e73b32ed6c35f570686b89848e5f39f20ecc106,reentrancy,99,mut,call_swap,greedy,0.0,0.0,False,False,False
smartbugs,reentrancy/0x561eac93c92360949ab1f1403323e6db345cbf31,reentrancy,0,gen,reentrancy_probe,random,18.0,3.2727,False,False,False
smartbugs,reentrancy/0x561eac93c92360949ab1f1403323e6db345cbf31,reentrancy,1,gen,arithmetic_probe,greedy,3.0,2.0,False,False,False
smartbugs,reentrancy/0x561eac93c92360949ab1f1403323e6db345cbf31,reentrancy,2,gen,access_control_probe,greedy,0.0,2.0,False,False,False
smartbugs,reentrancy/0x561eac93c92360949ab1f1403323e6db345cbf31,reentrancy,3,gen,price_oracle_probe,random,4.0,3.4545,False,False,False
smartbugs,reentrancy/0x561eac93c92360949ab1f1403323e6db345cbf31,reentrancy,4,gen,logic_error_probe,greedy,0.0,2.5455,False,False,False
smartbugs,reentrancy/0x561eac93c92360949ab1f1403323e6db345cbf31,reentrancy,5,mut,value_perturb,random,0.0,2.0,False,False,False
smartbugs,reentrancy/0x561eac93c92360949ab1f1403323e6db345cbf31,reentrancy,6,mut,call_insert,greedy,0.0,3.8182,False,False,False
smartbugs,reentrancy/0x561eac93c92360949ab1f1403323e6db345cbf31,reentrancy,7,mut,call_swap,greedy,1.0,2.0,False,False,False
smartbugs,reentrancy/0x561eac93c92360949ab1f1403323e6db345cbf31,reentrancy,8,mut,arg_shuffle,greedy,0.0,3.8182,False,False,False
smartbugs,reentrancy/0x561eac93c92360949ab1f1403323e6db345cbf31,reentrancy,9,gen,reentrancy_probe,greedy,0.0,0.0,False,False,False
smartbugs,reentrancy/0x561eac93c92360949ab1f1403323e6db345cbf31,reentrancy,10,gen,arithmetic_probe,greedy,0.0,0.5455,False,False,False
smartbugs,reentrancy/0x561eac93c92360949ab1f1403323e6db345cbf31,reentrancy,11,gen,access_control_probe,random,3.0,1.8182,False,False,False
smartbugs,reentrancy/0x561eac93c92360949ab1f1403323e6db345cbf31,reentrancy,12,gen,price_oracle_probe,greedy,0.0,0.0,False,False,False
smartbugs,reentrancy/0x561eac93c92360949ab1f1403323e6db345cbf31,reentrancy,13,gen,logic_error_probe,greedy,0.0,0.0,False,False,False
smartbugs,reentrancy/0x561eac93c92360949ab1f1403323e6db345cbf31,reentrancy,14,mut,value_perturb,greedy,1.0,1.8182,False,False,False
smartbugs,reentrancy/0x561eac93c92360949ab1f1403323e6db345cbf31,reentrancy,15,mut,call_insert,greedy,0.0,0.5455,False,False,False
smartbugs,reentrancy/0x561eac93c92360949ab1f1403323e6db345cbf31,reentrancy,16,mut,call_swap,random,0.0,0.3636,False,False,False
smartbugs,reentrancy/0x561eac93c92360949ab1f1403323e6db345cbf31,reentrancy,17,mut,arg_shuffle,random,0.0,0.7273,False,False,False
smartbugs,reentrancy/0x561eac93c92360949ab1f1403323e6db345cbf31,reentrancy,18,gen,access_control_probe,greedy,0.0,0.0,False,False,False
smartbugs,reentrancy/0x561eac93c92360949ab1f1403323e6db345cbf31,reentrancy,19,mut,value_perturb,greedy,0.0,0.0,False,False,False
smartbugs,reentrancy/0x561eac93c92360949ab1f1403323e6db345cbf31,reentrancy,20,mut,arg_shuffle,greedy,0.0,0.0,False,False,False
smartbugs,reentrancy/0x561eac93c92360949ab1f1403323e6db345cbf31,reentrancy,21,mut,call_insert,greedy,0.0,0.0,False,False,False
smartbugs,reentrancy/0x561eac93c92360949ab1f1403323e6db345cbf31,reentrancy,22,gen,price_oracle_probe,greedy,0.0,0.7273,False,False,False
smartbugs,reentrancy/0x561eac93c92360949ab1f1403323e6db345cbf31,reentrancy,23,gen,reentrancy_probe,greedy,0.0,0.0,False,False,False
smartbugs,reentrancy/0x561eac93c92360949ab1f1403323e6db345cbf31,reentrancy,24,gen,price_oracle_probe,random,4.0,8.1818,False,False,False
smartbugs,reentrancy/0x561eac93c92360949ab1f1403323e6db345cbf31,reentrancy,25,gen,price_oracle_probe,greedy,0.0,0.0,False,False,False
smartbugs,reentrancy/0x561eac93c92360949ab1f1403323e6db345cbf31,reentrancy,26,gen,price_oracle_probe,random,0.0,0.1818,False,False,False
smartbugs,reentrancy/0x561eac93c92360949ab1f1403323e6db345cbf31,reentrancy,27,gen,price_oracle_probe,greedy,0.0,0.0,False,False,False
smartbugs,reentrancy/0x561eac93c92360949ab1f1403323e6db345cbf31,reentrancy,28,gen,arithmetic_probe,greedy,0.0,0.0,False,False,False
smartbugs,reentrancy/0x561eac93c92360949ab1f1403323e6db345cbf31,reentrancy,29,gen,access_control_probe,random,0.0,0.9091,False,False,False
smartbugs,reentrancy/0x561eac93c92360949ab1f1403323e6db345cbf31,reentrancy,30,gen,access_control_probe,greedy,0.0,0.0,False,False,False
smartbugs,reentrancy/0x561eac93c92360949ab1f1403323e6db345cbf31,reentrancy,31,mut,value_perturb,greedy,0.0,0.5455,False,False,False
smartbugs,reentrancy/0x561eac93c92360949ab1f1403323e6db345cbf31,reentrancy,32,mut,call_swap,greedy,0.0,0.9091,False,False,False
smartbugs,reentrancy/0x561eac93c92360949ab1f1403323e6db345cbf31,reentrancy,33,mut,call_swap,greedy,0.0,0.7273,False,False,False
smartbugs,reentrancy/0x561eac93c92360949ab1f1403323e6db345cbf31,reentrancy,34,mut,call_swap,greedy,0.0,0.0,False,False,False
smartbugs,reentrancy/0x561eac93c92360949ab1f1403323e6db345cbf31,reentrancy,35,mut,call_swap,greedy,0.0,0.3636,False,False,False
smartbugs,reentrancy/0x561eac93c92360949ab1f1403323e6db345cbf31,reentrancy,36,mut,arg_shuffle,greedy,0.0,0.0,False,False,False
smartbugs,reentrancy/0x561eac93c92360949ab1f1403323e6db345cbf31,reentrancy,37,gen,reentrancy_probe,greedy,0.0,0.0,False,False,False
smartbugs,reentrancy/0x561eac93c92360949ab1f1403323e6db345cbf31,reentrancy,38,gen,logic_error_probe,greedy,0.0,0.0,False,False,False
smartbugs,reentrancy/0x561eac93c92360949ab1f1403323e6db345cbf31,reentrancy,39,mut,value_perturb,random,0.0,0.0,False,False,False
smartbugs,reentrancy/0x561eac93c92360949ab1f1403323e6db345cbf31,reentrancy,40,gen,arithmetic_probe,greedy,0.0,0.0,False,False,False
smartbugs,reentrancy/0x561eac93c92360949ab1f1403323e6db345cbf31,reentrancy,41,mut,call_insert,greedy,0.0,0.0,False,False,False
smartbugs,reentrancy/0x561eac93c92360949ab1f1403323e6db345cbf31,reentrancy,42,gen,price_oracle_probe,greedy,0.0,0.0,False,False,False
smartbugs,reentrancy/0x561eac93c92360949ab1f1403323e6db345cbf31,reentrancy,43,gen,access_control_probe,greedy,0.0,0.0,False,False,False
smartbugs,reentrancy/0x561eac93c92360949ab1f1403323e6db345cbf31,reentrancy,44,mut,arg_shuffle,greedy,0.0,0.0,False,False,False
smartbugs,reentrancy/0x561eac93c92360949ab1f1403323e6db345cbf31,reentrancy,45,gen,logic_error_probe,greedy,0.0,0.0,False,False,False
smartbugs,reentrancy/0x561eac93c92360949ab1f1403323e6db345cbf31,reentrancy,46,mut,value_perturb,greedy,0.0,0.5455,False,False,False
smartbugs,reentrancy/0x561eac93c92360949ab1f1403323e6db345cbf31,reentrancy,47,mut,value_perturb,greedy,0.0,0.0,False,False,False
smartbugs,reentrancy/0x561eac93c92360949ab1f1403323e6db345cbf31,reentrancy,48,gen,price_oracle_probe,greedy,0.0,0.0,False,False,False
smartbugs,reentrancy/0x561eac93c92360949ab1f1403323e6db345cbf31,reentrancy,49,mut,call_swap,greedy,0.0,0.0,False,False,False
smartbugs,reentrancy/0x561eac93c92360949ab1f1403323e6db345cbf31,reentrancy,50,mut,call_insert,greedy,0.0,0.1818,False,False,False
smartbugs,reentrancy/0x561eac93c92360949ab1f1403323e6db345cbf31,reentrancy,51,gen,reentrancy_probe,greedy,0.0,0.0,False,False,False
smartbugs,reentrancy/0x561eac93c92360949ab1f1403323e6db345cbf31,reentrancy,52,gen,logic_error_probe,greedy,0.0,0.0,False,False,False
smartbugs,reentrancy/0x561eac93c92360949ab1f1403323e6db345cbf31,reentrancy,53,gen,access_control_probe,greedy,0.0,0.0,False,False,False
smartbugs,reentrancy/0x561eac93c92360949ab1f1403323e6db345cbf31,reentrancy,54,gen,arithmetic_probe,greedy,0.0,0.5455,False,False,False
smartbugs,reentrancy/0x561eac93c92360949ab1f1403323e6db345cbf31,reentrancy,55,gen,arithmetic_probe,greedy,0.0,0.0,False,False,False
smartbugs,reentrancy/0x561eac93c92360949ab1f1403323e6db345cbf31,reentrancy,56,gen,reentrancy_probe,greedy,0.0,0.0,False,False,False
smartbugs,reentrancy/0x561eac93c92360949ab1f1403323e6db345cbf31,reentrancy,57,mut,arg_shuffle,greedy,0.0,0.1818,False,False,False
smartbugs,reentrancy/0x561eac93c92360949ab1f1403323e6db345cbf31,reentrancy,58,mut,arg_shuffle,random,0.0,0.9091,False,False,False
smartbugs,reentrancy/0x561eac93c92360949ab1f1403323e6db345cbf31,reentrancy,59,mut,arg_shuffle,greedy,0.0,0.0,False,False,False
smartbugs,reentrancy/0x561eac93c92360949ab1f1403323e6db345cbf31,reentrancy,60,mut,arg_shuffle,greedy,0.0,0.0,False,False,False
smartbugs,reentrancy/0x561eac93c92360949ab1f1403323e6db345cbf31,reentrancy,61,mut,arg_shuffle,greedy,0.0,0.0,False,False,False
smartbugs,reentrancy/0x561eac93c92360949ab1f1403323e6db345cbf31,reentrancy,62,mut,call_insert,greedy,0.0,0.0,False,False,False
smartbugs,reentrancy/0x561eac93c92360949ab1f1403323e6db345cbf31,reentrancy,63,mut,value_perturb,greedy,0.0,0.0,False,False,False
smartbugs,reentrancy/0x561eac93c92360949ab1f1403323e6db345cbf31,reentrancy,64,mut,call_swap,random,0.0,0.0,False,False,False
smartbugs,reentrancy/0x561eac93c92360949ab1f1403323e6db345cbf31,reentrancy,65,gen,price_oracle_probe,greedy,0.0,0.0,False,False,False
smartbugs,reentrancy/0x561eac93c92360949ab1f1403323e6db345cbf31,reentrancy,66,gen,price_oracle_probe,greedy,0.0,0.0,False,False,False
smartbugs,reentrancy/0x561eac93c92360949ab1f1403323e6db345cbf31,reentrancy,67,gen,arithmetic_probe,random,0.0,1.2727,False,False,False
smartbugs,reentrancy/0x561eac93c92360949ab1f1403323e6db345cbf31,reentrancy,68,gen,arithmetic_probe,greedy,0.0,0.0,False,False,False
smartbugs,reentrancy/0x561eac93c92360949ab1f1403323e6db345cbf31,reentrancy,69,gen,arithmetic_probe,greedy,0.0,0.0,False,False,False
smartbugs,reentrancy/0x561eac93c92360949ab1f1403323e6db345cbf31,reentrancy,70,gen,arithmetic_probe,greedy,0.0,0.0,False,False,False
smartbugs,reentrancy/0x561eac93c92360949ab1f1403323e6db345cbf31,reentrancy,71,gen,arithmetic_probe,greedy,0.0,0.0,False,False,False
smartbugs,reentrancy/0x561eac93c92360949ab1f1403323e6db345cbf31,reentrancy,72,mut,call_insert,greedy,0.0,0.0,False,False,False
smartbugs,reentrancy/0x561eac93c92360949ab1f1403323e6db345cbf31,reentrancy,73,mut,value_perturb,greedy,0.0,0.0,False,False,False
smartbugs,reentrancy/0x561eac93c92360949ab1f1403323e6db345cbf31,reentrancy,74,gen,access_control_probe,greedy,0.0,0.0,False,False,False
smartbugs,reentrancy/0x561eac93c92360949ab1f1403323e6db345cbf31,reentrancy,75,mut,call_swap,greedy,0.0,0.3636,False,False,False
smartbugs,reentrancy/0x561eac93c92360949ab1f1403323e6db345cbf31,reentrancy,76,mut,call_swap,greedy,0.0,0.0,False,False,False
smartbugs,reentrancy/0x561eac93c92360949ab1f1403323e6db345cbf31,reentrancy,77,mut,arg_shuffle,greedy,0.0,0.0,False,False,False
smartbugs,reentrancy/0x561eac93c92360949ab1f1403323e6db345cbf31,reentrancy,78,mut,call_swap,greedy,0.0,0.0,False,False,False
smartbugs,reentrancy/0x561eac93c92360949ab1f1403323e6db345cbf31,reentrancy,79,gen,logic_error_probe,greedy,0.0,0.0,False,False,False
smartbugs,reentrancy/0x561eac93c92360949ab1f1403323e6db345cbf31,reentrancy,80,mut,call_insert,greedy,0.0,0.0,False,False,False
smartbugs,reentrancy/0x561eac93c92360949ab1f1403323e6db345cbf31,reentrancy,81,mut,value_perturb,greedy,0.0,0.0,False,False,False
smartbugs,reentrancy/0x561eac93c92360949ab1f1403323e6db345cbf31,reentrancy,82,gen,reentrancy_probe,greedy,0.0,0.0,False,False,False
smartbugs,reentrancy/0x561eac93c92360949ab1f1403323e6db345cbf31,reentrancy,83,gen,access_control_probe,greedy,0.0,0.0,False,False,False
smartbugs,reentrancy/0x561eac93c92360949ab1f1403323e6db345cbf31,reentrancy,84,gen,arithmetic_probe,greedy,0.0,0.0,False,False,False
smartbugs,reentrancy/0x561eac93c92360949ab1f1403323e6db345cbf31,reentrancy,85,gen,logic_error_probe,greedy,0.0,0.5455,False,False,False
smartbugs,reentrancy/0x561eac93c92360949ab1f1403323e6db345cbf31,reentrancy,86,gen,logic_error_probe,greedy,0.0,0.0,False,False,False
smartbugs,reentrancy/0x561eac93c92360949ab1f1403323e6db345cbf31,reentrancy,87,gen,logic_error_probe,random,0.0,0.5455,False,False,False
smartbugs,reentrancy/0x561eac93c92360949ab1f1403323e6db345cbf31,reentrancy,88,gen,logic_error_probe,greedy,0.0,0.0,False,False,False
smartbugs,reentrancy/0x561eac93c92360949ab1f1403323e6db345cbf31,reentrancy,89,gen,price_oracle_probe,greedy,0.0,0.0,False,False,False
smartbugs,reentrancy/0x561eac93c92360949ab1f1403323e6db345cbf31,reentrancy,90,mut,call_swap,greedy,0.0,0.0,False,False,False
smartbugs,reentrancy/0x561eac93c92360949ab1f1403323e6db345cbf31,reentrancy,91,mut,arg_shuffle,greedy,0.0,0.3636,False,False,False
smartbugs,reentrancy/0x561eac93c92360949ab1f1403323e6db345cbf31,reentrancy,92,mut,arg_shuffle,greedy,0.0,0.0,False,False,False
smartbugs,reentrancy/0x561eac93c92360949ab1f1403323e6db345cbf31,reentrancy,93,mut,arg_shuffle,greedy,0.0,0.0,False,False,False
smartbugs,reentrancy/0x561eac93c92360949ab1f1403323e6db345cbf31,reentrancy,94,mut,arg_shuffle,greedy,0.0,0.0,False,False,False
smartbugs,reentrancy/0x561eac93c92360949ab1f1403323e6db345cbf31,reentrancy,95,gen,arithmetic_probe,greedy,0.0,0.0,False,False,False
smartbugs,reentrancy/0x561eac93c92360949ab1f1403323e6db345cbf31,reentrancy,96,gen,price_oracle_probe,greedy,0.0,0.0,False,False,False
smartbugs,reentrancy/0x561eac93c92360949ab1f1403323e6db345cbf31,reentrancy,97,mut,call_insert,greedy,0.0,0.0,False,False,False
smartbugs,reentrancy/0x561eac93c92360949ab1f1403323e6db345cbf31,reentrancy,98,mut,value_perturb,greedy,0.0,0.0,False,False,False
smartbugs,reentrancy/0x561eac93c92360949ab1f1403323e6db345cbf31,reentrancy,99,gen,logic_error_probe,greedy,0.0,0.3636,False,False,False
smartbugs,reentrancy/0x7a8721a9d64c74da899424c1b52acbf58ddc9782,reentrancy,0,gen,reentrancy_probe,random,22.0,4.4,False,False,False
smartbugs,reentrancy/0x7a8721a9d64c74da899424c1b52acbf58ddc9782,reentrancy,1,gen,arithmetic_probe,random,2.0,4.2,False,False,False
smartbugs,reentrancy/0x7a8721a9d64c74da899424c1b52acbf58ddc9782,reentrancy,2,gen,access_control_probe,random,0.0,2.4,False,False,False
smartbugs,reentrancy/0x7a8721a9d64c74da899424c1b52acbf58ddc9782,reentrancy,3,gen,price_oracle_probe,greedy,0.0,2.4,False,False,False
smartbugs,reentrancy/0x7a8721a9d64c74da899424c1b52acbf58ddc9782,reentrancy,4,gen,logic_error_probe,greedy,0.0,1.8,False,False,False
smartbugs,reentrancy/0x7a8721a9d64c74da899424c1b52acbf58ddc9782,reentrancy,5,mut,value_perturb,greedy,0.0,2.4,False,False,False
smartbugs,reentrancy/0x7a8721a9d64c74da899424c1b52acbf58ddc9782,reentrancy,6,mut,call_insert,greedy,4.0,4.2,False,False,False
smartbugs,reentrancy/0x7a8721a9d64c74da899424c1b52acbf58ddc9782,reentrancy,7,mut,call_swap,random,0.0,1.8,False,False,False
smartbugs,reentrancy/0x7a8721a9d64c74da899424c1b52acbf58ddc9782,reentrancy,8,mut,arg_shuffle,greedy,0.0,4.2,False,False,False
smartbugs,reentrancy/0x7a8721a9d64c74da899424c1b52acbf58ddc9782,reentrancy,9,gen,reentrancy_probe,greedy,0.0,0.0,False,False,False
smartbugs,reentrancy/0x7a8721a9d64c74da899424c1b52acbf58ddc9782,reentrancy,10,gen,arithmetic_probe,greedy,0.0,0.0,False,False,False
smartbugs,reentrancy/0x7a8721a9d64c74da899424c1b52acbf58ddc9782,reentrancy,11,gen,access_control_probe,greedy,0.0,0.4,False,False,False
smartbugs,reentrancy/0x7a8721a9d64c74da899424c1b52acbf58ddc9782,reentrancy,12,gen,price_oracle_probe,greedy,0.0,0.0,False,False,False
smartbugs,reentrancy/0x7a8721a9d64c74da899424c1b52acbf58ddc9782,reentrancy,13,gen,logic_error_probe,greedy,0.0,0.0,False,False,False
smartbugs,reentrancy/0x7a8721a9d64c74da899424c1b52acbf58ddc9782,reentrancy,14,mut,value_perturb,greedy,0.0,2.0,False,False,False
smartbugs,reentrancy/0x7a8721a9d64c74da899424c1b52acbf58ddc9782,reentrancy,15,mut,call_insert,greedy,0.0,0.0,False,False,False
smartbugs,reentrancy/0x7a8721a9d64c74da899424c1b52acbf58ddc9782,reentrancy,16,mut,call_swap,greedy,0.0,1.6,False,False,False
smartbugs,reentrancy/0x7a8721a9d64c74da899424c1b52acbf58ddc9782,reentrancy,17,mut,arg_shuffle,greedy,0.0,0.0,False,False,False
smartbugs,reentrancy/0x7a8721a9d64c74da899424c1b52acbf58ddc9782,reentrancy,18,mut,value_perturb,greedy,0.0,0.0,False,False,False
smartbugs,reentrancy/0x7a8721a9d64c74da899424c1b52acbf58ddc9782,reentrancy,19,mut,call_swap,greedy,0.0,0.4,False,False,False
smartbugs,reentrancy/0x7a8721a9d64c74da899424c1b52acbf58ddc9782,reentrancy,20,gen,reentrancy_probe,greedy,0.0,0.0,False,False,False
smartbugs,reentrancy/0x7a8721a9d64c74da899424c1b52acbf58ddc9782,reentrancy,21,gen,arithmetic_probe,greedy,0.0,0.0,False,False,False
smartbugs,reentrancy/0x7a8721a9d64c74da899424c1b52acbf58ddc9782,reentrancy,22,mut,call_insert,greedy,0.0,0.8,False,False,False
smartbugs,reentrancy/0x7a8721a9d64c74da899424c1b52acbf58ddc9782,reentrancy,23,gen,arithmetic_probe,greedy,0.0,0.0,False,False,False
smartbugs,reentrancy/0x7a8721a9d64c74da899424c1b52acbf58ddc9782,reentrancy,24,mut,arg_shuffle,greedy,0.0,0.0,False,False,False
smartbugs,reentrancy/0x7a8721a9d64c74da899424c1b52acbf58ddc9782,reentrancy,25,mut,call_insert,greedy,0.0,0.0,False,False,False
smartbugs,reentrancy/0x7a8721a9d64c74da899424c1b52acbf58ddc9782,reentrancy,26,mut,value_perturb,greedy,0.0,0.2,False,False,False
smartbugs,reentrancy/0x7a8721a9d64c74da899424c1b52acbf58ddc9782,reentrancy,27,mut,call_swap,greedy,0.0,0.0,False,False,False
smartbugs,reentrancy/0x7a8721a9d64c74da899424c1b52acbf58ddc9782,reentrancy,28,gen,access_control_probe,greedy,0.0,0.0,False,False,False
smartbugs,reentrancy/0x7a8721a9d64c74da899424c1b52acbf58ddc9782,reentrancy,29,gen,price_oracle_probe,greedy,0.0,0.0,False,False,False
smartbugs,reentrancy/0x7a8721a9d64c74da899424c1b52acbf58ddc9782,reentrancy,30,gen,reentrancy_probe,greedy,0.0,0.0,False,False,False
smartbugs,reentrancy/0x7a8721a9d64c74da899424c1b52acbf58ddc9782,reentrancy,31,gen,arithmetic_probe,greedy,0.0,0.0,False,False,False
smartbugs,reentrancy/0x7a8721a9d64c74da899424c1b52acbf58ddc9782,reentrancy,32,mut,call_swap,greedy,0.0,0.6,False,False,False
smartbugs,reentrancy/0x7a8721a9d64c74da899424c1b52acbf58ddc9782,reentrancy,33,mut,arg_shuffle,greedy,0.0,0.0,False,False,False
smartbugs,reentrancy/0x7a8721a9d64c74da899424c1b52acbf58ddc9782,reentrancy,34,mut,value_perturb,greedy,0.0,0.0,False,False,False
smartbugs,reentrancy/0x7a8721a9d64c74da899424c1b52acbf58ddc9782,reentrancy,35,mut,call_insert,random,0.0,0.2,False,False,False
smartbugs,reentrancy/0x7a8721a9d64c74da899424c1b52acbf58ddc9782,reentrancy,36,gen,logic_error_probe,random,0.0,2.8,False,False,False
smartbugs,reentrancy/0x7a8721a9d64c74da899424c1b52acbf58ddc9782,reentrancy,37,gen,logic_error_probe,greedy,0.0,0.0,False,False,False
smartbugs,reentrancy/0x7a8721a9d64c74da899424c1b52acbf58ddc9782,reentrancy,38,gen,logic_error_probe,greedy,0.0,0.0,False,False,False
smartbugs,reentrancy/0x7a8721a9d64c74da899424c1b52acbf58ddc9782,reentrancy,39,gen,access_control_probe,greedy,0.0,0.0,False,False,False
smartbugs,reentrancy/0x7a8721a9d64c74da899424c1b52acbf58ddc9782,reentrancy,40,mut,call_insert,greedy,0.0,0.0,False,False,False
smartbugs,reentrancy/0x7a8721a9d64c74da899424c1b52acbf58ddc9782,reentrancy,41,gen,price_oracle_probe,greedy,0.0,0.0,False,False,False
smartbugs,reentrancy/0x7a8721a9d64c74da899424c1b52acbf58ddc9782,reentrancy,42,gen,price_oracle_probe,greedy,0.0,0.0,False,False,False
smartbugs,reentrancy/0x7a8721a9d64c74da899424c1b52acbf58ddc9782,reentrancy,43,gen,reentrancy_probe,greedy,0.0,0.0,False,False,False
smartbugs,reentrancy/0x7a8721a9d64c74da899424c1b52acbf58ddc9782,reentrancy,44,mut,arg_shuffle,greedy,0.0,0.0,False,False,False
smartbugs,reentrancy/0x7a8721a9d64c74da899424c1b52acbf58ddc9782,reentrancy,45,mut,call_swap,greedy,0.0,0.0,False,False,False
smartbugs,reentrancy/0x7a8721a9d64c74da899424c1b52acbf58ddc9782,reentrancy,46,gen,access_control_probe,greedy,0.0,0.8,False,False,False
smartbugs,reentrancy/0x7a8721a9d64c74da899424c1b52acbf58ddc9782,reentrancy,47,gen,reentrancy_probe,greedy,0.0,0.0,False,False,False
smartbugs,reentrancy/0x7a8721a9d64c74da899424c1b52acbf58ddc9782,reentrancy,48,gen,arithmetic_probe,greedy,0.0,0.0,False,False,False
smartbugs,reentrancy/0x7a8721a9d64c74da899424c1b52acbf58ddc9782,reentrancy,49,gen,logic_error_probe,random,0.0,0.0,False,False,False
smartbugs,reentrancy/0x7a8721a9d64c74da899424c1b52acbf58ddc9782,reentrancy,50,gen,logic_error_probe,greedy,0.0,0.0,False,False,False
smartbugs,reentrancy/0x7a8721a9d64c74da899424c1b52acbf58ddc9782,reentrancy,51,mut,call_swap,random,0.0,0.0,False,False,False
smartbugs,reentrancy/0x7a8721a9d64c74da899424c1b52acbf58ddc9782,reentrancy,52,mut,value_perturb,greedy,0.0,0.0,False,False,False
smartbugs,reentrancy/0x7a8721a9d64c74da899424c1b52acbf58ddc9782,reentrancy,53,gen,logic_error_probe,greedy,0.0,0.0,False,False,False
smartbugs,reentrancy/0x7a8721a9d64c74da899424c1b52acbf58ddc9782,reentrancy,54,mut,call_insert,greedy,0.0,0.0,False,False,False
smartbugs,reentrancy/0x7a8721a9d64c74da899424c1b52acbf58ddc9782,reentrancy,55,gen,price_oracle_probe,greedy,0.0,0.0,False,False,False
smartbugs,reentrancy/0x7a8721a9d64c74da899424c1b52acbf58ddc9782,reentrancy,56,gen,logic_error_probe,greedy,0.0,0.0,False,False,False
smartbugs,reentrancy/0x7a8721a9d64c74da899424c1b52acbf58ddc9782,reentrancy,57,gen,access_control_probe,greedy,0.0,0.0,False,False,False
smartbugs,reentrancy/0x7a8721a9d64c74da899424c1b52acbf58ddc9782,reentrancy,58,gen,access_control_probe,greedy,0.0,0.0,False,False,False
smartbugs,reentrancy/0x7a8721a9d64c74da899424c1b52acbf58ddc9782,reentrancy,59,mut,arg_shuffle,greedy,0.0,1.0,False,False,False
smartbugs,reentrancy/0x7a8721a9d64c74da899424c1b52acbf58ddc9782,reentrancy,60,mut,arg_shuffle,greedy,0.0,0.0,False,False,False
smartbugs,reentrancy/0x7a8721a9d64c74da899424c1b52acbf58ddc9782,reentrancy,61,mut,arg_shuffle,greedy,0.0,0.0,False,False,False
smartbugs,reentrancy/0x7a8721a9d64c74da899424c1b52acbf58ddc9782,reentrancy,62,mut,arg_shuffle,greedy,0.0,0.0,False,False,False
smartbugs,reentrancy/0x7a8721a9d64c74da899424c1b52acbf58ddc9782,reentrancy,63,mut,arg_shuffle,greedy,0.0,0.0,False,False,False
smartbugs,reentrancy/0x7a8721a9d64c74da899424c1b52acbf58ddc9782,reentrancy,64,mut,call_swap,greedy,0.0,0.0,False,False,False
smartbugs,reentrancy/0x7a8721a9d64c74da899424c1b52acbf58ddc9782,reentrancy,65,gen,access_control_probe,greedy,0.0,0.6,False,False,False
smartbugs,reentrancy/0x7a8721a9d64c74da899424c1b52acbf58ddc9782,reentrancy,66,gen,access_control_probe,greedy,0.0,0.0,False,False,False
smartbugs,reentrancy/0x7a8721a9d64c74da899424c1b52acbf58ddc9782,reentrancy,67,gen,access_control_probe,greedy,0.0,0.0,False,False,False
smartbugs,reentrancy/0x7a8721a9d64c74da899424c1b52acbf58ddc9782,reentrancy,68,mut,value_perturb,greedy,0.0,0.6,False,False,False
smartbugs,reentrancy/0x7a8721a9d64c74da899424c1b52acbf58ddc9782,reentrancy,69,mut,value_perturb,greedy,0.0,0.0,False,False,False
smartbugs,reentrancy/0x7a8721a9d64c74da899424c1b52acbf58ddc9782,reentrancy,70,mut,value_perturb,greedy,0.0,0.0,False,False,False
smartbugs,reentrancy/0x7a8721a9d64c74da899424c1b52acbf58ddc9782,reentrancy,71,mut,value_perturb,greedy,0.0,0.0,False,False,False
smartbugs,reentrancy/0x7a8721a9d64c74da899424c1b52acbf58ddc9782,reentrancy,72,mut,call_insert,greedy,0.0,0.0,False,False,False
smartbugs,reentrancy/0x7a8721a9d64c74da899424c1b52acbf58ddc9782,reentrancy,73,mut,call_swap,greedy,0.0,0.0,False,False,False
smartbugs,reentrancy/0x7a8721a9d64c74da899424c1b52acbf58ddc9782,reentrancy,74,gen,reentrancy_probe,greedy,0.0,0.0,False,False,False
smartbugs,reentrancy/0x7a8721a9d64c74da899424c1b52acbf58ddc9782,reentrancy,75,gen,arithmetic_probe,greedy,0.0,0.0,False,False,False
smartbugs,reentrancy/0x7a8721a9d64c74da899424c1b52acbf58ddc9782,reentrancy,76,mut,call_insert,greedy,0.0,0.0,False,False,False
smartbugs,reentrancy/0x7a8721a9d64c74da899424c1b52acbf58ddc9782,reentrancy,77,gen,reentrancy_probe,greedy,0.0,0.0,False,False,False
smartbugs,reentrancy/0x7a8721a9d64c74da899424c1b52acbf58ddc9782,reentrancy,78,gen,access_control_probe,greedy,0.0,0.0,False,False,False
smartbugs,reentrancy/0x7a8721a9d64c74da899424c1b52acbf58ddc9782,reentrancy,79,gen,access_control_probe,greedy,0.0,0.0,False,False,False
smartbugs,reentrancy/0x7a8721a9d64c74da899424c1b52acbf58ddc9782,reentrancy,80,gen,price_oracle_probe,greedy,0.0,0.4,False,False,False
smartbugs,reentrancy/0x7a8721a9d64c74da899424c1b52acbf58ddc9782,reentrancy,81,mut,call_swap,greedy,0.0,0.0,False,False,False
smartbugs,reentrancy/0x7a8721a9d64c74da899424c1b52acbf58ddc9782,reentrancy,82,gen,access_control_probe,greedy,0.0,0.0,False,False,False
smartbugs,reentrancy/0x7a8721a9d64c74da899424c1b52acbf58ddc9782,reentrancy,83,gen,price_oracle_probe,greedy,0.0,0.0,False,False,False
smartbugs,reentrancy/0x7a8721a9d64c74da899424c1b52acbf58ddc9782,reentrancy,84,gen,price_oracle_probe,random,0.0,1.4,False,False,False
smartbugs,reentrancy/0x7a8721a9d64c74da899424c1b52acbf58ddc9782,reentrancy,85,gen,price_oracle_probe,greedy,0.0,0.0,False,False,False
smartbugs,reentrancy/0x7a8721a9d64c74da899424c1b52acbf58ddc9782,reentrancy,86,mut,value_perturb,greedy,0.0,0.0,False,False,False
smartbugs,reentrancy/0x7a8721a9d64c74da899424c1b52acbf58ddc9782,reentrancy,87,gen,arithmetic_probe,greedy,0.0,0.0,False,False,False
smartbugs,reentrancy/0x7a8721a9d64c74da899424c1b52acbf58ddc9782,reentrancy,88,mut,arg_shuffle,greedy,0.0,0.0,False,False,False
smartbugs,reentrancy/0x7a8721a9d64c74da899424c1b52acbf58ddc9782,reentrancy,89,gen,logic_error_probe,greedy,0.0,0.0,False,False,False
smartbugs,reentrancy/0x7a8721a9d64c74da899424c1b52acbf58ddc9782,reentrancy,90,mut,value_perturb,greedy,0.0,0.0,False,False,False
smartbugs,reentrancy/0x7a8721a9d64c74da899424c1b52acbf58ddc9782,reentrancy,91,mut,call_insert,greedy,0.0,0.0,False,False,False
smartbugs,reentrancy/0x7a8721a9d64c74da899424c1b52acbf58ddc9782,reentrancy,92,gen,reentrancy_probe,greedy,0.0,0.0,False,False,False
smartbugs,reentrancy/0x7a8721a9d64c74da899424c1b52acbf58ddc9782,reentrancy,93,mut,arg_shuffle,random,0.0,0.0,False,False,False
smartbugs,reentrancy/0x7a8721a9d64c74da899424c1b52acbf58ddc9782,reentrancy,94,gen,arithmetic_probe,random,0.0,0.0,False,False,False
smartbugs,reentrancy/0x7a8721a9d64c74da899424c1b52acbf58ddc9782,reentrancy,95,gen,access_control_probe,greedy,0.0,0.0,False,False,False
smartbugs,reentrancy/0x7a8721a9d64c74da899424c1b52acbf58ddc9782,reentrancy,96,gen,price_oracle_probe,random,0.0,0.0,False,False,False
smartbugs,reentrancy/0x7a8721a9d64c74da899424c1b52acbf58ddc9782,reentrancy,97,gen,price_oracle_probe,random,0.0,0.0,False,False,False
smartbugs,reentrancy/0x7a8721a9d64c74da899424c1b52acbf58ddc9782,reentrancy,98,gen,price_oracle_probe,greedy,0.0,0.0,False,False,False
smartbugs,reentrancy/0x7a8721a9d64c74da899424c1b52acbf58ddc9782,reentrancy,99,gen,arithmetic_probe,greedy,0.0,0.8,False,False,False
smartbugs,reentrancy/0x8c7777c45481dba411450c228cb692ac3d550344,reentrancy,0,gen,reentrancy_probe,greedy,7.0,2.0,False,False,False
smartbugs,reentrancy/0x8c7777c45481dba411450c228cb692ac3d550344,reentrancy,1,gen,arithmetic_probe,greedy,0.0,2.0,False,False,False
smartbugs,reentrancy/0x8c7777c45481dba411450c228cb692ac3d550344,reentrancy,2,gen,access_control_probe,greedy,0.0,2.0,False,False,False
smartbugs,reentrancy/0x8c7777c45481dba411450c228cb692ac3d550344,reentrancy,3,gen,price_oracle_probe,random,7.0,3.7143,False,False,False
smartbugs,reentrancy/0x8c7777c45481dba411450c228cb692ac3d550344,reentrancy,4,gen,logic_error_probe,greedy,0.0,2.0,False,False,False
smartbugs,reentrancy/0x8c7777c45481dba411450c228cb692ac3d550344,reentrancy,5,mut,value_perturb,random,0.0,2.0,False,False,False
smartbugs,reentrancy/0x8c7777c45481dba411450c228cb692ac3d550344,reentrancy,6,mut,call_insert,greedy,0.0,2.0,False,False,False
smartbugs,reentrancy/0x8c7777c45481dba411450c228cb692ac3d550344,reentrancy,7,mut,call_swap,random,0.0,3.7143,False,False,False
smartbugs,reentrancy/0x8c7777c45481dba411450c228cb692ac3d550344,reentrancy,8,mut,arg_shuffle,greedy,0.0,3.1429,False,False,False
smartbugs,reentrancy/0x8c7777c45481dba411450c228cb692ac3d550344,reentrancy,9,gen,reentrancy_probe,greedy,0.0,0.0,False,False,False
smartbugs,reentrancy/0x8c7777c45481dba411450c228cb692ac3d550344,reentrancy,10,gen,arithmetic_probe,greedy,0.0,0.0,False,False,False
smartbugs,reentrancy/0x8c7777c45481dba411450c228cb692ac3d550344,reentrancy,11,gen,access_control_probe,greedy,0.0,0.0,False,False,False
smartbugs,reentrancy/0x8c7777c45481dba411450c228cb692ac3d550344,reentrancy,12,gen,price_oracle_probe,greedy,0.0,0.2857,False,False,False
smartbugs,reentrancy/0x8c7777c45481dba411450c228cb692ac3d550344,reentrancy,13,gen,logic_error_probe,greedy,0.0,0.0,False,False,False
smartbugs,reentrancy/0x8c7777c45481dba411450c228cb692ac3d550344,reentrancy,14,mut,value_perturb,greedy,0.0,0.8571,False,False,False
smartbugs,reentrancy/0x8c7777c45481dba411450c228cb692ac3d550344,reentrancy,15,mut,call_insert,greedy,0.0,0.5714,False,False,False
smartbugs,reentrancy/0x8c7777c45481dba411450c228cb692ac3d550344,reentrancy,16,mut,call_swap,greedy,4.0,1.1429,False,False,False
smartbugs,reentrancy/0x8c7777c45481dba411450c228cb692ac3d550344,reentrancy,17,mut,arg_shuffle,greedy,0.0,0.0,False,False,False
smartbugs,reentrancy/0x8c7777c45481dba411450c228cb692ac3d550344,reentrancy,18,mut,call_swap,greedy,0.0,0.2857,False,False,False
smartbugs,reentrancy/0x8c7777c45481dba411450c228cb692ac3d550344,reentrancy,19,gen,price_oracle_probe,random,2.0,0.5714,False,False,False
smartbugs,reentrancy/0x8c7777c45481dba411450c228cb692ac3d550344,reentrancy,20,mut,value_perturb,greedy,0.0,0.0,False,False,False
smartbugs,reentrancy/0x8c7777c45481dba411450c228cb692ac3d550344,reentrancy,21,mut,call_swap,greedy,0.0,0.0,False,False,False
smartbugs,reentrancy/0x8c7777c45481dba411450c228cb692ac3d550344,reentrancy,22,gen,price_oracle_probe,greedy,0.0,0.0,False,False,False
smartbugs,reentrancy/0x8c7777c45481dba411450c228cb692ac3d550344,reentrancy,23,mut,call_insert,greedy,0.0,0.8571,False,False,False
smartbugs,reentrancy/0x8c7777c45481dba411450c228cb692ac3d550344,reentrancy,24,mut,call_insert,greedy,0.0,0.0,False,False,False
smartbugs,reentrancy/0x8c7777c45481dba411450c228cb692ac3d550344,reentrancy,25,mut,arg_shuffle,random,0.0,2.0,False,False,False
smartbugs,reentrancy/0x8c7777c45481dba411450c228cb692ac3d550344,reentrancy,26,mut,arg_shuffle,greedy,0.0,0.0,False,False,False
smartbugs,reentrancy/0x8c7777c45481dba411450c228cb692ac3d550344,reentrancy,27,mut,arg_shuffle,greedy,0.0,0.0,False,False,False
smartbugs,reentrancy/0x8c7777c45481dba411450c228cb692ac3d550344,reentrancy,28,gen,reentrancy_probe,greedy,0.0,0.0,False,False,False
smartbugs,reentrancy/0x8c7777c45481dba411450c228cb692ac3d550344,reentrancy,29,gen,price_oracle_probe,random,0.0,0.0,False,False,False
smartbugs,reentrancy/0x8c7777c45481dba411450c228cb692ac3d550344,reentrancy,30,gen,arithmetic_probe,greedy,0.0,0.0,False,False,False
smartbugs,reentrancy/0x8c7777c45481dba411450c228cb692ac3d550344,reentrancy,31,gen,access_control_probe,greedy,0.0,0.0,False,False,False
smartbugs,reentrancy/0x8c7777c45481dba411450c228cb692ac3d550344,reentrancy,32,gen,logic_error_probe,greedy,0.0,0.0,False,False,False
smartbugs,reentrancy/0x8c7777c45481dba411450c228cb692ac3d550344,reentrancy,33,mut,value_perturb,greedy,0.0,0.0,False,False,False
smartbugs,reentrancy/0x8c7777c45481dba411450c228cb692ac3d550344,reentrancy,34,mut,call_swap,greedy,0.0,0.0,False,False,False
smartbugs,reentrancy/0x8c7777c45481dba411450c228cb692ac3d550344,reentrancy,35,mut,call_insert,greedy,0.0,0.0,False,False,False
smartbugs,reentrancy/0x8c7777c45481dba411450c228cb692ac3d550344,reentrancy,36,gen,reentrancy_probe,greedy,0.0,0.0,False,False,False
smartbugs,reentrancy/0x8c7777c45481dba411450c228cb692ac3d550344,reentrancy,37,gen,arithmetic_probe,greedy,0.0,0.0,False,False,False
smartbugs,reentrancy/0x8c7777c45481dba411450c228cb692ac3d550344,reentrancy,38,gen,arithmetic_probe,greedy,0.0,0.0,False,False,False
smartbugs,reentrancy/0x8c7777c45481dba411450c228cb692ac3d550344,reentrancy,39,gen,access_control_probe,greedy,0.0,0.0,False,False,False
smartbugs,reentrancy/0x8c7777c45481dba411450c228cb692ac3d550344,reentrancy,40,gen,logic_error_probe,greedy,0.0,1.4286,False,False,False
smartbugs,reentrancy/0x8c7777c45481dba411450c228cb692ac3d550344,reentrancy,41,gen,logic_error_probe,greedy,0.0,0.0,False,False,False
smartbugs,reentrancy/0x8c7777c45481dba411450c228cb692ac3d550344,reentrancy,42,mut,value_perturb,greedy,0.0,0.5714,False,False,False
smartbugs,reentrancy/0x8c7777c45481dba411450c228cb692ac3d550344,reentrancy,43,gen,access_control_probe,greedy,0.0,0.0,False,False,False
smartbugs,reentrancy/0x8c7777c45481dba411450c228cb692ac3d550344,reentrancy,44,mut,call_swap,greedy,0.0,0.0,False,False,False
smartbugs,reentrancy/0x8c7777c45481dba411450c228cb692ac3d550344,reentrancy,45,gen,price_oracle_probe,greedy,0.0,0.0,False,False,False
smartbugs,reentrancy/0x8c7777c45481dba411450c228cb692ac3d550344,reentrancy,46,gen,reentrancy_probe,greedy,0.0,0.0,False,False,False
smartbugs,reentrancy/0x8c7777c45481dba411450c228cb692ac3d550344,reentrancy,47,mut,arg_shuffle,greedy,0.0,0.5714,False,False,False
smartbugs,reentrancy/0x8c7777c45481dba411450c228cb692ac3d550344,reentrancy,48,mut,arg_shuffle,greedy,0.0,0.0,False,False,False
smartbugs,reentrancy/0x8c7777c45481dba411450c228cb692ac3d550344,reentrancy,49,mut,arg_shuffle,greedy,0.0,0.0,False,False,False
smartbugs,reentrancy/0x8c7777c45481dba411450c228cb692ac3d550344,reentrancy,50,mut,call_swap,greedy,0.0,0.0,False,False,False
smartbugs,reentrancy/0x8c7777c45481dba411450c228cb692ac3d550344,reentrancy,51,gen,price_oracle_probe,greedy,0.0,0.0,False,False,False
smartbugs,reentrancy/0x8c7777c45481dba411450c228cb692ac3d550344,reentrancy,52,gen,logic_error_probe,greedy,0.0,0.2857,False,False,False
smartbugs,reentrancy/0x8c7777c45481dba411450c228cb692ac3d550344,reentrancy,53,gen,logic_error_probe,greedy,0.0,0.0,False,False,False
smartbugs,reentrancy/0x8c7777c45481dba411450c228cb692ac3d550344,reentrancy,54,gen,logic_error_probe,greedy,0.0,0.0,False,False,False
smartbugs,reentrancy/0x8c7777c45481dba411450c228cb692ac3d550344,reentrancy,55,mut,call_insert,greedy,0.0,0.0,False,False,False
smartbugs,reentrancy/0x8c7777c45481dba411450c228cb692ac3d550344,reentrancy,56,gen,arithmetic_probe,greedy,0.0,0.5714,False,False,False
smartbugs,reentrancy/0x8c7777c45481dba411450c228cb692ac3d550344,reentrancy,57,gen,arithmetic_probe,random,0.0,0.5714,False,False,False
smartbugs,reentrancy/0x8c7777c45481dba411450c228cb692ac3d550344,reentrancy,58,gen,arithmetic_probe,greedy,0.0,0.0,False,False,False
smartbugs,reentrancy/0x8c7777c45481dba411450c228cb692ac3d550344,reentrancy,59,gen,arithmetic_probe,greedy,0.0,0.0,False,False,False
smartbugs,reentrancy/0x8c7777c45481dba411450c228cb692ac3d550344,reentrancy,60,mut,value_perturb,greedy,0.0,0.0,False,False,False
smartbugs,reentrancy/0x8c7777c45481dba411450c228cb692ac3d550344,reentrancy,61,gen,arithmetic_probe,greedy,0.0,0.0,False,False,False
smartbugs,reentrancy/0x8c7777c45481dba411450c228cb692ac3d550344,reentrancy,62,gen,logic_error_probe,greedy,0.0,0.0,False,False,False
smartbugs,reentrancy/0x8c7777c45481dba411450c228cb692ac3d550344,reentrancy,63,mut,value_perturb,greedy,0.0,0.0,False,False,False
smartbugs,reentrancy/0x8c7777c45481dba411450c228cb692ac3d550344,reentrancy,64,mut,arg_shuffle,greedy,0.0,0.0,False,False,False
smartbugs,reentrancy/0x8c7777c45481dba411450c228cb692ac3d550344,reentrancy,65,gen,reentrancy_probe,greedy,0.0,0.0,False,False,False
smartbugs,reentrancy/0x8c7777c45481dba411450c228cb692ac3d550344,reentrancy,66,gen,price_oracle_probe,greedy,0.0,0.0,False,False,False
smartbugs,reentrancy/0x8c7777c45481dba411450c228cb692ac3d550344,reentrancy,67,mut,call_insert,random,0.0,1.1429,False,False,False
smartbugs,reentrancy/0x8c7777c45481dba411450c228cb692ac3d550344,reentrancy,68,mut,call_insert,greedy,0.0,0.5714,False,False,False
smartbugs,reentrancy/0x8c7777c45481dba411450c228cb692ac3d550344,reentrancy,69,mut,call_insert,greedy,0.0,0.0,False,False,False
smartbugs,reentrancy/0x8c7777c45481dba411450c228cb692ac3d550344,reentrancy,70,mut,call_insert,greedy,0.0,0.0,False,False,False
smartbugs,reentrancy/0x8c7777c45481dba411450c228cb692ac3d550344,reentrancy,71,mut,value_perturb,greedy,0.0,0.0,False,False,False
smartbugs,reentrancy/0x8c7777c45481dba411450c228cb692ac3d550344,reentrancy,72,mut,arg_shuffle,greedy,0.0,0.0,False,False,False
smartbugs,reentrancy/0x8c7777c45481dba411450c228cb692ac3d550344,reentrancy,73,gen,access_control_probe,greedy,0.0,0.0,False,False,False
smartbugs,reentrancy/0x8c7777c45481dba411450c228cb692ac3d550344,reentrancy,74,gen,logic_error_probe,greedy,0.0,0.0,False,False,False
smartbugs,reentrancy/0x8c7777c45481dba411450c228cb692ac3d550344,reentrancy,75,mut,call_swap,greedy,0.0,0.0,False,False,False
smartbugs,reentrancy/0x8c7777c45481dba411450c228cb692ac3d550344,reentrancy,76,gen,arithmetic_probe,greedy,0.0,0.0,False,False,False
smartbugs,reentrancy/0x8c7777c45481dba411450c228cb692ac3d550344,reentrancy,77,mut,call_swap,greedy,0.0,0.0,False,False,False
smartbugs,reentrancy/0x8c7777c45481dba411450c228cb692ac3d550344,reentrancy,78,mut,value_perturb,greedy,0.0,0.0,False,False,False
smartbugs,reentrancy/0x8c7777c45481dba411450c228cb692ac3d550344,reentrancy,79,gen,reentrancy_probe,greedy,0.0,0.0,False,False,False
smartbugs,reentrancy/0x8c7777c45481dba411450c228cb692ac3d550344,reentrancy,80,gen,access_control_probe,greedy,0.0,0.0,False,False,False
smartbugs,reentrancy/0x8c7777c45481dba411450c228cb692ac3d550344,reentrancy,81,gen,reentrancy_probe,greedy,0.0,0.0,False,False,False
smartbugs,reentrancy/0x8c7777c45481dba411450c228cb692ac3d550344,reentrancy,82,mut,call_insert,greedy,0.0,0.0,False,False,False
smartbugs,reentrancy/0x8c7777c45481dba411450c228cb692ac3d550344,reentrancy,83,mut,call_insert,random,0.0,0.0,False,False,False
smartbugs,reentrancy/0x8c7777c45481dba411450c228cb692ac3d550344,reentrancy,84,mut,call_insert,greedy,0.0,0.0,False,False,False
smartbugs,reentrancy/0x8c7777c45481dba411450c228cb692ac3d550344,reentrancy,85,gen,arithmetic_probe,greedy,0.0,0.0,False,False,False
smartbugs,reentrancy/0x8c7777c45481dba411450c228cb692ac3d550344,reentrancy,86,gen,price_oracle_probe,greedy,0.0,0.0,False,False,False
smartbugs,reentrancy/0x8c7777c45481dba411450c228cb692ac3d550344,reentrancy,87,mut,value_perturb,greedy,0.0,0.0,False,False,False
smartbugs,reentrancy/0x8c7777c45481dba411450c228cb692ac3d550344,reentrancy,88,mut,arg_shuffle,greedy,0.0,0.0,False,False,False
smartbugs,reentrancy/0x8c7777c45481dba411450c228cb692ac3d550344,reentrancy,89,mut,call_insert,random,0.0,0.0,False,False,False
smartbugs,reentrancy/0x8c7777c45481dba411450c228cb692ac3d550344,reentrancy,90,gen,access_control_probe,greedy,0.0,0.0,False,False,False
smartbugs,reentrancy/0x8c7777c45481dba411450c228cb692ac3d550344,reentrancy,91,gen,logic_error_probe,greedy,0.0,0.0,False,False,False
smartbugs,reentrancy/0x8c7777c45481dba411450c228cb692ac3d550344,reentrancy,92,mut,call_swap,greedy,0.0,0.0,False,False,False
smartbugs,reentrancy/0x8c7777c45481dba411450c228cb692ac3d550344,reentrancy,93,gen,arithmetic_probe,greedy,0.0,0.0,False,False,False
smartbugs,reentrancy/0x8c7777c45481dba411450c228cb692ac3d550344,reentrancy,94,gen,price_oracle_probe,random,0.0,0.0,False,False,False
smartbugs,reentrancy/0x8c7777c45481dba411450c228cb692ac3d550344,reentrancy,95,mut,arg_shuffle,greedy,0.0,0.0,False,False,False
smartbugs,reentrancy/0x8c7777c45481dba411450c228cb692ac3d550344,reentrancy,96,mut,call_insert,greedy,0.0,0.0,False,False,False
smartbugs,reentrancy/0x8c7777c45481dba411450c228cb692ac3d550344,reentrancy,97,gen,reentrancy_probe,greedy,0.0,0.0,False,False,False
smartbugs,reentrancy/0x8c7777c45481dba411450c228cb692ac3d550344,reentrancy,98,gen,access_control_probe,greedy,0.0,0.0,False,False,False
smartbugs,reentrancy/0x8c7777c45481dba411450c228cb692ac3d550344,reentrancy,99,gen,logic_error_probe,greedy,0.0,0.0,False,False,False
smartbugs,reentrancy/0x96edbe868531bd23a6c05e9d0c424ea64fb1b78b,reentrancy,0,gen,reentrancy_probe,random,21.0,3.5,False,False,False
smartbugs,reentrancy/0x96edbe868531bd23a6c05e9d0c424ea64fb1b78b,reentrancy,1,gen,arithmetic_probe,greedy,7.0,2.5,False,False,False
smartbugs,reentrancy/0x96edbe868531bd23a6c05e9d0c424ea64fb1b78b,reentrancy,2,gen,access_control_probe,greedy,0.0,1.6667,False,False,False
smartbugs,reentrancy/0x96edbe868531bd23a6c05e9d0c424ea64fb1b78b,reentrancy,3,gen,price_oracle_probe,greedy,2.0,2.3333,False,False,False
smartbugs,reentrancy/0x96edbe868531bd23a6c05e9d0c424ea64fb1b78b,reentrancy,4,gen,logic_error_probe,greedy,0.0,2.6667,False,False,False
smartbugs,reentrancy/0x96edbe868531bd23a6c05e9d0c424ea64fb1b78b,reentrancy,5,mut,value_perturb,greedy,0.0,2.6667,False,False,False
smartbugs,reentrancy/0x96edbe868531bd23a6c05e9d0c424ea64fb1b78b,reentrancy,6,mut,call_insert,greedy,1.0,3.6667,False,False,False
smartbugs,reentrancy/0x96edbe868531bd23a6c05e9d0c424ea64fb1b78b,reentrancy,7,mut,call_swap,random,0.0,2.0,False,False,False
smartbugs,reentrancy/0x96edbe868531bd23a6c05e9d0c424ea64fb1b78b,reentrancy,8,mut,arg_shuffle,greedy,0.0,1.3333,False,False,False
smartbugs,reentrancy/0x96edbe868531bd23a6c05e9d0c424ea64fb1b78b,reentrancy,9,gen,reentrancy_probe,greedy,0.0,0.1667,False,False,False
smartbugs,reentrancy/0x96edbe868531bd23a6c05e9d0c424ea64fb1b78b,reentrancy,10,gen,arithmetic_probe,greedy,2.0,1.3333,False,False,False
smartbugs,reentrancy/0x96edbe868531bd23a6c05e9d0c424ea64fb1b78b,reentrancy,11,gen,access_control_probe,greedy,0.0,0.5,False,False,False
smartbugs,reentrancy/0x96edbe868531bd23a6c05e9d0c424ea64fb1b78b,reentrancy,12,gen,price_oracle_probe,random,3.0,2.6667,False,False,False
smartbugs,reentrancy/0x96edbe868531bd23a6c05e9d0c424ea64fb1b78b,reentrancy,13,gen,logic_error_probe,random,0.0,0.5,False,False,False
smartbugs,reentrancy/0x96edbe868531bd23a6c05e9d0c424ea64fb1b78b,reentrancy,14,mut,value_perturb,greedy,0.0,0.0,False,False,False
smartbugs,reentrancy/0x96edbe868531bd23a6c05e9d0c424ea64fb1b78b,reentrancy,15,mut,call_insert,greedy,0.0,1.1667,False,False,False
smartbugs,reentrancy/0x96edbe868531bd23a6c05e9d0c424ea64fb1b78b,reentrancy,16,mut,call_swap,greedy,0.0,1.6667,False,False,False
smartbugs,reentrancy/0x96edbe868531bd23a6c05e9d0c424ea64fb1b78b,reentrancy,17,mut,arg_shuffle,greedy,0.0,2.3333,False,False,False
smartbugs,reentrancy/0x96edbe868531bd23a6c05e9d0c424ea64fb1b78b,reentrancy,18,gen,price_oracle_probe,greedy,0.0,0.0,False,False,False
smartbugs,reentrancy/0x96edbe868531bd23a6c05e9d0c424ea64fb1b78b,reentrancy,19,mut,call_insert,random,0.0,1.1667,False,False,False
smartbugs,reentrancy/0x96edbe868531bd23a6c05e9d0c424ea64fb1b78b,reentrancy,20,mut,arg_shuffle,greedy,0.0,0.6667,False,False,False
smartbugs,reentrancy/0x96edbe868531bd23a6c05e9d0c424ea64fb1b78b,reentrancy,21,mut,call_insert,greedy,0.0,0.0,False,False,False
smartbugs,reentrancy/0x96edbe868531bd23a6c05e9d0c424ea64fb1b78b,reentrancy,22,mut,call_swap,greedy,0.0,0.0,False,False,False
smartbugs,reentrancy/0x96edbe868531bd23a6c05e9d0c424ea64fb1b78b,reentrancy,23,gen,arithmetic_probe,random,0.0,2.1667,False,False,False
smartbugs,reentrancy/0x96edbe868531bd23a6c05e9d0c424ea64fb1b78b,reentrancy,24,gen,arithmetic_probe,greedy,0.0,0.0,False,False,False
smartbugs,reentrancy/0x96edbe868531bd23a6c05e9d0c424ea64fb1b78b,reentrancy,25,mut,arg_shuffle,greedy,0.0,0.1667,False,False,False
smartbugs,reentrancy/0x96edbe868531bd23a6c05e9d0c424ea64fb1b78b,reentrancy,26,gen,reentrancy_probe,greedy,0.0,0.0,False,False,False
smartbugs,reentrancy/0x96edbe868531bd23a6c05e9d0c424ea64fb1b78b,reentrancy,27,gen,price_oracle_probe,random,0.0,0.0,False,False,False
smartbugs,reentrancy/0x96edbe868531bd23a6c05e9d0c424ea64fb1b78b,reentrancy,28,gen,logic_error_probe,greedy,0.0,0.0,False,False,False
smartbugs,reentrancy/0x96edbe868531bd23a6c05e9d0c424ea64fb1b78b,reentrancy,29,gen,arithmetic_probe,greedy,0.0,0.0,False,False,False
smartbugs,reentrancy/0x96edbe868531bd23a6c05e9d0c424ea64fb1b78b,reentrancy,30,gen,access_control_probe,greedy,0.0,0.0,False,False,False
smartbugs,reentrancy/0x96edbe868531bd23a6c05e9d0c424ea64fb1b78b,reentrancy,31,mut,value_perturb,random,0.0,1.1667,False,False,False
smartbugs,reentrancy/0x96edbe868531bd23a6c05e9d0c424ea64fb1b78b,reentrancy,32,gen,arithmetic_probe,greedy,0.0,0.0,False,False,False
smartbugs,reentrancy/0x96edbe868531bd23a6c05e9d0c424ea64fb1b78b,reentrancy,33,gen,logic_error_probe,greedy,0.0,0.3333,False,False,False
smartbugs,reentrancy/0x96edbe868531bd23a6c05e9d0c424ea64fb1b78b,reentrancy,34,mut,value_perturb,greedy,0.0,0.6667,False,False,False
smartbugs,reentrancy/0x96edbe868531bd23a6c05e9d0c424ea64fb1b78b,reentrancy,35,mut,value_perturb,greedy,0.0,0.0,False,False,False
smartbugs,reentrancy/0x96edbe868531bd23a6c05e9d0c424ea64fb1b78b,reentrancy,36,mut,call_insert,greedy,0.0,0.0,False,False,False
smartbugs,reentrancy/0x96edbe868531bd23a6c05e9d0c424ea64fb1b78b,reentrancy,37,mut,call_swap,random,0.0,1.1667,False,False,False
smartbugs,reentrancy/0x96edbe868531bd23a6c05e9d0c424ea64fb1b78b,reentrancy,38,mut,call_swap,greedy,0.0,0.8333,False,False,False
smartbugs,reentrancy/0x96edbe868531bd23a6c05e9d0c424ea64fb1b78b,reentrancy,39,mut,arg_shuffle,random,0.0,0.3333,False,False,False
smartbugs,reentrancy/0x96edbe868531bd23a6c05e9d0c424ea64fb1b78b,reentrancy,40,gen,reentrancy_probe,greedy,0.0,0.0,False,False,False
smartbugs,reentrancy/0x96edbe868531bd23a6c05e9d0c424ea64fb1b78b,reentrancy,41,gen,price_oracle_probe,greedy,0.0,0.0,False,False,False
smartbugs,reentrancy/0x96edbe868531bd23a6c05e9d0c424ea64fb1b78b,reentrancy,42,gen,logic_error_probe,greedy,0.0,0.6667,False,False,False
smartbugs,reentrancy/0x96edbe868531bd23a6c05e9d0c424ea64fb1b78b,reentrancy,43,gen,access_control_probe,greedy,0.0,0.8333,False,False,False
smartbugs,reentrancy/0x96edbe868531bd23a6c05e9d0c424ea64fb1b78b,reentrancy,44,gen,access_control_probe,greedy,0.0,0.0,False,False,False
smartbugs,reentrancy/0x96edbe868531bd23a6c05e9d0c424ea64fb1b78b,reentrancy,45,mut,call_insert,random,0.0,0.0,False,False,False
smartbugs,reentrancy/0x96edbe868531bd23a6c05e9d0c424ea64fb1b78b,reentrancy,46,gen,reentrancy_probe,greedy,0.0,0.0,False,False,False
smartbugs,reentrancy/0x96edbe868531bd23a6c05e9d0c424ea64fb1b78b,reentrancy,47,gen,price_oracle_probe,greedy,0.0,0.0,False,False,False
smartbugs,reentrancy/0x96edbe868531bd23a6c05e9d0c424ea64fb1b78b,reentrancy,48,gen,arithmetic_probe,greedy,0.0,0.0,False,False,False
smartbugs,reentrancy/0x96edbe868531bd23a6c05e9d0c424ea64fb1b78b,reentrancy,49,gen,reentrancy_probe,greedy,0.0,0.0,False,False,False
smartbugs,reentrancy/0x96edbe868531bd23a6c05e9d0c424ea64fb1b78b,reentrancy,50,mut,call_swap,greedy,0.0,0.0,False,False,False
smartbugs,reentrancy/0x96edbe868531bd23a6c05e9d0c424ea64fb1b78b,reentrancy,51,gen,price_oracle_probe,greedy,0.0,0.0,False,False,False
smartbugs,reentrancy/0x96edbe868531bd23a6c05e9d0c424ea64fb1b78b,reentrancy,52,mut,arg_shuffle,greedy,0.0,0.0,False,False,False
smartbugs,reentrancy/0x96edbe868531bd23a6c05e9d0c424ea64fb1b78b,reentrancy,53,gen,logic_error_probe,greedy,0.0,0.1667,False,False,False
smartbugs,reentrancy/0x96edbe868531bd23a6c05e9d0c424ea64fb1b78b,reentrancy,54,mut,call_swap,greedy,0.0,0.0,False,False,False
smartbugs,reentrancy/0x96edbe868531bd23a6c05e9d0c424ea64fb1b78b,reentrancy,55,gen,logic_error_probe,random,2.0,5.8333,False,False,False
smartbugs,reentrancy/0x96edbe868531bd23a6c05e9d0c424ea64fb1b78b,reentrancy,56,gen,logic_error_probe,greedy,0.0,0.0,False,False,False
smartbugs,reentrancy/0x96edbe868531bd23a6c05e9d0c424ea64fb1b78b,reentrancy,57,gen,logic_error_probe,greedy,0.0,0.0,False,False,False
smartbugs,reentrancy/0x96edbe868531bd23a6c05e9d0c424ea64fb1b78b,reentrancy,58,mut,call_insert,random,0.0,0.3333,False,False,False
smartbugs,reentrancy/0x96edbe868531bd23a6c05e9d0c424ea64fb1b78b,reentrancy,59,gen,logic_error_probe,greedy,0.0,0.3333,False,False,False
smartbugs,reentrancy/0x96edbe868531bd23a6c05e9d0c424ea64fb1b78b,reentrancy,60,gen,logic_error_probe,greedy,0.0,0.1667,False,False,False
smartbugs,reentrancy/0x96edbe868531bd23a6c05e9d0c424ea64fb1b78b,reentrancy,61,gen,logic_error_probe,greedy,0.0,0.0,False,False,False
smartbugs,reentrancy/0x96edbe868531bd23a6c05e9d0c424ea64fb1b78b,reentrancy,62,mut,call_insert,greedy,0.0,0.0,False,False,False
smartbugs,reentrancy/0x96edbe868531bd23a6c05e9d0c424ea64fb1b78b,reentrancy,63,mut,value_perturb,greedy,0.0,0.0,False,False,False
smartbugs,reentrancy/0x96edbe868531bd23a6c05e9d0c424ea64fb1b78b,reentrancy,64,gen,access_control_probe,greedy,0.0,0.3333,False,False,False
smartbugs,reentrancy/0x96edbe868531bd23a6c05e9d0c424ea64fb1b78b,reentrancy,65,gen,access_control_probe,greedy,0.0,0.0,False,False,False
smartbugs,reentrancy/0x96edbe868531bd23a6c05e9d0c424ea64fb1b78b,reentrancy,66,gen,access_control_probe,greedy,0.0,0.0,False,False,False
smartbugs,reentrancy/0x96edbe868531bd23a6c05e9d0c424ea64fb1b78b,reentrancy,67,mut,arg_shuffle,random,0.0,0.6667,False,False,False
smartbugs,reentrancy/0x96edbe868531bd23a6c05e9d0c424ea64fb1b78b,reentrancy,68,mut,call_insert,random,0.0,0.0,False,False,False
smartbugs,reentrancy/0x96edbe868531bd23a6c05e9d0c424ea64fb1b78b,reentrancy,69,mut,call_swap,greedy,0.0,0.0,False,False,False
smartbugs,reentrancy/0x96edbe868531bd23a6c05e9d0c424ea64fb1b78b,reentrancy,70,mut,arg_shuffle,greedy,0.0,0.0,False,False,False
smartbugs,reentrancy/0x96edbe868531bd23a6c05e9d0c424ea64fb1b78b,reentrancy,71,mut,arg_shuffle,greedy,0.0,0.0,False,False,False
smartbugs,reentrancy/0x96edbe868531bd23a6c05e9d0c424ea64fb1b78b,reentrancy,72,mut,value_perturb,greedy,0.0,1.0,False,False,False
smartbugs,reentrancy/0x96edbe868531bd23a6c05e9d0c424ea64fb1b78b,reentrancy,73,mut,value_perturb,greedy,0.0,0.0,False,False,False
smartbugs,reentrancy/0x96edbe868531bd23a6c05e9d0c424ea64fb1b78b,reentrancy,74,mut,value_perturb,greedy,0.0,0.5,False,False,False
smartbugs,reentrancy/0x96edbe868531bd23a6c05e9d0c424ea64fb1b78b,reentrancy,75,mut,value_perturb,greedy,0.0,0.0,False,False,False
smartbugs,reentrancy/0x96edbe868531bd23a6c05e9d0c424ea64fb1b78b,reentrancy,76,mut,arg_shuffle,greedy,0.0,0.0,False,False,False
smartbugs,reentrancy/0x96edbe868531bd23a6c05e9d0c424ea64fb1b78b,reentrancy,77,gen,logic_error_probe,greedy,0.0,0.0,False,False,False
smartbugs,reentrancy/0x96edbe868531bd23a6c05e9d0c424ea64fb1b78b,reentrancy,78,gen,access_control_probe,greedy,0.0,0.0,False,False,False
smartbugs,reentrancy/0x96edbe868531bd23a6c05e9d0c424ea64fb1b78b,reentrancy,79,mut,call_swap,greedy,0.0,0.0,False,False,False
smartbugs,reentrancy/0x96edbe868531bd23a6c05e9d0c424ea64fb1b78b,reentrancy,80,gen,logic_error_probe,greedy,0.0,0.0,False,False,False
smartbugs,reentrancy/0x96edbe868531bd23a6c05e9d0c424ea64fb1b78b,reentrancy,81,gen,arithmetic_probe,greedy,0.0,0.0,False,False,False
smartbugs,reentrancy/0x96edbe868531bd23a6c05e9d0c424ea64fb1b78b,reentrancy,82,mut,call_insert,greedy,0.0,0.0,False,False,False
smartbugs,reentrancy/0x96edbe868531bd23a6c05e9d0c424ea64fb1b78b,reentrancy,83,gen,reentrancy_probe,greedy,0.0,0.0,False,False,False
smartbugs,reentrancy/0x96edbe868531bd23a6c05e9d0c424ea64fb1b78b,reentrancy,84,gen,access_control_probe,greedy,0.0,0.6667,False,False,False
smartbugs,reentrancy/0x96edbe868531bd23a6c05e9d0c424ea64fb1b78b,reentrancy,85,gen,price_oracle_probe,greedy,0.0,0.0,False,False,False
smartbugs,reentrancy/0x96edbe868531bd23a6c05e9d0c424ea64fb1b78b,reentrancy,86,mut,value_perturb,greedy,0.0,0.0,False,False,False
smartbugs,reentrancy/0x96edbe868531bd23a6c05e9d0c424ea64fb1b78b,reentrancy,87,mut,value_perturb,greedy,0.0,0.0,False,False,False
smartbugs,reentrancy/0x96edbe868531bd23a6c05e9d0c424ea64fb1b78b,reentrancy,88,mut,arg_shuffle,random,0.0,0.0,False,False,False
smartbugs,reentrancy/0x96edbe868531bd23a6c05e9d0c424ea64fb1b78b,reentrancy,89,mut,call_swap,greedy,0.0,0.0,False,False,False
smartbugs,reentrancy/0x96edbe868531bd23a6c05e9d0c424ea64fb1b78b,reentrancy,90,gen,arithmetic_probe,greedy,0.0,0.0,False,False,False
smartbugs,reentrancy/0x96edbe868531bd23a6c05e9d0c424ea64fb1b78b,reentrancy,91,mut,call_insert,random,0.0,0.0,False,False,False
smartbugs,reentrancy/0x96edbe868531bd23a6c05e9d0c424ea64fb1b78b,reentrancy,92,mut,value_perturb,greedy,0.0,0.0,False,False,False
smartbugs,reentrancy/0x96edbe868531bd23a6c05e9d0c424ea64fb1b78b,reentrancy,93,gen,logic_error_probe,random,0.0,0.0,False,False,False
smartbugs,reentrancy/0x96edbe868531bd23a6c05e9d0c424ea64fb1b78b,reentrancy,94,gen,reentrancy_probe,greedy,0.0,0.0,False,False,False
smartbugs,reentrancy/0x96edbe868531bd23a6c05e9d0c424ea64fb1b78b,reentrancy,95,gen,access_control_probe,greedy,0.0,0.1667,False,False,False
smartbugs,reentrancy/0x96edbe868531bd23a6c05e9d0c424ea64fb1b78b,reentrancy,96,gen,access_control_probe,greedy,0.0,0.0,False,False,False
smartbugs,reentrancy/0x96edbe868531bd23a6c05e9d0c424ea64fb1b78b,reentrancy,97,mut,arg_shuffle,greedy,0.0,0.6667,False,False,False
smartbugs,reentrancy/0x96edbe868531bd23a6c05e9d0c424ea64fb1b78b,reentrancy,98,mut,arg_shuffle,greedy,0.0,0.0,False,False,False
smartbugs,reentrancy/0x96edbe868531bd23a6c05e9d0c424ea64fb1b78b,reentrancy,99,mut,arg_shuffle,random,0.0,0.0,False,False,False
smartbugs,reentrancy/0xaae1f51cf3339f18b6d3f3bdc75a5facd744b0b8,reentrancy,0,gen,reentrancy_probe,greedy,11.0,2.0,False,False,False
smartbugs,reentrancy/0xaae1f51cf3339f18b6d3f3bdc75a5facd744b0b8,reentrancy,1,gen,arithmetic_probe,greedy,3.0,2.0,False,False,False
smartbugs,reentrancy/0xaae1f51cf3339f18b6d3f3bdc75a5facd744b0b8,reentrancy,2,gen,access_control_probe,greedy,3.0,3.0909,False,False,False
smartbugs,reentrancy/0xaae1f51cf3339f18b6d3f3bdc75a5facd744b0b8,reentrancy,3,gen,price_oracle_probe,random,6.0,2.7273,False,False,False
smartbugs,reentrancy/0xaae1f51cf3339f18b6d3f3bdc75a5facd744b0b8,reentrancy,4,gen,logic_error_probe,random,2.0,1.8182,False,False,False
smartbugs,reentrancy/0xaae1f51cf3339f18b6d3f3bdc75a5facd744b0b8,reentrancy,5,mut,value_perturb,greedy,0.0,3.0909,False,False,False
smartbugs,reentrancy/0xaae1f51cf3339f18b6d3f3bdc75a5facd744b0b8,reentrancy,6,mut,call_insert,greedy,4.0,3.6364,False,False,False
smartbugs,reentrancy/0xaae1f51cf3339f18b6d3f3bdc75a5facd744b0b8,reentrancy,7,mut,call_swap,random,0.0,2.9091,False,False,False
smartbugs,reentrancy/0xaae1f51cf3339f18b6d3f3bdc75a5facd744b0b8,reentrancy,8,mut,arg_shuffle,greedy,0.0,2.9091,False,False,False
smartbugs,reentrancy/0xaae1f51cf3339f18b6d3f3bdc75a5facd744b0b8,reentrancy,9,gen,reentrancy_probe,random,4.0,2.3636,False,False,False
smartbugs,reentrancy/0xaae1f51cf3339f18b6d3f3bdc75a5facd744b0b8,reentrancy,10,gen,arithmetic_probe,greedy,0.0,0.0,False,False,False
smartbugs,reentrancy/0xaae1f51cf3339f18b6d3f3bdc75a5facd744b0b8,reentrancy,11,gen,access_control_probe,greedy,0.0,0.0,False,False,False
smartbugs,reentrancy/0xaae1f51cf3339f18b6d3f3bdc75a5facd744b0b8,reentrancy,12,gen,price_oracle_probe,greedy,0.0,0.3636,False,False,False
smartbugs,reentrancy/0xaae1f51cf3339f18b6d3f3bdc75a5facd744b0b8,reentrancy,13,gen,logic_error_probe,greedy,0.0,1.2727,False,False,False
smartbugs,reentrancy/0xaae1f51cf3339f18b6d3f3bdc75a5facd744b0b8,reentrancy,14,mut,value_perturb,greedy,0.0,0.9091,False,False,False
smartbugs,reentrancy/0xaae1f51cf3339f18b6d3f3bdc75a5facd744b0b8,reentrancy,15,mut,call_insert,greedy,0.0,0.1818,False,False,False
smartbugs,reentrancy/0xaae1f51cf3339f18b6d3f3bdc75a5facd744b0b8,reentrancy,16,mut,call_swap,greedy,0.0,0.3636,False,False,False
smartbugs,reentrancy/0xaae1f51cf3339f18b6d3f3bdc75a5facd744b0b8,reentrancy,17,mut,arg_shuffle,greedy,0.0,0.0,False,False,False
smartbugs,reentrancy/0xaae1f51cf3339f18b6d3f3bdc75a5facd744b0b8,reentrancy,18,mut,arg_shuffle,greedy,0.0,0.3636,False,False,False
smartbugs,reentrancy/0xaae1f51cf3339f18b6d3f3bdc75a5facd744b0b8,reentrancy,19,gen,reentrancy_probe,greedy,0.0,0.0,False,False,False
smartbugs,reentrancy/0xaae1f51cf3339f18b6d3f3bdc75a5facd744b0b8,reentrancy,20,gen,access_control_probe,greedy,0.0,0.0,False,False,False
smartbugs,reentrancy/0xaae1f51cf3339f18b6d3f3bdc75a5facd744b0b8,reentrancy,21,mut,value_perturb,greedy,0.0,0.7273,False,False,False
smartbugs,reentrancy/0xaae1f51cf3339f18b6d3f3bdc75a5facd744b0b8,reentrancy,22,gen,logic_error_probe,greedy,0.0,0.0,False,False,False
smartbugs,reentrancy/0xaae1f51cf3339f18b6d3f3bdc75a5facd744b0b8,reentrancy,23,gen,price_oracle_probe,greedy,0.0,0.5455,False,False,False
smartbugs,reentrancy/0xaae1f51cf3339f18b6d3f3bdc75a5facd744b0b8,reentrancy,24,mut,call_insert,greedy,0.0,0.0,False,False,False
smartbugs,reentrancy/0xaae1f51cf3339f18b6d3f3bdc75a5facd744b0b8,reentrancy,25,mut,value_perturb,greedy,0.0,0.0,False,False,False
smartbugs,reentrancy/0xaae1f51cf3339f18b6d3f3bdc75a5facd744b0b8,reentrancy,26,mut,call_swap,greedy,0.0,1.8182,False,False,False
smartbugs,reentrancy/0xaae1f51cf3339f18b6d3f3bdc75a5facd744b0b8,reentrancy,27,mut,call_swap,greedy,0.0,0.0,False,False,False
smartbugs,reentrancy/0xaae1f51cf3339f18b6d3f3bdc75a5facd744b0b8,reentrancy,28,mut,call_insert,greedy,0.0,0.3636,False,False,False
smartbugs,reentrancy/0xaae1f51cf3339f18b6d3f3bdc75a5facd744b0b8,reentrancy,29,gen,reentrancy_probe,greedy,0.0,0.0,False,False,False
smartbugs,reentrancy/0xaae1f51cf3339f18b6d3f3bdc75a5facd744b0b8,reentrancy,30,gen,price_oracle_probe,greedy,0.0,0.0,False,False,False
smartbugs,reentrancy/0xaae1f51cf3339f18b6d3f3bdc75a5facd744b0b8,reentrancy,31,mut,call_swap,greedy,0.0,0.0,False,False,False
smartbugs,reentrancy/0xaae1f51cf3339f18b6d3f3bdc75a5facd744b0b8,reentrancy,32,gen,logic_error_probe,random,1.0,5.8182,False,False,False
smartbugs,reentrancy/0xaae1f51cf3339f18b6d3f3bdc75a5facd744b0b8,reentrancy,33,gen,logic_error_probe,greedy,0.0,0.0,False,False,False
smartbugs,reentrancy/0xaae1f51cf3339f18b6d3f3bdc75a5facd744b0b8,reentrancy,34,gen,logic_error_probe,greedy,0.0,0.0,False,False,False
smartbugs,reentrancy/0xaae1f51cf3339f18b6d3f3bdc75a5facd744b0b8,reentrancy,35,gen,logic_error_probe,greedy,0.0,0.0,False,False,False
smartbugs,reentrancy/0xaae1f51cf3339f18b6d3f3bdc75a5facd744b0b8,reentrancy,36,mut,arg_shuffle,greedy,0.0,1.2727,False,False,False
smartbugs,reentrancy/0xaae1f51cf3339f18b6d3f3bdc75a5facd744b0b8,reentrancy,37,mut,arg_shuffle,greedy,0.0,0.0,False,False,False
smartbugs,reentrancy/0xaae1f51cf3339f18b6d3f3bdc75a5facd744b0b8,reentrancy,38,gen,arithmetic_probe,greedy,0.0,0.5455,False,False,False
smartbugs,reentrancy/0xaae1f51cf3339f18b6d3f3bdc75a5facd744b0b8,reentrancy,39,gen,arithmetic_probe,greedy,0.0,0.5455,False,False,False
smartbugs,reentrancy/0xaae1f51cf3339f18b6d3f3bdc75a5facd744b0b8,reentrancy,40,gen,arithmetic_probe,greedy,0.0,0.0,False,False,False
smartbugs,reentrancy/0xaae1f51cf3339f18b6d3f3bdc75a5facd744b0b8,reentrancy,41,mut,value_perturb,greedy,0.0,0.3636,False,False,False
smartbugs,reentrancy/0xaae1f51cf3339f18b6d3f3bdc75a5facd744b0b8,reentrancy,42,mut,call_insert,greedy,0.0,0.3636,False,False,False
smartbugs,reentrancy/0xaae1f51cf3339f18b6d3f3bdc75a5facd744b0b8,reentrancy,43,gen,reentrancy_probe,greedy,0.0,0.0,False,False,False
smartbugs,reentrancy/0xaae1f51cf3339f18b6d3f3bdc75a5facd744b0b8,reentrancy,44,gen,logic_error_probe,greedy,0.0,0.0,False,False,False
smartbugs,reentrancy/0xaae1f51cf3339f18b6d3f3bdc75a5facd744b0b8,reentrancy,45,mut,call_insert,greedy,0.0,0.7273,False,False,False
smartbugs,reentrancy/0xaae1f51cf3339f18b6d3f3bdc75a5facd744b0b8,reentrancy,46,gen,access_control_probe,greedy,0.0,0.0,False,False,False
smartbugs,reentrancy/0xaae1f51cf3339f18b6d3f3bdc75a5facd744b0b8,reentrancy,47,gen,price_oracle_probe,greedy,0.0,0.0,False,False,False
smartbugs,reentrancy/0xaae1f51cf3339f18b6d3f3bdc75a5facd744b0b8,reentrancy,48,gen,arithmetic_probe,greedy,0.0,0.0,False,False,False
smartbugs,reentrancy/0xaae1f51cf3339f18b6d3f3bdc75a5facd744b0b8,reentrancy,49,gen,logic_error_probe,greedy,0.0,0.0,False,False,False
smartbugs,reentrancy/0xaae1f51cf3339f18b6d3f3bdc75a5facd744b0b8,reentrancy,50,mut,arg_shuffle,greedy,0.0,0.0,False,False,False
smartbugs,reentrancy/0xaae1f51cf3339f18b6d3f3bdc75a5facd744b0b8,reentrancy,51,gen,reentrancy_probe,greedy,0.0,0.0,False,False,False
smartbugs,reentrancy/0xaae1f51cf3339f18b6d3f3bdc75a5facd744b0b8,reentrancy,52,mut,value_perturb,greedy,0.0,0.0,False,False,False
smartbugs,reentrancy/0xaae1f51cf3339f18b6d3f3bdc75a5facd744b0b8,reentrancy,53,gen,access_control_probe,greedy,0.0,0.0,False,False,False
smartbugs,reentrancy/0xaae1f51cf3339f18b6d3f3bdc75a5facd744b0b8,reentrancy,54,mut,arg_shuffle,greedy,0.0,0.0,False,False,False
smartbugs,reentrancy/0xaae1f51cf3339f18b6d3f3bdc75a5facd744b0b8,reentrancy,55,gen,price_oracle_probe,greedy,0.0,0.0,False,False,False
smartbugs,reentrancy/0xaae1f51cf3339f18b6d3f3bdc75a5facd744b0b8,reentrancy,56,mut,call_insert,greedy,0.0,0.0,False,False,False
smartbugs,reentrancy/0xaae1f51cf3339f18b6d3f3bdc75a5facd744b0b8,reentrancy,57,mut,call_swap,greedy,0.0,0.7273,False,False,False
smartbugs,reentrancy/0xaae1f51cf3339f18b6d3f3bdc75a5facd744b0b8,reentrancy,58,mut,call_swap,greedy,0.0,0.0,False,False,False
smartbugs,reentrancy/0xaae1f51cf3339f18b6d3f3bdc75a5facd744b0b8,reentrancy,59,mut,call_swap,greedy,0.0,0.0,False,False,False
smartbugs,reentrancy/0xaae1f51cf3339f18b6d3f3bdc75a5facd744b0b8,reentrancy,60,mut,arg_shuffle,greedy,0.0,0.7273,False,False,False
smartbugs,reentrancy/0xaae1f51cf3339f18b6d3f3bdc75a5facd744b0b8,reentrancy,61,mut,arg_shuffle,random,0.0,0.0,False,False,False
smartbugs,reentrancy/0xaae1f51cf3339f18b6d3f3bdc75a5facd744b0b8,reentrancy,62,mut,arg_shuffle,greedy,0.0,0.0,False,False,False
smartbugs,reentrancy/0xaae1f51cf3339f18b6d3f3bdc75a5facd744b0b8,reentrancy,63,mut,call_insert,greedy,0.0,0.0,False,False,False
smartbugs,reentrancy/0xaae1f51cf3339f18b6d3f3bdc75a5facd744b0b8,reentrancy,64,mut,call_swap,greedy,0.0,0.0,False,False,False
smartbugs,reentrancy/0xaae1f51cf3339f18b6d3f3bdc75a5facd744b0b8,reentrancy,65,mut,value_perturb,greedy,0.0,0.0,False,False,False
smartbugs,reentrancy/0xaae1f51cf3339f18b6d3f3bdc75a5facd744b0b8,reentrancy,66,gen,reentrancy_probe,greedy,0.0,0.0,False,False,False
smartbugs,reentrancy/0xaae1f51cf3339f18b6d3f3bdc75a5facd744b0b8,reentrancy,67,gen,access_control_probe,greedy,0.0,0.0,False,False,False
smartbugs,reentrancy/0xaae1f51cf3339f18b6d3f3bdc75a5facd744b0b8,reentrancy,68,mut,call_insert,greedy,0.0,0.0,False,False,False
smartbugs,reentrancy/0xaae1f51cf3339f18b6d3f3bdc75a5facd744b0b8,reentrancy,69,gen,arithmetic_probe,greedy,0.0,0.0,False,False,False
smartbugs,reentrancy/0xaae1f51cf3339f18b6d3f3bdc75a5facd744b0b8,reentrancy,70,mut,call_swap,greedy,0.0,0.0,False,False,False
smartbugs,reentrancy/0xaae1f51cf3339f18b6d3f3bdc75a5facd744b0b8,reentrancy,71,mut,value_perturb,greedy,0.0,0.0,False,False,False
smartbugs,reentrancy/0xaae1f51cf3339f18b6d3f3bdc75a5facd744b0b8,reentrancy,72,gen,logic_error_probe,greedy,0.0,0.0,False,False,False
smartbugs,reentrancy/0xaae1f51cf3339f18b6d3f3bdc75a5facd744b0b8,reentrancy,73,mut,arg_shuffle,greedy,0.0,0.0,False,False,False
smartbugs,reentrancy/0xaae1f51cf3339f18b6d3f3bdc75a5facd744b0b8,reentrancy,74,gen,price_oracle_probe,greedy,0.0,0.0,False,False,False
smartbugs,reentrancy/0xaae1f51cf3339f18b6d3f3bdc75a5facd744b0b8,reentrancy,75,gen,price_oracle_probe,greedy,0.0,0.0,False,False,False
smartbugs,reentrancy/0xaae1f51cf3339f18b6d3f3bdc75a5facd744b0b8,reentrancy,76,mut,call_insert,greedy,0.0,0.0,False,False,False
smartbugs,reentrancy/0xaae1f51cf3339f18b6d3f3bdc75a5facd744b0b8,reentrancy,77,gen,arithmetic_probe,random,0.0,1.2727,False,False,False
smartbugs,reentrancy/0xaae1f51cf3339f18b6d3f3bdc75a5facd744b0b8,reentrancy,78,gen,arithmetic_probe,greedy,0.0,0.0,False,False,False
smartbugs,reentrancy/0xaae1f51cf3339f18b6d3f3bdc75a5facd744b0b8,reentrancy,79,gen,access_control_probe,greedy,0.0,0.0,False,False,False
smartbugs,reentrancy/0xaae1f51cf3339f18b6d3f3bdc75a5facd744b0b8,reentrancy,80,gen,arithmetic_probe,greedy,0.0,0.0,False,False,False
smartbugs,reentrancy/0xaae1f51cf3339f18b6d3f3bdc75a5facd744b0b8,reentrancy,81,gen,arithmetic_probe,greedy,0.0,0.0,False,False,False
smartbugs,reentrancy/0xaae1f51cf3339f18b6d3f3bdc75a5facd744b0b8,reentrancy,82,gen,reentrancy_probe,greedy,0.0,0.0,False,False,False
smartbugs,reentrancy/0xaae1f51cf3339f18b6d3f3bdc75a5facd744b0b8,reentrancy,83,mut,value_perturb,greedy,0.0,0.0,False,False,False
smartbugs,reentrancy/0xaae1f51cf3339f18b6d3f3bdc75a5facd744b0b8,reentrancy,84,gen,logic_error_probe,greedy,0.0,0.0,False,False,False
smartbugs,reentrancy/0xaae1f51cf3339f18b6d3f3bdc75a5facd744b0b8,reentrancy,85,gen,access_control_probe,random,0.0,2.1818,False,False,False
smartbugs,reentrancy/0xaae1f51cf3339f18b6d3f3bdc75a5facd744b0b8,reentrancy,86,mut,value_perturb,greedy,0.0,0.0,False,False,False
smartbugs,reentrancy/0xaae1f51cf3339f18b6d3f3bdc75a5facd744b0b8,reentrancy,87,gen,access_control_probe,greedy,0.0,0.0,False,False,False
smartbugs,reentrancy/0xaae1f51cf3339f18b6d3f3bdc75a5facd744b0b8,reentrancy,88,mut,arg_shuffle,greedy,0.0,0.0,False,False,False
smartbugs,reentrancy/0xaae1f51cf3339f18b6d3f3bdc75a5facd744b0b8,reentrancy,89,gen,access_control_probe,greedy,0.0,0.0,False,False,False
smartbugs,reentrancy/0xaae1f51cf3339f18b6d3f3bdc75a5facd744b0b8,reentrancy,90,gen,access_control_probe,random,0.0,0.0,False,False,False
smartbugs,reentrancy/0xaae1f51cf3339f18b6d3f3bdc75a5facd744b0b8,reentrancy,91,mut,call_insert,greedy,0.0,0.0,False,False,False
smartbugs,reentrancy/0xaae1f51cf3339f18b6d3f3bdc75a5facd744b0b8,reentrancy,92,gen,arithmetic_probe,greedy,0.0,0.0,False,False,False
smartbugs,reentrancy/0xaae1f51cf3339f18b6d3f3bdc75a5facd744b0b8,reentrancy,93,gen,arithmetic_probe,greedy,0.0,0.0,False,False,False
smartbugs,reentrancy/0xaae1f51cf3339f18b6d3f3bdc75a5facd744b0b8,reentrancy,94,mut,call_swap,greedy,0.0,0.0,False,False,False
smartbugs,reentrancy/0xaae1f51cf3339f18b6d3f3bdc75a5facd744b0b8,reentrancy,95,gen,reentrancy_probe,greedy,0.0,0.0,False,False,False
smartbugs,reentrancy/0xaae1f51cf3339f18b6d3f3bdc75a5facd744b0b8,reentrancy,96,gen,logic_error_probe,greedy,0.0,0.0,False,False,False
smartbugs,reentrancy/0xaae1f51cf3339f18b6d3f3bdc75a5facd744b0b8,reentrancy,97,mut,arg_shuffle,greedy,0.0,0.0,False,False,False
smartbugs,reentrancy/0xaae1f51cf3339f18b6d3f3bdc75a5facd744b0b8,reentrancy,98,gen,price_oracle_probe,greedy,0.0,0.7273,False,False,False
smartbugs,reentrancy/0xaae1f51cf3339f18b6d3f3bdc75a5facd744b0b8,reentrancy,99,gen,price_oracle_probe,greedy,0.0,0.0,False,False,False
smartbugs,reentrancy/0xb5e1b1ee15c6fa0e48fce100125569d430f1bd12,reentrancy,0,gen,reentrancy_probe,greedy,7.0,2.0,False,False,False
smartbugs,reentrancy/0xb5e1b1ee15c6fa0e48fce100125569d430f1bd12,reentrancy,1,gen,arithmetic_probe,greedy,2.0,2.5714,False,False,False
smartbugs,reentrancy/0xb5e1b1ee15c6fa0e48fce100125569d430f1bd12,reentrancy,2,gen,access_control_probe,greedy,0.0,2.0,False,False,False
smartbugs,reentrancy/0xb5e1b1ee15c6fa0e48fce100125569d430f1bd12,reentrancy,3,gen,price_oracle_probe,greedy,0.0,2.0,False,False,False
smartbugs,reentrancy/0xb5e1b1ee15c6fa0e48fce100125569d430f1bd12,reentrancy,4,gen,logic_error_probe,greedy,0.0,2.0,False,False,False
smartbugs,reentrancy/0xb5e1b1ee15c6fa0e48fce100125569d430f1bd12,reentrancy,5,mut,value_perturb,greedy,0.0,2.0,False,False,False
smartbugs,reentrancy/0xb5e1b1ee15c6fa0e48fce100125569d430f1bd12,reentrancy,6,mut,call_insert,random,0.0,2.5714,False,False,False
smartbugs,reentrancy/0xb5e1b1ee15c6fa0e48fce100125569d430f1bd12,reentrancy,7,mut,call_swap,greedy,0.0,2.0,False,False,False
smartbugs,reentrancy/0xb5e1b1ee15c6fa0e48fce100125569d430f1bd12,reentrancy,8,mut,arg_shuffle,greedy,0.0,2.0,False,False,False
smartbugs,reentrancy/0xb5e1b1ee15c6fa0e48fce100125569d430f1bd12,reentrancy,9,gen,reentrancy_probe,greedy,0.0,0.0,False,False,False
smartbugs,reentrancy/0xb5e1b1ee15c6fa0e48fce100125569d430f1bd12,reentrancy,10,gen,arithmetic_probe,random,2.0,0.5714,False,False,False
smartbugs,reentrancy/0xb5e1b1ee15c6fa0e48fce100125569d430f1bd12,reentrancy,11,gen,access_control_probe,greedy,0.0,0.0,False,False,False
smartbugs,reentrancy/0xb5e1b1ee15c6fa0e48fce100125569d430f1bd12,reentrancy,12,gen,price_oracle_probe,random,0.0,1.1429,False,False,False
smartbugs,reentrancy/0xb5e1b1ee15c6fa0e48fce100125569d430f1bd12,reentrancy,13,gen,logic_error_probe,greedy,0.0,0.0,False,False,False
smartbugs,reentrancy/0xb5e1b1ee15c6fa0e48fce100125569d430f1bd12,reentrancy,14,mut,value_perturb,greedy,0.0,1.1429,False,False,False
smartbugs,reentrancy/0xb5e1b1ee15c6fa0e48fce100125569d430f1bd12,reentrancy,15,mut,call_insert,greedy,0.0,0.5714,False,False,False
smartbugs,reentrancy/0xb5e1b1ee15c6fa0e48fce100125569d430f1bd12,reentrancy,16,mut,call_swap,greedy,0.0,1.1429,False,False,False
smartbugs,reentrancy/0xb5e1b1ee15c6fa0e48fce100125569d430f1bd12,reentrancy,17,mut,arg_shuffle,greedy,0.0,1.1429,False,False,False
smartbugs,reentrancy/0xb5e1b1ee15c6fa0e48fce100125569d430f1bd12,reentrancy,18,gen,price_oracle_probe,greedy,0.0,0.0,False,False,False
smartbugs,reentrancy/0xb5e1b1ee15c6fa0e48fce100125569d430f1bd12,reentrancy,19,gen,logic_error_probe,greedy,0.0,0.0,False,False,False
smartbugs,reentrancy/0xb5e1b1ee15c6fa0e48fce100125569d430f1bd12,reentrancy,20,mut,value_perturb,greedy,0.0,0.0,False,False,False
smartbugs,reentrancy/0xb5e1b1ee15c6fa0e48fce100125569d430f1bd12,reentrancy,21,mut,call_swap,greedy,0.0,0.0,False,False,False
smartbugs,reentrancy/0xb5e1b1ee15c6fa0e48fce100125569d430f1bd12,reentrancy,22,mut,arg_shuffle,greedy,0.0,0.0,False,False,False
smartbugs,reentrancy/0xb5e1b1ee15c6fa0e48fce100125569d430f1bd12,reentrancy,23,mut,call_swap,greedy,4.0,13.7143,False,False,False
smartbugs,reentrancy/0xb5e1b1ee15c6fa0e48fce100125569d430f1bd12,reentrancy,24,mut,call_swap,greedy,0.0,0.0,False,False,False
smartbugs,reentrancy/0xb5e1b1ee15c6fa0e48fce100125569d430f1bd12,reentrancy,25,mut,call_swap,greedy,0.0,0.0,False,False,False
smartbugs,reentrancy/0xb5e1b1ee15c6fa0e48fce100125569d430f1bd12,reentrancy,26,mut,arg_shuffle,greedy,0.0,0.0,False,False,False
smartbugs,reentrancy/0xb5e1b1ee15c6fa0e48fce100125569d430f1bd12,reentrancy,27,mut,call_swap,greedy,0.0,0.0,False,False,False
smartbugs,reentrancy/0xb5e1b1ee15c6fa0e48fce100125569d430f1bd12,reentrancy,28,gen,arithmetic_probe,greedy,0.0,0.0,False,False,False
smartbugs,reentrancy/0xb5e1b1ee15c6fa0e48fce100125569d430f1bd12,reentrancy,29,gen,price_oracle_probe,greedy,0.0,0.0,False,False,False
smartbugs,reentrancy/0xb5e1b1ee15c6fa0e48fce100125569d430f1bd12,reentrancy,30,mut,call_insert,greedy,0.0,0.0,False,False,False
smartbugs,reentrancy/0xb5e1b1ee15c6fa0e48fce100125569d430f1bd12,reentrancy,31,gen,price_oracle_probe,greedy,0.0,0.0,False,False,False
smartbugs,reentrancy/0xb5e1b1ee15c6fa0e48fce100125569d430f1bd12,reentrancy,32,mut,call_swap,greedy,0.0,0.0,False,False,False
smartbugs,reentrancy/0xb5e1b1ee15c6fa0e48fce100125569d430f1bd12,reentrancy,33,mut,value_perturb,greedy,0.0,0.0,False,False,False
smartbugs,reentrancy/0xb5e1b1ee15c6fa0e48fce100125569d430f1bd12,reentrancy,34,gen,access_control_probe,greedy,0.0,0.0,False,False,False
smartbugs,reentrancy/0xb5e1b1ee15c6fa0e48fce100125569d430f1bd12,reentrancy,35,gen,reentrancy_probe,greedy,0.0,0.0,False,False,False
smartbugs,reentrancy/0xb5e1b1ee15c6fa0e48fce100125569d430f1bd12,reentrancy,36,gen,arithmetic_probe,greedy,0.0,0.0,False,False,False
smartbugs,reentrancy/0xb5e1b1ee15c6fa0e48fce100125569d430f1bd12,reentrancy,37,mut,call_insert,greedy,0.0,0.0,False,False,False
smartbugs,reentrancy/0xb5e1b1ee15c6fa0e48fce100125569d430f1bd12,reentrancy,38,mut,call_swap,random,2.0,7.4286,False,False,False
smartbugs,reentrancy/0xb5e1b1ee15c6fa0e48fce100125569d430f1bd12,reentrancy,39,gen,logic_error_probe,greedy,0.0,0.0,False,False,False
smartbugs,reentrancy/0xb5e1b1ee15c6fa0e48fce100125569d430f1bd12,reentrancy,40,mut,call_swap,greedy,0.0,0.0,False,False,False
smartbugs,reentrancy/0xb5e1b1ee15c6fa0e48fce100125569d430f1bd12,reentrancy,41,mut,call_swap,greedy,0.0,0.0,False,False,False
smartbugs,reentrancy/0xb5e1b1ee15c6fa0e48fce100125569d430f1bd12,reentrancy,42,mut,call_swap,greedy,0.0,0.0,False,False,False
smartbugs,reentrancy/0xb5e1b1ee15c6fa0e48fce100125569d430f1bd12,reentrancy,43,gen,logic_error_probe,greedy,0.0,0.0,False,False,False
smartbugs,reentrancy/0xb5e1b1ee15c6fa0e48fce100125569d430f1bd12,reentrancy,44,mut,arg_shuffle,greedy,0.0,1.1429,False,False,False
smartbugs,reentrancy/0xb5e1b1ee15c6fa0e48fce100125569d430f1bd12,reentrancy,45,mut,call_swap,greedy,0.0,0.0,False,False,False
smartbugs,reentrancy/0xb5e1b1ee15c6fa0e48fce100125569d430f1bd12,reentrancy,46,mut,value_perturb,greedy,0.0,0.0,False,False,False
smartbugs,reentrancy/0xb5e1b1ee15c6fa0e48fce100125569d430f1bd12,reentrancy,47,gen,arithmetic_probe,random,3.0,9.1429,False,False,False
smartbugs,reentrancy/0xb5e1b1ee15c6fa0e48fce100125569d430f1bd12,reentrancy,48,gen,arithmetic_probe,greedy,0.0,0.0,False,False,False
smartbugs,reentrancy/0xb5e1b1ee15c6fa0e48fce100125569d430f1bd12,reentrancy,49,gen,arithmetic_probe,greedy,0.0,0.0,False,False,False
smartbugs,reentrancy/0xb5e1b1ee15c6fa0e48fce100125569d430f1bd12,reentrancy,50,gen,arithmetic_probe,greedy,0.0,0.0,False,False,False
smartbugs,reentrancy/0xb5e1b1ee15c6fa0e48fce100125569d430f1bd12,reentrancy,51,gen,arithmetic_probe,greedy,0.0,0.0,False,False,False
smartbugs,reentrancy/0xb5e1b1ee15c6fa0e48fce100125569d430f1bd12,reentrancy,52,gen,arithmetic_probe,random,0.0,0.0,False,False,False
smartbugs,reentrancy/0xb5e1b1ee15c6fa0e48fce100125569d430f1bd12,reentrancy,53,gen,reentrancy_probe,greedy,0.0,0.0,False,False,False
smartbugs,reentrancy/0xb5e1b1ee15c6fa0e48fce100125569d430f1bd12,reentrancy,54,gen,access_control_probe,random,0.0,1.7143,False,False,False
smartbugs,reentrancy/0xb5e1b1ee15c6fa0e48fce100125569d430f1bd12,reentrancy,55,gen,access_control_probe,greedy,0.0,0.0,False,False,False
smartbugs,reentrancy/0xb5e1b1ee15c6fa0e48fce100125569d430f1bd12,reentrancy,56,mut,arg_shuffle,greedy,0.0,0.0,False,False,False
smartbugs,reentrancy/0xb5e1b1ee15c6fa0e48fce100125569d430f1bd12,reentrancy,57,mut,call_swap,greedy,0.0,0.0,False,False,False
smartbugs,reentrancy/0xb5e1b1ee15c6fa0e48fce100125569d430f1bd12,reentrancy,58,mut,call_insert,random,0.0,0.0,False,False,False
smartbugs,reentrancy/0xb5e1b1ee15c6fa0e48fce100125569d430f1bd12,reentrancy,59,gen,price_oracle_probe,greedy,0.0,0.0,False,False,False
smartbugs,reentrancy/0xb5e1b1ee15c6fa0e48fce100125569d430f1bd12,reentrancy,60,gen,price_oracle_probe,greedy,0.0,0.0,False,False,False
smartbugs,reentrancy/0xb5e1b1ee15c6fa0e48fce100125569d430f1bd12,reentrancy,61,mut,arg_shuffle,greedy,0.0,0.0,False,False,False
smartbugs,reentrancy/0xb5e1b1ee15c6fa0e48fce100125569d430f1bd12,reentrancy,62,mut,value_perturb,greedy,0.0,0.0,False,False,False
smartbugs,reentrancy/0xb5e1b1ee15c6fa0e48fce100125569d430f1bd12,reentrancy,63,gen,reentrancy_probe,greedy,0.0,0.0,False,False,False
smartbugs,reentrancy/0xb5e1b1ee15c6fa0e48fce100125569d430f1bd12,reentrancy,64,mut,arg_shuffle,greedy,0.0,0.0,False,False,False
smartbugs,reentrancy/0xb5e1b1ee15c6fa0e48fce100125569d430f1bd12,reentrancy,65,gen,arithmetic_probe,greedy,0.0,0.0,False,False,False
smartbugs,reentrancy/0xb5e1b1ee15c6fa0e48fce100125569d430f1bd12,reentrancy,66,gen,access_control_probe,greedy,0.0,0.0,False,False,False
smartbugs,reentrancy/0xb5e1b1ee15c6fa0e48fce100125569d430f1bd12,reentrancy,67,gen,access_control_probe,greedy,0.0,1.1429,False,False,False
smartbugs,reentrancy/0xb5e1b1ee15c6fa0e48fce100125569d430f1bd12,reentrancy,68,gen,access_control_probe,greedy,0.0,0.0,False,False,False
smartbugs,reentrancy/0xb5e1b1ee15c6fa0e48fce100125569d430f1bd12,reentrancy,69,gen,arithmetic_probe,greedy,0.0,0.0,False,False,False
smartbugs,reentrancy/0xb5e1b1ee15c6fa0e48fce100125569d430f1bd12,reentrancy,70,gen,access_control_probe,greedy,0.0,0.0,False,False,False
smartbugs,reentrancy/0xb5e1b1ee15c6fa0e48fce100125569d430f1bd12,reentrancy,71,gen,reentrancy_probe,greedy,0.0,0.0,False,False,False
smartbugs,reentrancy/0xb5e1b1ee15c6fa0e48fce100125569d430f1bd12,reentrancy,72,gen,access_control_probe,greedy,0.0,0.0,False,False,False
smartbugs,reentrancy/0xb5e1b1ee15c6fa0e48fce100125569d430f1bd12,reentrancy,73,gen,logic_error_probe,greedy,0.0,0.0,False,False,False
smartbugs,reentrancy/0xb5e1b1ee15c6fa0e48fce100125569d430f1bd12,reentrancy,74,mut,call_swap,greedy,0.0,0.0,False,False,False
smartbugs,reentrancy/0xb5e1b1ee15c6fa0e48fce100125569d430f1bd12,reentrancy,75,mut,call_insert,random,0.0,1.1429,False,False,False
smartbugs,reentrancy/0xb5e1b1ee15c6fa0e48fce100125569d430f1bd12,reentrancy,76,mut,call_insert,greedy,0.0,0.0,False,False,False
smartbugs,reentrancy/0xb5e1b1ee15c6fa0e48fce100125569d430f1bd12,reentrancy,77,mut,call_insert,random,0.0,1.4286,False,False,False
smartbugs,reentrancy/0xb5e1b1ee15c6fa0e48fce100125569d430f1bd12,reentrancy,78,mut,call_insert,greedy,0.0,0.0,False,False,False
smartbugs,reentrancy/0xb5e1b1ee15c6fa0e48fce100125569d430f1bd12,reentrancy,79,gen,arithmetic_probe,greedy,0.0,0.0,False,False,False
smartbugs,reentrancy/0xb5e1b1ee15c6fa0e48fce100125569d430f1bd12,reentrancy,80,mut,call_insert,greedy,0.0,0.0,False,False,False
smartbugs,reentrancy/0xb5e1b1ee15c6fa0e48fce100125569d430f1bd12,reentrancy,81,mut,arg_shuffle,greedy,0.0,0.0,False,False,False
smartbugs,reentrancy/0xb5e1b1ee15c6fa0e48fce100125569d430f1bd12,reentrancy,82,mut,value_perturb,greedy,0.0,1.1429,False,False,False
smartbugs,reentrancy/0xb5e1b1ee15c6fa0e48fce100125569d430f1bd12,reentrancy,83,mut,value_perturb,greedy,0.0,1.4286,False,False,False
smartbugs,reentrancy/0xb5e1b1ee15c6fa0e48fce100125569d430f1bd12,reentrancy,84,mut,value_perturb,greedy,0.0,0.0,False,False,False
smartbugs,reentrancy/0xb5e1b1ee15c6fa0e48fce100125569d430f1bd12,reentrancy,85,mut,value_perturb,greedy,0.0,0.0,False,False,False
smartbugs,reentrancy/0xb5e1b1ee15c6fa0e48fce100125569d430f1bd12,reentrancy,86,gen,access_control_probe,greedy,0.0,0.0,False,False,False
smartbugs,reentrancy/0xb5e1b1ee15c6fa0e48fce100125569d430f1bd12,reentrancy,87,mut,call_swap,greedy,0.0,0.0,False,False,False
smartbugs,reentrancy/0xb5e1b1ee15c6fa0e48fce100125569d430f1bd12,reentrancy,88,mut,arg_shuffle,greedy,0.0,1.4286,False,False,False
smartbugs,reentrancy/0xb5e1b1ee15c6fa0e48fce100125569d430f1bd12,reentrancy,89,gen,access_control_probe,greedy,0.0,0.0,False,False,False
smartbugs,reentrancy/0xb5e1b1ee15c6fa0e48fce100125569d430f1bd12,reentrancy,90,gen,price_oracle_probe,greedy,0.0,0.0,False,False,False
smartbugs,reentrancy/0xb5e1b1ee15c6fa0e48fce100125569d430f1bd12,reentrancy,91,mut,call_insert,greedy,0.0,0.0,False,False,False
smartbugs,reentrancy/0xb5e1b1ee15c6fa0e48fce100125569d430f1bd12,reentrancy,92,mut,call_insert,greedy,0.0,0.0,False,False,False
smartbugs,reentrancy/0xb5e1b1ee15c6fa0e48fce100125569d430f1bd12,reentrancy,93,mut,call_insert,greedy,0.0,0.0,False,False,False
smartbugs,reentrancy/0xb5e1b1ee15c6fa0e48fce100125569d430f1bd12,reentrancy,94,gen,reentrancy_probe,greedy,0.0,0.0,False,False,False
smartbugs,reentrancy/0xb5e1b1ee15c6fa0e48fce100125569d430f1bd12,reentrancy,95,gen,logic_error_probe,greedy,0.0,0.0,False,False,False
smartbugs,reentrancy/0xb5e1b1ee15c6fa0e48fce100125569d430f1bd12,reentrancy,96,mut,value_perturb,greedy,0.0,0.0,False,False,False
smartbugs,reentrancy/0xb5e1b1ee15c6fa0e48fce100125569d430f1bd12,reentrancy,97,mut,value_perturb,greedy,0.0,0.0,False,False,False
smartbugs,reentrancy/0xb5e1b1ee15c6fa0e48fce100125569d430f1bd12,reentrancy,98,mut,value_perturb,greedy,0.0,0.0,False,False,False
smartbugs,reentrancy/0xb5e1b1ee15c6fa0e48fce100125569d430f1bd12,reentrancy,99,mut,arg_shuffle,greedy,0.0,0.0,False,False,False
smartbugs,reentrancy/0xb93430ce38ac4a6bb47fb1fc085ea669353fd89e,reentrancy,0,gen,reentrancy_probe,greedy,7.0,1.8667,False,False,False
smartbugs,reentrancy/0xb93430ce38ac4a6bb47fb1fc085ea669353fd89e,reentrancy,1,gen,arithmetic_probe,greedy,3.0,2.6667,False,False,False
smartbugs,reentrancy/0xb93430ce38ac4a6bb47fb1fc085ea669353fd89e,reentrancy,2,gen,access_control_probe,greedy,2.0,2.4,False,False,False
smartbugs,reentrancy/0xb93430ce38ac4a6bb47fb1fc085ea669353fd89e,reentrancy,3,gen,price_oracle_probe,random,2.0,3.2,False,False,False
smartbugs,reentrancy/0xb93430ce38ac4a6bb47fb1fc085ea669353fd89e,reentrancy,4,gen,logic_error_probe,greedy,0.0,2.1333,False,False,False
smartbugs,reentrancy/0xb93430ce38ac4a6bb47fb1fc085ea669353fd89e,reentrancy,5,mut,value_perturb,greedy,0.0,2.9333,False,False,False
smartbugs,reentrancy/0xb93430ce38ac4a6bb47fb1fc085ea669353fd89e,reentrancy,6,mut,call_insert,greedy,0.0,1.8667,False,False,False
smartbugs,reentrancy/0xb93430ce38ac4a6bb47fb1fc085ea669353fd89e,reentrancy,7,mut,call_swap,greedy,4.0,3.4667,False,False,False
smartbugs,reentrancy/0xb93430ce38ac4a6bb47fb1fc085ea669353fd89e,reentrancy,8,mut,arg_shuffle,greedy,0.0,3.2,False,False,False
smartbugs,reentrancy/0xb93430ce38ac4a6bb47fb1fc085ea669353fd89e,reentrancy,9,gen,reentrancy_probe,random,0.0,1.0667,False,False,False
smartbugs,reentrancy/0xb93430ce38ac4a6bb47fb1fc085ea669353fd89e,reentrancy,10,gen,arithmetic_probe,greedy,0.0,0.0,False,False,False
smartbugs,reentrancy/0xb93430ce38ac4a6bb47fb1fc085ea669353fd89e,reentrancy,11,gen,access_control_probe,greedy,0.0,0.0,False,False,False
smartbugs,reentrancy/0xb93430ce38ac4a6bb47fb1fc085ea669353fd89e,reentrancy,12,gen,price_oracle_probe,greedy,0.0,0.0,False,False,False
smartbugs,reentrancy/0xb93430ce38ac4a6bb47fb1fc085ea669353fd89e,reentrancy,13,gen,logic_error_probe,greedy,0.0,0.5333,False,False,False
smartbugs,reentrancy/0xb93430ce38ac4a6bb47fb1fc085ea669353fd89e,reentrancy,14,mut,value_perturb,greedy,0.0,0.0,False,False,False
smartbugs,reentrancy/0xb93430ce38ac4a6bb47fb1fc085ea669353fd89e,reentrancy,15,mut,call_insert,greedy,0.0,0.5333,False,False,False
smartbugs,reentrancy/0xb93430ce38ac4a6bb47fb1fc085ea669353fd89e,reentrancy,16,mut,call_swap,greedy,0.0,0.8,False,False,False
smartbugs,reentrancy/0xb93430ce38ac4a6bb47fb1fc085ea669353fd89e,reentrancy,17,mut,arg_shuffle,greedy,0.0,0.5333,False,False,False
smartbugs,reentrancy/0xb93430ce38ac4a6bb47fb1fc085ea669353fd89e,reentrancy,18,mut,call_swap,greedy,0.0,0.5333,False,False,False
smartbugs,reentrancy/0xb93430ce38ac4a6bb47fb1fc085ea669353fd89e,reentrancy,19,mut,arg_shuffle,greedy,0.0,0.0,False,False,False
smartbugs,reentrancy/0xb93430ce38ac4a6bb47fb1fc085ea669353fd89e,reentrancy,20,gen,access_control_probe,greedy,0.0,0.0,False,False,False
smartbugs,reentrancy/0xb93430ce38ac4a6bb47fb1fc085ea669353fd89e,reentrancy,21,gen,reentrancy_probe,greedy,3.0,10.0,False,False,False
smartbugs,reentrancy/0xb93430ce38ac4a6bb47fb1fc085ea669353fd89e,reentrancy,22,mut,call_swap,greedy,0.0,0.0,False,False,False
smartbugs,reentrancy/0xb93430ce38ac4a6bb47fb1fc085ea669353fd89e,reentrancy,23,gen,reentrancy_probe,greedy,0.0,0.0,False,False,False
smartbugs,reentrancy/0xb93430ce38ac4a6bb47fb1fc085ea669353fd89e,reentrancy,24,gen,reentrancy_probe,greedy,0.0,0.0,False,False,False
smartbugs,reentrancy/0xb93430ce38ac4a6bb47fb1fc085ea669353fd89e,reentrancy,25,gen,reentrancy_probe,greedy,0.0,0.0,False,False,False
smartbugs,reentrancy/0xb93430ce38ac4a6bb47fb1fc085ea669353fd89e,reentrancy,26,gen,price_oracle_probe,greedy,0.0,0.5333,False,False,False
smartbugs,reentrancy/0xb93430ce38ac4a6bb47fb1fc085ea669353fd89e,reentrancy,27,gen,logic_error_probe,greedy,0.0,0.0,False,False,False
smartbugs,reentrancy/0xb93430ce38ac4a6bb47fb1fc085ea669353fd89e,reentrancy,28,mut,call_insert,random,0.0,0.8,False,False,False
smartbugs,reentrancy/0xb93430ce38ac4a6bb47fb1fc085ea669353fd89e,reentrancy,29,mut,call_insert,greedy,0.0,0.0,False,False,False
smartbugs,reentrancy/0xb93430ce38ac4a6bb47fb1fc085ea669353fd89e,reentrancy,30,mut,value_perturb,greedy,0.0,0.8,False,False,False
smartbugs,reentrancy/0xb93430ce38ac4a6bb47fb1fc085ea669353fd89e,reentrancy,31,mut,value_perturb,random,0.0,1.6,False,False,False
smartbugs,reentrancy/0xb93430ce38ac4a6bb47fb1fc085ea669353fd89e,reentrancy,32,mut,value_perturb,greedy,0.0,0.0,False,False,False
smartbugs,reentrancy/0xb93430ce38ac4a6bb47fb1fc085ea669353fd89e,reentrancy,33,gen,reentrancy_probe,greedy,0.0,0.0,False,False,False
smartbugs,reentrancy/0xb93430ce38ac4a6bb47fb1fc085ea669353fd89e,reentrancy,34,gen,price_oracle_probe,greedy,0.0,0.0,False,False,False
smartbugs,reentrancy/0xb93430ce38ac4a6bb47fb1fc085ea669353fd89e,reentrancy,35,mut,call_insert,random,0.0,1.0667,False,False,False
smartbugs,reentrancy/0xb93430ce38ac4a6bb47fb1fc085ea669353fd89e,reentrancy,36,gen,arithmetic_probe,random,0.0,2.9333,False,False,False
smartbugs,reentrancy/0xb93430ce38ac4a6bb47fb1fc085ea669353fd89e,reentrancy,37,gen,arithmetic_probe,greedy,0.0,0.0,False,False,False
smartbugs,reentrancy/0xb93430ce38ac4a6bb47fb1fc085ea669353fd89e,reentrancy,38,gen,arithmetic_probe,random,0.0,0.0,False,False,False
smartbugs,reentrancy/0xb93430ce38ac4a6bb47fb1fc085ea669353fd89e,reentrancy,39,mut,arg_shuffle,greedy,0.0,0.0,False,False,False
smartbugs,reentrancy/0xb93430ce38ac4a6bb47fb1fc085ea669353fd89e,reentrancy,40,gen,arithmetic_probe,greedy,0.0,0.0,False,False,False
smartbugs,reentrancy/0xb93430ce38ac4a6bb47fb1fc085ea669353fd89e,reentrancy,41,gen,access_control_probe,greedy,0.0,0.0,False,False,False
smartbugs,reentrancy/0xb93430ce38ac4a6bb47fb1fc085ea669353fd89e,reentrancy,42,mut,call_swap,greedy,0.0,0.0,False,False,False
smartbugs,reentrancy/0xb93430ce38ac4a6bb47fb1fc085ea669353fd89e,reentrancy,43,gen,logic_error_probe,greedy,0.0,1.0667,False,False,False
smartbugs,reentrancy/0xb93430ce38ac4a6bb47fb1fc085ea669353fd89e,reentrancy,44,gen,logic_error_probe,greedy,0.0,0.0,False,False,False
smartbugs,reentrancy/0xb93430ce38ac4a6bb47fb1fc085ea669353fd89e,reentrancy,45,mut,value_perturb,random,0.0,0.0,False,False,False
smartbugs,reentrancy/0xb93430ce38ac4a6bb47fb1fc085ea669353fd89e,reentrancy,46,mut,call_swap,random,0.0,0.0,False,False,False
smartbugs,reentrancy/0xb93430ce38ac4a6bb47fb1fc085ea669353fd89e,reentrancy,47,mut,call_insert,random,0.0,0.5333,False,False,False
smartbugs,reentrancy/0xb93430ce38ac4a6bb47fb1fc085ea669353fd89e,reentrancy,48,mut,call_insert,greedy,0.0,0.0,False,False,False
smartbugs,reentrancy/0xb93430ce38ac4a6bb47fb1fc085ea669353fd89e,reentrancy,49,gen,reentrancy_probe,greedy,0.0,0.0,False,False,False
smartbugs,reentrancy/0xb93430ce38ac4a6bb47fb1fc085ea669353fd89e,reentrancy,50,gen,price_oracle_probe,greedy,0.0,0.0,False,False,False
smartbugs,reentrancy/0xb93430ce38ac4a6bb47fb1fc085ea669353fd89e,reentrancy,51,mut,arg_shuffle,greedy,0.0,0.0,False,False,False
smartbugs,reentrancy/0xb93430ce38ac4a6bb47fb1fc085ea669353fd89e,reentrancy,52,mut,call_insert,greedy,0.0,0.0,False,False,False
smartbugs,reentrancy/0xb93430ce38ac4a6bb47fb1fc085ea669353fd89e,reentrancy,53,gen,price_oracle_probe,greedy,0.0,0.0,False,False,False
smartbugs,reentrancy/0xb93430ce38ac4a6bb47fb1fc085ea669353fd89e,reentrancy,54,gen,access_control_probe,greedy,0.0,0.0,False,False,False
smartbugs,reentrancy/0xb93430ce38ac4a6bb47fb1fc085ea669353fd89e,reentrancy,55,mut,call_insert,greedy,0.0,0.0,False,False,False
smartbugs,reentrancy/0xb93430ce38ac4a6bb47fb1fc085ea669353fd89e,reentrancy,56,gen,logic_error_probe,greedy,0.0,0.0,False,False,False
smartbugs,reentrancy/0xb93430ce38ac4a6bb47fb1fc085ea669353fd89e,reentrancy,57,mut,value_perturb,fallback_other,0.0,0.0,False,False,False
smartbugs,reentrancy/0xb93430ce38ac4a6bb47fb1fc085ea669353fd89e,reentrancy,58,gen,arithmetic_probe,random,0.0,0.0,False,False,False
smartbugs,reentrancy/0xb93430ce38ac4a6bb47fb1fc085ea669353fd89e,reentrancy,59,gen,logic_error_probe,greedy,0.0,0.0,False,False,False
smartbugs,reentrancy/0xb93430ce38ac4a6bb47fb1fc085ea669353fd89e,reentrancy,60,gen,access_control_probe,greedy,0.0,0.0,False,False,False
smartbugs,reentrancy/0xb93430ce38ac4a6bb47fb1fc085ea669353fd89e,reentrancy,61,gen,reentrancy_probe,greedy,0.0,0.0,False,False,False
smartbugs,reentrancy/0xb93430ce38ac4a6bb47fb1fc085ea669353fd89e,reentrancy,62,mut,value_perturb,greedy,0.0,0.2667,False,False,False
smartbugs,reentrancy/0xb93430ce38ac4a6bb47fb1fc085ea669353fd89e,reentrancy,63,mut,value_perturb,greedy,0.0,0.0,False,False,False
smartbugs,reentrancy/0xb93430ce38ac4a6bb47fb1fc085ea669353fd89e,reentrancy,64,mut,value_perturb,greedy,0.0,0.0,False,False,False
smartbugs,reentrancy/0xb93430ce38ac4a6bb47fb1fc085ea669353fd89e,reentrancy,65,mut,arg_shuffle,greedy,0.0,0.0,False,False,False
smartbugs,reentrancy/0xb93430ce38ac4a6bb47fb1fc085ea669353fd89e,reentrancy,66,mut,arg_shuffle,greedy,0.0,1.0667,False,False,False
smartbugs,reentrancy/0xb93430ce38ac4a6bb47fb1fc085ea669353fd89e,reentrancy,67,mut,arg_shuffle,greedy,0.0,0.0,False,False,False
smartbugs,reentrancy/0xb93430ce38ac4a6bb47fb1fc085ea669353fd89e,reentrancy,68,mut,arg_shuffle,greedy,0.0,0.0,False,False,False
smartbugs,reentrancy/0xb93430ce38ac4a6bb47fb1fc085ea669353fd89e,reentrancy,69,gen,price_oracle_probe,greedy,0.0,0.0,False,False,False
smartbugs,reentrancy/0xb93430ce38ac4a6bb47fb1fc085ea669353fd89e,reentrancy,70,mut,call_insert,greedy,0.0,0.8,False,False,False
smartbugs,reentrancy/0xb93430ce38ac4a6bb47fb1fc085ea669353fd89e,reentrancy,71,mut,arg_shuffle,greedy,0.0,0.0,False,False,False
smartbugs,reentrancy/0xb93430ce38ac4a6bb47fb1fc085ea669353fd89e,reentrancy,72,mut,call_swap,greedy,0.0,0.0,False,False,False
smartbugs,reentrancy/0xb93430ce38ac4a6bb47fb1fc085ea669353fd89e,reentrancy,73,gen,arithmetic_probe,greedy,0.0,0.0,False,False,False
smartbugs,reentrancy/0xb93430ce38ac4a6bb47fb1fc085ea669353fd89e,reentrancy,74,gen,logic_error_probe,random,0.0,1.3333,False,False,False
smartbugs,reentrancy/0xb93430ce38ac4a6bb47fb1fc085ea669353fd89e,reentrancy,75,gen,logic_error_probe,greedy,0.0,0.0,False,False,False
smartbugs,reentrancy/0xb93430ce38ac4a6bb47fb1fc085ea669353fd89e,reentrancy,76,gen,logic_error_probe,greedy,0.0,0.0,False,False,False
smartbugs,reentrancy/0xb93430ce38ac4a6bb47fb1fc085ea669353fd89e,reentrancy,77,gen,reentrancy_probe,greedy,0.0,0.0,False,False,False
smartbugs,reentrancy/0xb93430ce38ac4a6bb47fb1fc085ea669353fd89e,reentrancy,78,gen,arithmetic_probe,greedy,0.0,0.0,False,False,False
smartbugs,reentrancy/0xb93430ce38ac4a6bb47fb1fc085ea669353fd89e,reentrancy,79,mut,call_swap,greedy,0.0,0.0,False,False,False
smartbugs,reentrancy/0xb93430ce38ac4a6bb47fb1fc085ea669353fd89e,reentrancy,80,gen,access_control_probe,random,0.0,2.1333,False,False,False
smartbugs,reentrancy/0xb93430ce38ac4a6bb47fb1fc085ea669353fd89e,reentrancy,81,gen,access_control_probe,greedy,0.0,0.0,False,False,False
smartbugs,reentrancy/0xb93430ce38ac4a6bb47fb1fc085ea669353fd89e,reentrancy,82,gen,access_control_probe,greedy,0.0,0.0,False,False,False
smartbugs,reentrancy/0xb93430ce38ac4a6bb47fb1fc085ea669353fd89e,reentrancy,83,gen,access_control_probe,greedy,0.0,0.0,False,False,False
smartbugs,reentrancy/0xb93430ce38ac4a6bb47fb1fc085ea669353fd89e,reentrancy,84,mut,call_insert,greedy,0.0,0.0,False,False,False
smartbugs,reentrancy/0xb93430ce38ac4a6bb47fb1fc085ea669353fd89e,reentrancy,85,gen,access_control_probe,greedy,0.0,0.0,False,False,False
smartbugs,reentrancy/0xb93430ce38ac4a6bb47fb1fc085ea669353fd89e,reentrancy,86,gen,price_oracle_probe,greedy,0.0,0.0,False,False,False
smartbugs,reentrancy/0xb93430ce38ac4a6bb47fb1fc085ea669353fd89e,reentrancy,87,mut,call_insert,greedy,0.0,0.0,False,False,False
smartbugs,reentrancy/0xb93430ce38ac4a6bb47fb1fc085ea669353fd89e,reentrancy,88,gen,logic_error_probe,greedy,0.0,0.0,False,False,False
smartbugs,reentrancy/0xb93430ce38ac4a6bb47fb1fc085ea669353fd89e,reentrancy,89,mut,call_insert,greedy,0.0,0.0,False,False,False
smartbugs,reentrancy/0xb93430ce38ac4a6bb47fb1fc085ea669353fd89e,reentrancy,90,gen,logic_error_probe,greedy,0.0,0.0,False,False,False
smartbugs,reentrancy/0xb93430ce38ac4a6bb47fb1fc085ea669353fd89e,reentrancy,91,mut,arg_shuffle,greedy,0.0,0.0,False,False,False
smartbugs,reentrancy/0xb93430ce38ac4a6bb47fb1fc085ea669353fd89e,reentrancy,92,mut,call_insert,greedy,0.0,0.0,False,False,False
smartbugs,reentrancy/0xb93430ce38ac4a6bb47fb1fc085ea669353fd89e,reentrancy,93,gen,logic_error_probe,random,0.0,0.5333,False,False,False
smartbugs,reentrancy/0xb93430ce38ac4a6bb47fb1fc085ea669353fd89e,reentrancy,94,gen,price_oracle_probe,greedy,0.0,0.0,False,False,False
smartbugs,reentrancy/0xb93430ce38ac4a6bb47fb1fc085ea669353fd89e,reentrancy,95,gen,logic_error_probe,greedy,0.0,0.0,False,False,False
smartbugs,reentrancy/0xb93430ce38ac4a6bb47fb1fc085ea669353fd89e,reentrancy,96,gen,logic_error_probe,greedy,0.0,0.0,False,False,False
smartbugs,reentrancy/0xb93430ce38ac4a6bb47fb1fc085ea669353fd89e,reentrancy,97,gen,access_control_probe,greedy,0.0,0.0,False,False,False
smartbugs,reentrancy/0xb93430ce38ac4a6bb47fb1fc085ea669353fd89e,reentrancy,98,gen,reentrancy_probe,greedy,0.0,0.0,False,False,False
smartbugs,reentrancy/0xb93430ce38ac4a6bb47fb1fc085ea669353fd89e,reentrancy,99,mut,value_perturb,greedy,0.0,0.0,False,False,False
smartbugs,reentrancy/0xbaf51e761510c1a11bf48dd87c0307ac8a8c8a4f,reentrancy,0,gen,reentrancy_probe,greedy,7.0,2.0,False,False,False
smartbugs,reentrancy/0xbaf51e761510c1a11bf48dd87c0307ac8a8c8a4f,reentrancy,1,gen,arithmetic_probe,greedy,2.0,2.5714,False,False,False
smartbugs,reentrancy/0xbaf51e761510c1a11bf48dd87c0307ac8a8c8a4f,reentrancy,2,gen,access_control_probe,greedy,5.0,4.0,False,False,False
smartbugs,reentrancy/0xbaf51e761510c1a11bf48dd87c0307ac8a8c8a4f,reentrancy,3,gen,price_oracle_probe,greedy,0.0,2.5714,False,False,False
smartbugs,reentrancy/0xbaf51e761510c1a11bf48dd87c0307ac8a8c8a4f,reentrancy,4,gen,logic_error_probe,greedy,1.0,2.5714,False,False,False
smartbugs,reentrancy/0xbaf51e761510c1a11bf48dd87c0307ac8a8c8a4f,reentrancy,5,mut,value_perturb,greedy,0.0,2.5714,False,False,False
smartbugs,reentrancy/0xbaf51e761510c1a11bf48dd87c0307ac8a8c8a4f,reentrancy,6,mut,call_insert,greedy,0.0,2.5714,False,False,False
smartbugs,reentrancy/0xbaf51e761510c1a11bf48dd87c0307ac8a8c8a4f,reentrancy,7,mut,call_swap,greedy,0.0,3.1429,False,False,False
smartbugs,reentrancy/0xbaf51e761510c1a11bf48dd87c0307ac8a8c8a4f,reentrancy,8,mut,arg_shuffle,greedy,0.0,2.5714,False,False,False
smartbugs,reentrancy/0xbaf51e761510c1a11bf48dd87c0307ac8a8c8a4f,reentrancy,9,gen,reentrancy_probe,random,2.0,1.7143,False,False,False
smartbugs,reentrancy/0xbaf51e761510c1a11bf48dd87c0307ac8a8c8a4f,reentrancy,10,gen,arithmetic_probe,random,0.0,0.0,False,False,False
smartbugs,reentrancy/0xbaf51e761510c1a11bf48dd87c0307ac8a8c8a4f,reentrancy,11,gen,access_control_probe,random,0.0,0.0,False,False,False
smartbugs,reentrancy/0xbaf51e761510c1a11bf48dd87c0307ac8a8c8a4f,reentrancy,12,gen,price_oracle_probe,random,3.0,3.1429,False,False,False
smartbugs,reentrancy/0xbaf51e761510c1a11bf48dd87c0307ac8a8c8a4f,reentrancy,13,gen,logic_error_probe,greedy,0.0,0.0,False,False,False
smartbugs,reentrancy/0xbaf51e761510c1a11bf48dd87c0307ac8a8c8a4f,reentrancy,14,mut,value_perturb,greedy,0.0,0.5714,False,False,False
smartbugs,reentrancy/0xbaf51e761510c1a11bf48dd87c0307ac8a8c8a4f,reentrancy,15,mut,call_insert,greedy,0.0,0.0,False,False,False
smartbugs,reentrancy/0xbaf51e761510c1a11bf48dd87c0307ac8a8c8a4f,reentrancy,16,mut,call_swap,greedy,0.0,0.0,False,False,False
smartbugs,reentrancy/0xbaf51e761510c1a11bf48dd87c0307ac8a8c8a4f,reentrancy,17,mut,arg_shuffle,greedy,0.0,0.5714,False,False,False
smartbugs,reentrancy/0xbaf51e761510c1a11bf48dd87c0307ac8a8c8a4f,reentrancy,18,gen,price_oracle_probe,greedy,0.0,0.0,False,False,False
smartbugs,reentrancy/0xbaf51e761510c1a11bf48dd87c0307ac8a8c8a4f,reentrancy,19,mut,arg_shuffle,greedy,0.0,0.0,False,False,False
smartbugs,reentrancy/0xbaf51e761510c1a11bf48dd87c0307ac8a8c8a4f,reentrancy,20,gen,reentrancy_probe,greedy,0.0,0.0,False,False,False
smartbugs,reentrancy/0xbaf51e761510c1a11bf48dd87c0307ac8a8c8a4f,reentrancy,21,gen,price_oracle_probe,greedy,0.0,0.0,False,False,False
smartbugs,reentrancy/0xbaf51e761510c1a11bf48dd87c0307ac8a8c8a4f,reentrancy,22,gen,access_control_probe,greedy,0.0,0.2857,False,False,False
smartbugs,reentrancy/0xbaf51e761510c1a11bf48dd87c0307ac8a8c8a4f,reentrancy,23,mut,value_perturb,greedy,0.0,0.0,False,False,False
smartbugs,reentrancy/0xbaf51e761510c1a11bf48dd87c0307ac8a8c8a4f,reentrancy,24,mut,call_swap,greedy,0.0,1.1429,False,False,False
smartbugs,reentrancy/0xbaf51e761510c1a11bf48dd87c0307ac8a8c8a4f,reentrancy,25,mut,call_swap,random,0.0,0.0,False,False,False
smartbugs,reentrancy/0xbaf51e761510c1a11bf48dd87c0307ac8a8c8a4f,reentrancy,26,gen,reentrancy_probe,random,0.0,0.0,False,False,False
smartbugs,reentrancy/0xbaf51e761510c1a11bf48dd87c0307ac8a8c8a4f,reentrancy,27,gen,arithmetic_probe,greedy,0.0,0.5714,False,False,False
smartbugs,reentrancy/0xbaf51e761510c1a11bf48dd87c0307ac8a8c8a4f,reentrancy,28,gen,access_control_probe,random,0.0,1.4286,False,False,False
smartbugs,reentrancy/0xbaf51e761510c1a11bf48dd87c0307ac8a8c8a4f,reentrancy,29,gen,access_control_probe,greedy,0.0,0.0,False,False,False
smartbugs,reentrancy/0xbaf51e761510c1a11bf48dd87c0307ac8a8c8a4f,reentrancy,30,gen,logic_error_probe,greedy,0.0,1.7143,False,False,False
smartbugs,reentrancy/0xbaf51e761510c1a11bf48dd87c0307ac8a8c8a4f,reentrancy,31,gen,logic_error_probe,greedy,0.0,0.0,False,False,False
smartbugs,reentrancy/0xbaf51e761510c1a11bf48dd87c0307ac8a8c8a4f,reentrancy,32,mut,call_insert,greedy,0.0,0.5714,False,False,False
smartbugs,reentrancy/0xbaf51e761510c1a11bf48dd87c0307ac8a8c8a4f,reentrancy,33,gen,arithmetic_probe,greedy,0.0,0.0,False,False,False
smartbugs,reentrancy/0xbaf51e761510c1a11bf48dd87c0307ac8a8c8a4f,reentrancy,34,mut,call_insert,greedy,0.0,0.0,False,False,False
smartbugs,reentrancy/0xbaf51e761510c1a11bf48dd87c0307ac8a8c8a4f,reentrancy,35,gen,logic_error_probe,greedy,0.0,0.0,False,False,False
smartbugs,reentrancy/0xbaf51e761510c1a11bf48dd87c0307ac8a8c8a4f,reentrancy,36,gen,price_oracle_probe,greedy,0.0,0.0,False,False,False
smartbugs,reentrancy/0xbaf51e761510c1a11bf48dd87c0307ac8a8c8a4f,reentrancy,37,gen,access_control_probe,greedy,0.0,0.0,False,False,False
smartbugs,reentrancy/0xbaf51e761510c1a11bf48dd87c0307ac8a8c8a4f,reentrancy,38,mut,call_swap,greedy,0.0,0.0,False,False,False
smartbugs,reentrancy/0xbaf51e761510c1a11bf48dd87c0307ac8a8c8a4f,reentrancy,39,mut,value_perturb,greedy,0.0,0.0,False,False,False
smartbugs,reentrancy/0xbaf51e761510c1a11bf48dd87c0307ac8a8c8a4f,reentrancy,40,mut,arg_shuffle,greedy,0.0,0.0,False,False,False
smartbugs,reentrancy/0xbaf51e761510c1a11bf48dd87c0307ac8a8c8a4f,reentrancy,41,gen,reentrancy_probe,random,0.0,0.0,False,False,False
smartbugs,reentrancy/0xbaf51e761510c1a11bf48dd87c0307ac8a8c8a4f,reentrancy,42,gen,arithmetic_probe,greedy,0.0,0.0,False,False,False
smartbugs,reentrancy/0xbaf51e761510c1a11bf48dd87c0307ac8a8c8a4f,reentrancy,43,mut,call_insert,greedy,0.0,0.5714,False,False,False
smartbugs,reentrancy/0xbaf51e761510c1a11bf48dd87c0307ac8a8c8a4f,reentrancy,44,gen,logic_error_probe,greedy,0.0,0.0,False,False,False
smartbugs,reentrancy/0xbaf51e761510c1a11bf48dd87c0307ac8a8c8a4f,reentrancy,45,gen,price_oracle_probe,greedy,0.0,0.0,False,False,False
smartbugs,reentrancy/0xbaf51e761510c1a11bf48dd87c0307ac8a8c8a4f,reentrancy,46,mut,value_perturb,greedy,0.0,0.0,False,False,False
smartbugs,reentrancy/0xbaf51e761510c1a11bf48dd87c0307ac8a8c8a4f,reentrancy,47,mut,arg_shuffle,greedy,0.0,0.5714,False,False,False
smartbugs,reentrancy/0xbaf51e761510c1a11bf48dd87c0307ac8a8c8a4f,reentrancy,48,gen,reentrancy_probe,random,0.0,0.0,False,False,False
smartbugs,reentrancy/0xbaf51e761510c1a11bf48dd87c0307ac8a8c8a4f,reentrancy,49,gen,reentrancy_probe,greedy,0.0,0.0,False,False,False
smartbugs,reentrancy/0xbaf51e761510c1a11bf48dd87c0307ac8a8c8a4f,reentrancy,50,gen,arithmetic_probe,greedy,0.0,0.0,False,False,False
smartbugs,reentrancy/0xbaf51e761510c1a11bf48dd87c0307ac8a8c8a4f,reentrancy,51,mut,call_swap,greedy,0.0,0.5714,False,False,False
smartbugs,reentrancy/0xbaf51e761510c1a11bf48dd87c0307ac8a8c8a4f,reentrancy,52,gen,price_oracle_probe,greedy,0.0,0.0,False,False,False
smartbugs,reentrancy/0xbaf51e761510c1a11bf48dd87c0307ac8a8c8a4f,reentrancy,53,mut,call_swap,greedy,0.0,0.0,False,False,False
smartbugs,reentrancy/0xbaf51e761510c1a11bf48dd87c0307ac8a8c8a4f,reentrancy,54,mut,call_insert,greedy,0.0,0.0,False,False,False
smartbugs,reentrancy/0xbaf51e761510c1a11bf48dd87c0307ac8a8c8a4f,reentrancy,55,mut,call_swap,random,0.0,0.0,False,False,False
smartbugs,reentrancy/0xbaf51e761510c1a11bf48dd87c0307ac8a8c8a4f,reentrancy,56,gen,access_control_probe,random,0.0,0.0,False,False,False
smartbugs,reentrancy/0xbaf51e761510c1a11bf48dd87c0307ac8a8c8a4f,reentrancy,57,mut,call_insert,greedy,0.0,0.0,False,False,False
smartbugs,reentrancy/0xbaf51e761510c1a11bf48dd87c0307ac8a8c8a4f,reentrancy,58,mut,arg_shuffle,random,0.0,0.8571,False,False,False
smartbugs,reentrancy/0xbaf51e761510c1a11bf48dd87c0307ac8a8c8a4f,reentrancy,59,mut,arg_shuffle,greedy,0.0,0.0,False,False,False
smartbugs,reentrancy/0xbaf51e761510c1a11bf48dd87c0307ac8a8c8a4f,reentrancy,60,mut,arg_shuffle,greedy,0.0,0.0,False,False,False
smartbugs,reentrancy/0xbaf51e761510c1a11bf48dd87c0307ac8a8c8a4f,reentrancy,61,mut,arg_shuffle,random,0.0,0.0,False,False,False
smartbugs,reentrancy/0xbaf51e761510c1a11bf48dd87c0307ac8a8c8a4f,reentrancy,62,mut,call_swap,random,0.0,0.0,False,False,False
smartbugs,reentrancy/0xbaf51e761510c1a11bf48dd87c0307ac8a8c8a4f,reentrancy,63,gen,logic_error_probe,greedy,0.0,0.0,False,False,False
smartbugs,reentrancy/0xbaf51e761510c1a11bf48dd87c0307ac8a8c8a4f,reentrancy,64,mut,arg_shuffle,greedy,0.0,0.0,False,False,False
smartbugs,reentrancy/0xbaf51e761510c1a11bf48dd87c0307ac8a8c8a4f,reentrancy,65,gen,access_control_probe,greedy,0.0,0.0,False,False,False
smartbugs,reentrancy/0xbaf51e761510c1a11bf48dd87c0307ac8a8c8a4f,reentrancy,66,mut,value_perturb,greedy,0.0,0.0,False,False,False
smartbugs,reentrancy/0xbaf51e761510c1a11bf48dd87c0307ac8a8c8a4f,reentrancy,67,mut,call_insert,random,0.0,1.1429,False,False,False
smartbugs,reentrancy/0xbaf51e761510c1a11bf48dd87c0307ac8a8c8a4f,reentrancy,68,mut,call_insert,greedy,0.0,0.0,False,False,False
smartbugs,reentrancy/0xbaf51e761510c1a11bf48dd87c0307ac8a8c8a4f,reentrancy,69,mut,call_insert,greedy,0.0,0.0,False,False,False
smartbugs,reentrancy/0xbaf51e761510c1a11bf48dd87c0307ac8a8c8a4f,reentrancy,70,mut,call_swap,greedy,0.0,0.0,False,False,False
smartbugs,reentrancy/0xbaf51e761510c1a11bf48dd87c0307ac8a8c8a4f,reentrancy,71,gen,arithmetic_probe,greedy,0.0,0.0,False,False,False
smartbugs,reentrancy/0xbaf51e761510c1a11bf48dd87c0307ac8a8c8a4f,reentrancy,72,gen,logic_error_probe,greedy,0.0,0.0,False,False,False
smartbugs,reentrancy/0xbaf51e761510c1a11bf48dd87c0307ac8a8c8a4f,reentrancy,73,gen,price_oracle_probe,greedy,0.0,0.0,False,False,False
smartbugs,reentrancy/0xbaf51e761510c1a11bf48dd87c0307ac8a8c8a4f,reentrancy,74,gen,logic_error_probe,greedy,0.0,0.0,False,False,False
smartbugs,reentrancy/0xbaf51e761510c1a11bf48dd87c0307ac8a8c8a4f,reentrancy,75,gen,access_control_probe,greedy,0.0,0.0,False,False,False
smartbugs,reentrancy/0xbaf51e761510c1a11bf48dd87c0307ac8a8c8a4f,reentrancy,76,mut,value_perturb,greedy,0.0,1.1429,False,False,False
smartbugs,reentrancy/0xbaf51e761510c1a11bf48dd87c0307ac8a8c8a4f,reentrancy,77,mut,value_perturb,greedy,0.0,0.0,False,False,False
smartbugs,reentrancy/0xbaf51e761510c1a11bf48dd87c0307ac8a8c8a4f,reentrancy,78,mut,value_perturb,greedy,0.0,0.0,False,False,False
smartbugs,reentrancy/0xbaf51e761510c1a11bf48dd87c0307ac8a8c8a4f,reentrancy,79,mut,value_perturb,greedy,0.0,0.0,False,False,False
smartbugs,reentrancy/0xbaf51e761510c1a11bf48dd87c0307ac8a8c8a4f,reentrancy,80,mut,call_insert,greedy,0.0,0.0,False,False,False
smartbugs,reentrancy/0xbaf51e761510c1a11bf48dd87c0307ac8a8c8a4f,reentrancy,81,mut,call_insert,greedy,0.0,0.0,False,False,False
smartbugs,reentrancy/0xbaf51e761510c1a11bf48dd87c0307ac8a8c8a4f,reentrancy,82,gen,reentrancy_probe,greedy,0.0,0.8571,False,False,False
smartbugs,reentrancy/0xbaf51e761510c1a11bf48dd87c0307ac8a8c8a4f,reentrancy,83,gen,reentrancy_probe,greedy,0.0,0.0,False,False,False
smartbugs,reentrancy/0xbaf51e761510c1a11bf48dd87c0307ac8a8c8a4f,reentrancy,84,gen,reentrancy_probe,greedy,0.0,0.0,False,False,False
smartbugs,reentrancy/0xbaf51e761510c1a11bf48dd87c0307ac8a8c8a4f,reentrancy,85,gen,access_control_probe,random,0.0,0.0,False,False,False
smartbugs,reentrancy/0xbaf51e761510c1a11bf48dd87c0307ac8a8c8a4f,reentrancy,86,mut,call_insert,greedy,0.0,0.0,False,False,False
smartbugs,reentrancy/0xbaf51e761510c1a11bf48dd87c0307ac8a8c8a4f,reentrancy,87,gen,reentrancy_probe,greedy,0.0,0.0,False,False,False
smartbugs,reentrancy/0xbaf51e761510c1a11bf48dd87c0307ac8a8c8a4f,reentrancy,88,gen,reentrancy_probe,greedy,0.0,0.0,False,False,False
smartbugs,reentrancy/0xbaf51e761510c1a11bf48dd87c0307ac8a8c8a4f,reentrancy,89,gen,arithmetic_probe,random,0.0,0.5714,False,False,False
smartbugs,reentrancy/0xbaf51e761510c1a11bf48dd87c0307ac8a8c8a4f,reentrancy,90,gen,arithmetic_probe,greedy,0.0,0.0,False,False,False
smartbugs,reentrancy/0xbaf51e761510c1a11bf48dd87c0307ac8a8c8a4f,reentrancy,91,mut,value_perturb,greedy,0.0,0.0,False,False,False
smartbugs,reentrancy/0xbaf51e761510c1a11bf48dd87c0307ac8a8c8a4f,reentrancy,92,gen,arithmetic_probe,greedy,0.0,0.0,False,False,False
smartbugs,reentrancy/0xbaf51e761510c1a11bf48dd87c0307ac8a8c8a4f,reentrancy,93,gen,arithmetic_probe,greedy,0.0,0.0,False,False,False
smartbugs,reentrancy/0xbaf51e761510c1a11bf48dd87c0307ac8a8c8a4f,reentrancy,94,gen,logic_error_probe,greedy,0.0,0.0,False,False,False
smartbugs,reentrancy/0xbaf51e761510c1a11bf48dd87c0307ac8a8c8a4f,reentrancy,95,mut,value_perturb,greedy,0.0,0.0,False,False,False
smartbugs,reentrancy/0xbaf51e761510c1a11bf48dd87c0307ac8a8c8a4f,reentrancy,96,mut,arg_shuffle,greedy,0.0,1.1429,False,False,False
smartbugs,reentrancy/0xbaf51e761510c1a11bf48dd87c0307ac8a8c8a4f,reentrancy,97,mut,arg_shuffle,greedy,0.0,0.0,False,False,False
smartbugs,reentrancy/0xbaf51e761510c1a11bf48dd87c0307ac8a8c8a4f,reentrancy,98,mut,call_swap,greedy,0.0,0.0,False,False,False
smartbugs,reentrancy/0xbaf51e761510c1a11bf48dd87c0307ac8a8c8a4f,reentrancy,99,gen,access_control_probe,greedy,0.0,0.0,False,False,False
smartbugs,reentrancy/0xbe4041d55db380c5ae9d4a9b9703f1ed4e7e3888,reentrancy,0,gen,reentrancy_probe,greedy,21.0,3.5,False,False,False
smartbugs,reentrancy/0xbe4041d55db380c5ae9d4a9b9703f1ed4e7e3888,reentrancy,1,gen,arithmetic_probe,greedy,2.0,2.3333,False,False,False
smartbugs,reentrancy/0xbe4041d55db380c5ae9d4a9b9703f1ed4e7e3888,reentrancy,2,gen,access_control_probe,greedy,3.0,1.8333,False,False,False
smartbugs,reentrancy/0xbe4041d55db380c5ae9d4a9b9703f1ed4e7e3888,reentrancy,3,gen,price_oracle_probe,greedy,0.0,3.0,False,False,False
smartbugs,reentrancy/0xbe4041d55db380c5ae9d4a9b9703f1ed4e7e3888,reentrancy,4,gen,logic_error_probe,random,7.0,3.3333,False,False,False
smartbugs,reentrancy/0xbe4041d55db380c5ae9d4a9b9703f1ed4e7e3888,reentrancy,5,mut,value_perturb,greedy,0.0,3.8333,False,False,False
smartbugs,reentrancy/0xbe4041d55db380c5ae9d4a9b9703f1ed4e7e3888,reentrancy,6,mut,call_insert,random,0.0,2.8333,False,False,False
smartbugs,reentrancy/0xbe4041d55db380c5ae9d4a9b9703f1ed4e7e3888,reentrancy,7,mut,call_swap,random,0.0,2.1667,False,False,False
smartbugs,reentrancy/0xbe4041d55db380c5ae9d4a9b9703f1ed4e7e3888,reentrancy,8,mut,arg_shuffle,random,0.0,2.3333,False,False,False
smartbugs,reentrancy/0xbe4041d55db380c5ae9d4a9b9703f1ed4e7e3888,reentrancy,9,gen,reentrancy_probe,greedy,0.0,0.0,False,False,False
smartbugs,reentrancy/0xbe4041d55db380c5ae9d4a9b9703f1ed4e7e3888,reentrancy,10,gen,arithmetic_probe,greedy,0.0,0.1667,False,False,False
smartbugs,reentrancy/0xbe4041d55db380c5ae9d4a9b9703f1ed4e7e3888,reentrancy,11,gen,access_control_probe,greedy,0.0,0.0,False,False,False
smartbugs,reentrancy/0xbe4041d55db380c5ae9d4a9b9703f1ed4e7e3888,reentrancy,12,gen,price_oracle_probe,greedy,2.0,0.3333,False,False,False
smartbugs,reentrancy/0xbe4041d55db380c5ae9d4a9b9703f1ed4e7e3888,reentrancy,13,gen,logic_error_probe,greedy,0.0,0.8333,False,False,False
smartbugs,reentrancy/0xbe4041d55db380c5ae9d4a9b9703f1ed4e7e3888,reentrancy,14,mut,value_perturb,greedy,0.0,0.3333,False,False,False
smartbugs,reentrancy/0xbe4041d55db380c5ae9d4a9b9703f1ed4e7e3888,reentrancy,15,mut,call_insert,greedy,0.0,0.8333,False,False,False
smartbugs,reentrancy/0xbe4041d55db380c5ae9d4a9b9703f1ed4e7e3888,reentrancy,16,mut,call_swap,greedy,0.0,1.1667,False,False,False
smartbugs,reentrancy/0xbe4041d55db380c5ae9d4a9b9703f1ed4e7e3888,reentrancy,17,mut,arg_shuffle,greedy,0.0,2.0,False,False,False
smartbugs,reentrancy/0xbe4041d55db380c5ae9d4a9b9703f1ed4e7e3888,reentrancy,18,mut,arg_shuffle,greedy,0.0,0.0,False,False,False
smartbugs,reentrancy/0xbe4041d55db380c5ae9d4a9b9703f1ed4e7e3888,reentrancy,19,gen,logic_error_probe,greedy,0.0,0.0,False,False,False
smartbugs,reentrancy/0xbe4041d55db380c5ae9d4a9b9703f1ed4e7e3888,reentrancy,20,mut,call_insert,greedy,0.0,1.0,False,False,False
smartbugs,reentrancy/0xbe4041d55db380c5ae9d4a9b9703f1ed4e7e3888,reentrancy,21,mut,value_perturb,greedy,0.0,1.0,False,False,False
smartbugs,reentrancy/0xbe4041d55db380c5ae9d4a9b9703f1ed4e7e3888,reentrancy,22,mut,call_swap,random,0.0,0.0,False,False,False
smartbugs,reentrancy/0xbe4041d55db380c5ae9d4a9b9703f1ed4e7e3888,reentrancy,23,mut,value_perturb,greedy,0.0,0.0,False,False,False
smartbugs,reentrancy/0xbe4041d55db380c5ae9d4a9b9703f1ed4e7e3888,reentrancy,24,mut,arg_shuffle,random,0.0,0.0,False,False,False
smartbugs,reentrancy/0xbe4041d55db380c5ae9d4a9b9703f1ed4e7e3888,reentrancy,25,mut,call_insert,greedy,0.0,0.0,False,False,False
smartbugs,reentrancy/0xbe4041d55db380c5ae9d4a9b9703f1ed4e7e3888,reentrancy,26,gen,price_oracle_probe,greedy,0.0,0.0,False,False,False
smartbugs,reentrancy/0xbe4041d55db380c5ae9d4a9b9703f1ed4e7e3888,reentrancy,27,gen,reentrancy_probe,greedy,0.0,0.0,False,False,False
smartbugs,reentrancy/0xbe4041d55db380c5ae9d4a9b9703f1ed4e7e3888,reentrancy,28,gen,arithmetic_probe,greedy,0.0,0.0,False,False,False
smartbugs,reentrancy/0xbe4041d55db380c5ae9d4a9b9703f1ed4e7e3888,reentrancy,29,gen,logic_error_probe,greedy,0.0,0.0,False,False,False
smartbugs,reentrancy/0xbe4041d55db380c5ae9d4a9b9703f1ed4e7e3888,reentrancy,30,mut,call_swap,greedy,0.0,1.0,False,False,False
smartbugs,reentrancy/0xbe4041d55db380c5ae9d4a9b9703f1ed4e7e3888,reentrancy,31,mut,call_swap,greedy,0.0,0.0,False,False,False
smartbugs,reentrancy/0xbe4041d55db380c5ae9d4a9b9703f1ed4e7e3888,reentrancy,32,mut,value_perturb,greedy,0.0,0.0,False,False,False
smartbugs,reentrancy/0xbe4041d55db380c5ae9d4a9b9703f1ed4e7e3888,reentrancy,33,mut,call_insert,greedy,0.0,0.0,False,False,False
smartbugs,reentrancy/0xbe4041d55db380c5ae9d4a9b9703f1ed4e7e3888,reentrancy,34,gen,access_control_probe,greedy,0.0,0.0,False,False,False
smartbugs,reentrancy/0xbe4041d55db380c5ae9d4a9b9703f1ed4e7e3888,reentrancy,35,gen,price_oracle_probe,greedy,0.0,0.0,False,False,False
smartbugs,reentrancy/0xbe4041d55db380c5ae9d4a9b9703f1ed4e7e3888,reentrancy,36,gen,reentrancy_probe,greedy,0.0,0.0,False,False,False
smartbugs,reentrancy/0xbe4041d55db380c5ae9d4a9b9703f1ed4e7e3888,reentrancy,37,mut,arg_shuffle,greedy,0.0,0.0,False,False,False
smartbugs,reentrancy/0xbe4041d55db380c5ae9d4a9b9703f1ed4e7e3888,reentrancy,38,gen,arithmetic_probe,greedy,0.0,0.0,False,False,False
smartbugs,reentrancy/0xbe4041d55db380c5ae9d4a9b9703f1ed4e7e3888,reentrancy,39,gen,logic_error_probe,greedy,0.0,0.8333,False,False,False
smartbugs,reentrancy/0xbe4041d55db380c5ae9d4a9b9703f1ed4e7e3888,reentrancy,40,gen,logic_error_probe,greedy,0.0,0.0,False,False,False
smartbugs,reentrancy/0xbe4041d55db380c5ae9d4a9b9703f1ed4e7e3888,reentrancy,41,gen,access_control_probe,greedy,0.0,0.3333,False,False,False
smartbugs,reentrancy/0xbe4041d55db380c5ae9d4a9b9703f1ed4e7e3888,reentrancy,42,gen,access_control_probe,greedy,0.0,0.0,False,False,False
smartbugs,reentrancy/0xbe4041d55db380c5ae9d4a9b9703f1ed4e7e3888,reentrancy,43,gen,arithmetic_probe,greedy,0.0,0.0,False,False,False
smartbugs,reentrancy/0xbe4041d55db380c5ae9d4a9b9703f1ed4e7e3888,reentrancy,44,gen,price_oracle_probe,greedy,0.0,0.0,False,False,False
smartbugs,reentrancy/0xbe4041d55db380c5ae9d4a9b9703f1ed4e7e3888,reentrancy,45,gen,reentrancy_probe,random,2.0,6.5,False,False,False
smartbugs,reentrancy/0xbe4041d55db380c5ae9d4a9b9703f1ed4e7e3888,reentrancy,46,gen,reentrancy_probe,random,0.0,0.8333,False,False,False
smartbugs,reentrancy/0xbe4041d55db380c5ae9d4a9b9703f1ed4e7e3888,reentrancy,47,gen,reentrancy_probe,greedy,0.0,0.0,False,False,False
smartbugs,reentrancy/0xbe4041d55db380c5ae9d4a9b9703f1ed4e7e3888,reentrancy,48,gen,reentrancy_probe,greedy,0.0,0.0,False,False,False
smartbugs,reentrancy/0xbe4041d55db380c5ae9d4a9b9703f1ed4e7e3888,reentrancy,49,gen,reentrancy_probe,greedy,0.0,0.0,False,False,False
smartbugs,reentrancy/0xbe4041d55db380c5ae9d4a9b9703f1ed4e7e3888,reentrancy,50,gen,reentrancy_probe,greedy,0.0,0.0,False,False,False
smartbugs,reentrancy/0xbe4041d55db380c5ae9d4a9b9703f1ed4e7e3888,reentrancy,51,mut,call_swap,greedy,0.0,0.8333,False,False,False
smartbugs,reentrancy/0xbe4041d55db380c5ae9d4a9b9703f1ed4e7e3888,reentrancy,52,mut,call_swap,greedy,0.0,0.3333,False,False,False
smartbugs,reentrancy/0xbe4041d55db380c5ae9d4a9b9703f1ed4e7e3888,reentrancy,53,gen,price_oracle_probe,greedy,0.0,0.0,False,False,False
smartbugs,reentrancy/0xbe4041d55db380c5ae9d4a9b9703f1ed4e7e3888,reentrancy,54,mut,call_swap,greedy,0.0,0.0,False,False,False
smartbugs,reentrancy/0xbe4041d55db380c5ae9d4a9b9703f1ed4e7e3888,reentrancy,55,mut,call_swap,random,0.0,0.0,False,False,False
smartbugs,reentrancy/0xbe4041d55db380c5ae9d4a9b9703f1ed4e7e3888,reentrancy,56,gen,logic_error_probe,greedy,0.0,0.0,False,False,False
smartbugs,reentrancy/0xbe4041d55db380c5ae9d4a9b9703f1ed4e7e3888,reentrancy,57,gen,access_control_probe,greedy,0.0,0.0,False,False,False
smartbugs,reentrancy/0xbe4041d55db380c5ae9d4a9b9703f1ed4e7e3888,reentrancy,58,mut,value_perturb,greedy,0.0,0.0,False,False,False
smartbugs,reentrancy/0xbe4041d55db380c5ae9d4a9b9703f1ed4e7e3888,reentrancy,59,mut,call_insert,greedy,0.0,0.0,False,False,False
smartbugs,reentrancy/0xbe4041d55db380c5ae9d4a9b9703f1ed4e7e3888,reentrancy,60,mut,call_swap,greedy,0.0,0.0,False,False,False
smartbugs,reentrancy/0xbe4041d55db380c5ae9d4a9b9703f1ed4e7e3888,reentrancy,61,mut,arg_shuffle,greedy,0.0,0.0,False,False,False
smartbugs,reentrancy/0xbe4041d55db380c5ae9d4a9b9703f1ed4e7e3888,reentrancy,62,gen,arithmetic_probe,greedy,0.0,0.0,False,False,False
smartbugs,reentrancy/0xbe4041d55db380c5ae9d4a9b9703f1ed4e7e3888,reentrancy,63,gen,logic_error_probe,greedy,0.0,0.0,False,False,False
smartbugs,reentrancy/0xbe4041d55db380c5ae9d4a9b9703f1ed4e7e3888,reentrancy,64,mut,call_insert,random,0.0,0.6667,False,False,False
smartbugs,reentrancy/0xbe4041d55db380c5ae9d4a9b9703f1ed4e7e3888,reentrancy,65,mut,arg_shuffle,greedy,0.0,0.6667,False,False,False
smartbugs,reentrancy/0xbe4041d55db380c5ae9d4a9b9703f1ed4e7e3888,reentrancy,66,mut,call_insert,greedy,0.0,0.0,False,False,False
smartbugs,reentrancy/0xbe4041d55db380c5ae9d4a9b9703f1ed4e7e3888,reentrancy,67,mut,arg_shuffle,greedy,0.0,0.8333,False,False,False
smartbugs,reentrancy/0xbe4041d55db380c5ae9d4a9b9703f1ed4e7e3888,reentrancy,68,mut,arg_shuffle,greedy,0.0,0.0,False,False,False
smartbugs,reentrancy/0xbe4041d55db380c5ae9d4a9b9703f1ed4e7e3888,reentrancy,69,mut,arg_shuffle,greedy,0.0,0.0,False,False,False
smartbugs,reentrancy/0xbe4041d55db380c5ae9d4a9b9703f1ed4e7e3888,reentrancy,70,mut,call_insert,greedy,0.0,0.1667,False,False,False
smartbugs,reentrancy/0xbe4041d55db380c5ae9d4a9b9703f1ed4e7e3888,reentrancy,71,mut,call_insert,greedy,0.0,0.0,False,False,False
smartbugs,reentrancy/0xbe4041d55db380c5ae9d4a9b9703f1ed4e7e3888,reentrancy,72,mut,value_perturb,greedy,0.0,0.0,False,False,False
smartbugs,reentrancy/0xbe4041d55db380c5ae9d4a9b9703f1ed4e7e3888,reentrancy,73,gen,reentrancy_probe,greedy,0.0,0.0,False,False,False
smartbugs,reentrancy/0xbe4041d55db380c5ae9d4a9b9703f1ed4e7e3888,reentrancy,74,gen,price_oracle_probe,greedy,0.0,0.0,False,False,False
smartbugs,reentrancy/0xbe4041d55db380c5ae9d4a9b9703f1ed4e7e3888,reentrancy,75,gen,logic_error_probe,greedy,0.0,0.0,False,False,False
smartbugs,reentrancy/0xbe4041d55db380c5ae9d4a9b9703f1ed4e7e3888,reentrancy,76,gen,access_control_probe,greedy,0.0,0.0,False,False,False
smartbugs,reentrancy/0xbe4041d55db380c5ae9d4a9b9703f1ed4e7e3888,reentrancy,77,mut,value_perturb,greedy,0.0,0.0,False,False,False
smartbugs,reentrancy/0xbe4041d55db380c5ae9d4a9b9703f1ed4e7e3888,reentrancy,78,gen,reentrancy_probe,greedy,0.0,0.0,False,False,False
smartbugs,reentrancy/0xbe4041d55db380c5ae9d4a9b9703f1ed4e7e3888,reentrancy,79,mut,call_swap,greedy,2.0,5.5,False,False,False
smartbugs,reentrancy/0xbe4041d55db380c5ae9d4a9b9703f1ed4e7e3888,reentrancy,80,mut,call_swap,greedy,0.0,0.0,False,False,False
smartbugs,reentrancy/0xbe4041d55db380c5ae9d4a9b9703f1ed4e7e3888,reentrancy,81,mut,call_swap,greedy,0.0,0.1667,False,False,False
smartbugs,reentrancy/0xbe4041d55db380c5ae9d4a9b9703f1ed4e7e3888,reentrancy,82,mut,call_swap,greedy,0.0,0.0,False,False,False
smartbugs,reentrancy/0xbe4041d55db380c5ae9d4a9b9703f1ed4e7e3888,reentrancy,83,mut,call_swap,greedy,0.0,0.0,False,False,False
smartbugs,reentrancy/0xbe4041d55db380c5ae9d4a9b9703f1ed4e7e3888,reentrancy,84,mut,call_swap,greedy,0.0,0.0,False,False,False
smartbugs,reentrancy/0xbe4041d55db380c5ae9d4a9b9703f1ed4e7e3888,reentrancy,85,mut,arg_shuffle,random,0.0,0.0,False,False,False
smartbugs,reentrancy/0xbe4041d55db380c5ae9d4a9b9703f1ed4e7e3888,reentrancy,86,mut,call_insert,greedy,0.0,0.0,False,False,False
smartbugs,reentrancy/0xbe4041d55db380c5ae9d4a9b9703f1ed4e7e3888,reentrancy,87,mut,arg_shuffle,greedy,0.0,0.0,False,False,False
smartbugs,reentrancy/0xbe4041d55db380c5ae9d4a9b9703f1ed4e7e3888,reentrancy,88,mut,call_insert,greedy,0.0,0.1667,False,False,False
smartbugs,reentrancy/0xbe4041d55db380c5ae9d4a9b9703f1ed4e7e3888,reentrancy,89,mut,call_insert,greedy,0.0,0.0,False,False,False
smartbugs,reentrancy/0xbe4041d55db380c5ae9d4a9b9703f1ed4e7e3888,reentrancy,90,mut,call_insert,greedy,0.0,0.0,False,False,False
smartbugs,reentrancy/0xbe4041d55db380c5ae9d4a9b9703f1ed4e7e3888,reentrancy,91,mut,call_insert,greedy,0.0,0.6667,False,False,False
smartbugs,reentrancy/0xbe4041d55db380c5ae9d4a9b9703f1ed4e7e3888,reentrancy,92,mut,value_perturb,greedy,0.0,0.1667,False,False,False
smartbugs,reentrancy/0xbe4041d55db380c5ae9d4a9b9703f1ed4e7e3888,reentrancy,93,mut,value_perturb,greedy,0.0,0.0,False,False,False
smartbugs,reentrancy/0xbe4041d55db380c5ae9d4a9b9703f1ed4e7e3888,reentrancy,94,gen,arithmetic_probe,greedy,0.0,0.0,False,False,False
smartbugs,reentrancy/0xbe4041d55db380c5ae9d4a9b9703f1ed4e7e3888,reentrancy,95,mut,call_swap,greedy,0.0,0.0,False,False,False
smartbugs,reentrancy/0xbe4041d55db380c5ae9d4a9b9703f1ed4e7e3888,reentrancy,96,mut,call_swap,greedy,0.0,0.0,False,False,False
smartbugs,reentrancy/0xbe4041d55db380c5ae9d4a9b9703f1ed4e7e3888,reentrancy,97,mut,arg_shuffle,greedy,0.0,0.0,False,False,False
smartbugs,reentrancy/0xbe4041d55db380c5ae9d4a9b9703f1ed4e7e3888,reentrancy,98,gen,price_oracle_probe,random,0.0,1.6667,False,False,False
smartbugs,reentrancy/0xbe4041d55db380c5ae9d4a9b9703f1ed4e7e3888,reentrancy,99,mut,arg_shuffle,greedy,0.0,0.0,False,False,False
smartbugs,reentrancy/reentrance,reentrancy,0,gen,reentrancy_probe,greedy,10.0,4.4444,False,False,False
smartbugs,reentrancy/reentrance,reentrancy,1,gen,arithmetic_probe,random,0.0,4.0,False,False,False
smartbugs,reentrancy/reentrance,reentrancy,2,gen,access_control_probe,greedy,0.0,2.6667,False,False,False
smartbugs,reentrancy/reentrance,reentrancy,3,gen,price_oracle_probe,greedy,0.0,2.6667,False,False,False
smartbugs,reentrancy/reentrance,reentrancy,4,gen,logic_error_probe,greedy,1.0,8.5556,True,False,True
smartbugs,reentrancy/reentrance,reentrancy,5,mut,value_perturb,greedy,0.0,3.5556,True,True,False
smartbugs,reentrancy/reentrance,reentrancy,6,mut,call_insert,greedy,0.0,4.0,False,False,False
smartbugs,reentrancy/reentrance,reentrancy,7,mut,call_swap,greedy,0.0,4.8889,True,True,False
smartbugs,reentrancy/reentrance,reentrancy,8,mut,arg_shuffle,greedy,0.0,4.4444,False,True,False
smartbugs,reentrancy/reentrance,reentrancy,9,gen,reentrancy_probe,greedy,0.0,0.0,False,False,False
smartbugs,reentrancy/reentrance,reentrancy,10,gen,arithmetic_probe,greedy,0.0,0.4444,False,False,False
smartbugs,reentrancy/reentrance,reentrancy,11,gen,access_control_probe,random,2.0,2.2222,False,False,False
smartbugs,reentrancy/reentrance,reentrancy,12,gen,price_oracle_probe,greedy,0.0,0.0,False,False,False
smartbugs,reentrancy/reentrance,reentrancy,13,gen,logic_error_probe,greedy,0.0,0.0,False,False,False
smartbugs,reentrancy/reentrance,reentrancy,14,mut,value_perturb,greedy,0.0,1.3333,False,True,False
smartbugs,reentrancy/reentrance,reentrancy,15,mut,call_insert,random,0.0,0.0,False,False,False
smartbugs,reentrancy/reentrance,reentrancy,16,mut,call_swap,greedy,0.0,0.0,False,True,False
smartbugs,reentrancy/reentrance,reentrancy,17,mut,arg_shuffle,greedy,0.0,0.0,False,True,False
smartbugs,reentrancy/reentrance,reentrancy,18,gen,logic_error_probe,greedy,0.0,0.0,False,False,False
smartbugs,reentrancy/reentrance,reentrancy,19,gen,logic_error_probe,greedy,1.0,5.1111,False,False,False
smartbugs,reentrancy/reentrance,reentrancy,20,gen,logic_error_probe,greedy,0.0,0.0,False,False,False
smartbugs,reentrancy/reentrance,reentrancy,21,gen,logic_error_probe,greedy,0.0,0.0,False,False,False
smartbugs,reentrancy/reentrance,reentrancy,22,gen,price_oracle_probe,greedy,0.0,0.0,False,False,False
smartbugs,reentrancy/reentrance,reentrancy,23,gen,logic_error_probe,greedy,0.0,0.0,False,False,False
smartbugs,reentrancy/reentrance,reentrancy,24,gen,logic_error_probe,greedy,0.0,0.0,False,False,False
smartbugs,reentrancy/reentrance,reentrancy,25,gen,logic_error_probe,greedy,0.0,0.0,False,False,False
smartbugs,reentrancy/reentrance,reentrancy,26,gen,access_control_probe,greedy,0.0,0.4444,False,False,False
smartbugs,reentrancy/reentrance,reentrancy,27,mut,value_perturb,greedy,0.0,0.4444,False,False,False
smartbugs,reentrancy/reentrance,reentrancy,28,gen,arithmetic_probe,greedy,0.0,0.0,False,False,False
smartbugs,reentrancy/reentrance,reentrancy,29,mut,call_swap,greedy,0.0,0.0,False,True,False
smartbugs,reentrancy/reentrance,reentrancy,30,gen,access_control_probe,greedy,0.0,0.0,False,False,False
smartbugs,reentrancy/reentrance,reentrancy,31,gen,reentrancy_probe,greedy,0.0,0.0,False,False,False
smartbugs,reentrancy/reentrance,reentrancy,32,mut,arg_shuffle,greedy,0.0,0.4444,True,True,False
smartbugs,reentrancy/reentrance,reentrancy,33,gen,price_oracle_probe,greedy,0.0,0.0,False,False,False
smartbugs,reentrancy/reentrance,reentrancy,34,mut,call_insert,random,0.0,0.8889,False,False,False
smartbugs,reentrancy/reentrance,reentrancy,35,mut,value_perturb,greedy,0.0,0.8889,False,False,False
smartbugs,reentrancy/reentrance,reentrancy,36,mut,value_perturb,greedy,0.0,0.0,True,True,False
smartbugs,reentrancy/reentrance,reentrancy,37,gen,arithmetic_probe,greedy,0.0,0.0,False,False,False
smartbugs,reentrancy/reentrance,reentrancy,38,gen,logic_error_probe,greedy,0.0,0.0,False,False,False
smartbugs,reentrancy/reentrance,reentrancy,39,mut,call_insert,random,0.0,1.3333,True,False,True
smartbugs,reentrancy/reentrance,reentrancy,40,mut,call_insert,greedy,0.0,0.0,False,True,False
smartbugs,reentrancy/reentrance,reentrancy,41,mut,arg_shuffle,greedy,0.0,0.0,False,False,False
smartbugs,reentrancy/reentrance,reentrancy,42,mut,call_swap,greedy,0.0,0.0,True,True,False
smartbugs,reentrancy/reentrance,reentrancy,43,gen,reentrancy_probe,greedy,0.0,0.0,False,False,False
smartbugs,reentrancy/reentrance,reentrancy,44,mut,call_swap,greedy,0.0,0.4444,True,True,False
smartbugs,reentrancy/reentrance,reentrancy,45,gen,access_control_probe,greedy,0.0,0.0,False,False,False
smartbugs,reentrancy/reentrance,reentrancy,46,mut,arg_shuffle,greedy,0.0,0.0,True,True,False
smartbugs,reentrancy/reentrance,reentrancy,47,gen,arithmetic_probe,greedy,0.0,0.0,False,False,False
smartbugs,reentrancy/reentrance,reentrancy,48,gen,reentrancy_probe,greedy,0.0,0.0,False,False,False
smartbugs,reentrancy/reentrance,reentrancy,49,gen,reentrancy_probe,greedy,0.0,0.0,False,False,False
smartbugs,reentrancy/reentrance,reentrancy,50,gen,price_oracle_probe,random,0.0,2.2222,True,False,True
smartbugs,reentrancy/reentrance,reentrancy,51,mut,call_insert,greedy,0.0,0.0,False,False,False
smartbugs,reentrancy/reentrance,reentrancy,52,gen,access_control_probe,greedy,0.0,0.0,False,False,False
smartbugs,reentrancy/reentrance,reentrancy,53,mut,value_perturb,greedy,0.0,0.0,False,True,False
smartbugs,reentrancy/reentrance,reentrancy,54,mut,value_perturb,greedy,0.0,0.0,False,False,False
smartbugs,reentrancy/reentrance,reentrancy,55,mut,call_insert,random,0.0,0.0,True,True,False
smartbugs,reentrancy/reentrance,reentrancy,56,gen,logic_error_probe,greedy,0.0,0.0,True,False,True
smartbugs,reentrancy/reentrance,reentrancy,57,mut,call_swap,greedy,0.0,0.0,True,True,False
smartbugs,reentrancy/reentrance,reentrancy,58,gen,access_control_probe,greedy,0.0,0.0,False,False,False
smartbugs,reentrancy/reentrance,reentrancy,59,mut,arg_shuffle,greedy,0.0,0.0,False,False,False
smartbugs,reentrancy/reentrance,reentrancy,60,mut,arg_shuffle,greedy,0.0,0.4444,False,False,False
smartbugs,reentrancy/reentrance,reentrancy,61,gen,price_oracle_probe,greedy,0.0,0.0,False,False,False
smartbugs,reentrancy/reentrance,reentrancy,62,gen,price_oracle_probe,greedy,0.0,0.0,False,False,False
smartbugs,reentrancy/reentrance,reentrancy,63,mut,arg_shuffle,greedy,0.0,0.0,False,False,False
smartbugs,reentrancy/reentrance,reentrancy,64,gen,price_oracle_probe,greedy,0.0,0.0,False,False,False
smartbugs,reentrancy/reentrance,reentrancy,65,mut,value_perturb,greedy,0.0,0.0,False,False,False
smartbugs,reentrancy/reentrance,reentrancy,66,gen,reentrancy_probe,greedy,0.0,0.0,False,False,False
smartbugs,reentrancy/reentrance,reentrancy,67,mut,arg_shuffle,greedy,0.0,0.0,False,False,False
smartbugs,reentrancy/reentrance,reentrancy,68,mut,call_swap,greedy,0.0,0.0,True,True,False
smartbugs,reentrancy/reentrance,reentrancy,69,gen,arithmetic_probe,greedy,0.0,0.0,False,False,False
smartbugs,reentrancy/reentrance,reentrancy,70,gen,price_oracle_probe,random,0.0,0.0,False,False,False
smartbugs,reentrancy/reentrance,reentrancy,71,gen,price_oracle_probe,greedy,0.0,0.0,False,False,False
smartbugs,reentrancy/reentrance,reentrancy,72,mut,call_insert,random,0.0,0.0,True,True,False
smartbugs,reentrancy/reentrance,reentrancy,73,gen,access_control_probe,greedy,0.0,0.0,False,False,False
smartbugs,reentrancy/reentrance,reentrancy,74,mut,value_perturb,greedy,0.0,0.0,True,True,False
smartbugs,reentrancy/reentrance,reentrancy,75,mut,arg_shuffle,greedy,0.0,0.0,False,False,False
smartbugs,reentrancy/reentrance,reentrancy,76,gen,arithmetic_probe,greedy,0.0,0.0,False,False,False
smartbugs,reentrancy/reentrance,reentrancy,77,mut,call_swap,greedy,0.0,0.0,False,False,False
smartbugs,reentrancy/reentrance,reentrancy,78,mut,call_insert,greedy,0.0,0.0,False,False,False
smartbugs,reentrancy/reentrance,reentrancy,79,mut,call_swap,greedy,0.0,0.0,False,False,False
smartbugs,reentrancy/reentrance,reentrancy,80,gen,arithmetic_probe,greedy,0.0,0.0,False,False,False
smartbugs,reentrancy/reentrance,reentrancy,81,mut,call_insert,random,0.0,0.0,True,True,False
smartbugs,reentrancy/reentrance,reentrancy,82,gen,reentrancy_probe,greedy,0.0,0.4444,False,False,False
smartbugs,reentrancy/reentrance,reentrancy,83,gen,reentrancy_probe,greedy,0.0,0.0,False,False,False
smartbugs,reentrancy/reentrance,reentrancy,84,gen,reentrancy_probe,random,0.0,0.8889,False,False,False
smartbugs,reentrancy/reentrance,reentrancy,85,gen,reentrancy_probe,greedy,0.0,0.0,False,False,False
smartbugs,reentrancy/reentrance,reentrancy,86,gen,access_control_probe,greedy,0.0,0.0,False,False,False
smartbugs,reentrancy/reentrance,reentrancy,87,mut,arg_shuffle,greedy,0.0,0.0,False,False,False
smartbugs,reentrancy/reentrance,reentrancy,88,mut,value_perturb,greedy,0.0,0.0,False,False,False
smartbugs,reentrancy/reentrance,reentrancy,89,gen,logic_error_probe,greedy,0.0,0.0,False,False,False
smartbugs,reentrancy/reentrance,reentrancy,90,mut,call_swap,greedy,0.0,0.0,False,False,False
smartbugs,reentrancy/reentrance,reentrancy,91,gen,logic_error_probe,greedy,0.0,0.0,False,False,False
smartbugs,reentrancy/reentrance,reentrancy,92,gen,arithmetic_probe,greedy,0.0,0.0,False,False,False
smartbugs,reentrancy/reentrance,reentrancy,93,gen,price_oracle_probe,greedy,0.0,0.0,False,False,False
smartbugs,reentrancy/reentrance,reentrancy,94,mut,call_insert,greedy,0.0,0.0,False,False,False
smartbugs,reentrancy/reentrance,reentrancy,95,gen,access_control_probe,greedy,0.0,0.0,False,False,False
smartbugs,reentrancy/reentrance,reentrancy,96,mut,call_insert,greedy,0.0,0.0,False,True,False
smartbugs,reentrancy/reentrance,reentrancy,97,gen,reentrancy_probe,greedy,0.0,0.0,False,False,False
smartbugs,reentrancy/reentrance,reentrancy,98,gen,reentrancy_probe,greedy,0.0,0.0,False,False,False
smartbugs,reentrancy/reentrance,reentrancy,99,gen,reentrancy_probe,greedy,0.0,0.0,False,False,False
smartbugs,reentrancy/reentrancy_bonus,reentrancy,0,gen,reentrancy_probe,greedy,7.0,54.0,True,False,True
smartbugs,reentrancy/reentrancy_bonus,reentrancy,1,gen,arithmetic_probe,greedy,0.0,4.0,True,False,True
smartbugs,reentrancy/reentrancy_bonus,reentrancy,2,gen,access_control_probe,random,3.0,5.7143,True,False,True
smartbugs,reentrancy/reentrancy_bonus,reentrancy,3,gen,price_oracle_probe,greedy,0.0,4.5714,True,False,True
smartbugs,reentrancy/reentrancy_bonus,reentrancy,4,gen,logic_error_probe,random,1.0,6.2857,True,False,True
smartbugs,reentrancy/reentrancy_bonus,reentrancy,5,mut,value_perturb,greedy,0.0,4.5714,True,True,False
smartbugs,reentrancy/reentrancy_bonus,reentrancy,6,mut,call_insert,greedy,0.0,6.2857,True,True,False
smartbugs,reentrancy/reentrancy_bonus,reentrancy,7,mut,call_swap,random,0.0,5.7143,True,True,False
smartbugs,reentrancy/reentrancy_bonus,reentrancy,8,mut,arg_shuffle,greedy,0.0,4.0,True,True,False
smartbugs,reentrancy/reentrancy_bonus,reentrancy,9,gen,reentrancy_probe,greedy,0.0,1.7143,True,False,True
smartbugs,reentrancy/reentrancy_bonus,reentrancy,10,gen,arithmetic_probe,greedy,0.0,1.1429,True,False,True
smartbugs,reentrancy/reentrancy_bonus,reentrancy,11,gen,access_control_probe,greedy,0.0,0.0,True,False,True
smartbugs,reentrancy/reentrancy_bonus,reentrancy,12,gen,price_oracle_probe,greedy,0.0,0.0,True,False,True
smartbugs,reentrancy/reentrancy_bonus,reentrancy,13,gen,logic_error_probe,greedy,0.0,0.0,True,False,True
smartbugs,reentrancy/reentrancy_bonus,reentrancy,14,mut,value_perturb,greedy,0.0,1.1429,True,True,False
smartbugs,reentrancy/reentrancy_bonus,reentrancy,15,mut,call_insert,greedy,0.0,0.0,True,True,False
smartbugs,reentrancy/reentrancy_bonus,reentrancy,16,mut,call_swap,greedy,0.0,0.0,True,True,False
smartbugs,reentrancy/reentrancy_bonus,reentrancy,17,mut,arg_shuffle,greedy,0.0,0.5714,True,True,False
smartbugs,reentrancy/reentrancy_bonus,reentrancy,18,gen,reentrancy_probe,greedy,0.0,0.0,False,False,False
smartbugs,reentrancy/reentrancy_bonus,reentrancy,19,gen,reentrancy_probe,greedy,0.0,0.0,True,False,True
smartbugs,reentrancy/reentrancy_bonus,reentrancy,20,gen,reentrancy_probe,greedy,0.0,0.0,False,False,False
smartbugs,reentrancy/reentrancy_bonus,reentrancy,21,gen,reentrancy_probe,greedy,0.0,0.0,False,False,False
smartbugs,reentrancy/reentrancy_bonus,reentrancy,22,mut,value_perturb,greedy,0.0,0.5714,True,True,False
smartbugs,reentrancy/reentrancy_bonus,reentrancy,23,gen,arithmetic_probe,random,0.0,0.5714,True,False,True
smartbugs,reentrancy/reentrancy_bonus,reentrancy,24,mut,arg_shuffle,random,0.0,1.7143,True,True,False
smartbugs,reentrancy/reentrancy_bonus,reentrancy,25,mut,value_perturb,greedy,0.0,0.0,False,False,False
smartbugs,reentrancy/reentrancy_bonus,reentrancy,26,gen,logic_error_probe,random,0.0,0.0,False,False,False
smartbugs,reentrancy/reentrancy_bonus,reentrancy,27,mut,call_insert,greedy,0.0,0.0,True,True,False
smartbugs,reentrancy/reentrancy_bonus,reentrancy,28,mut,arg_shuffle,greedy,0.0,0.0,False,False,False
smartbugs,reentrancy/reentrancy_bonus,reentrancy,29,gen,access_control_probe,greedy,0.0,0.5714,False,False,False
smartbugs,reentrancy/reentrancy_bonus,reentrancy,30,mut,call_swap,random,0.0,0.0,True,False,True
smartbugs,reentrancy/reentrancy_bonus,reentrancy,31,mut,arg_shuffle,greedy,0.0,0.0,True,True,False
smartbugs,reentrancy/reentrancy_bonus,reentrancy,32,gen,logic_error_probe,greedy,0.0,0.0,True,False,True
smartbugs,reentrancy/reentrancy_bonus,reentrancy,33,gen,price_oracle_probe,greedy,0.0,0.0,True,False,True
smartbugs,reentrancy/reentrancy_bonus,reentrancy,34,gen,arithmetic_probe,greedy,0.0,0.0,True,False,True
smartbugs,reentrancy/reentrancy_bonus,reentrancy,35,gen,access_control_probe,greedy,0.0,0.0,True,False,True
smartbugs,reentrancy/reentrancy_bonus,reentrancy,36,mut,call_insert,random,0.0,0.0,True,False,True
smartbugs,reentrancy/reentrancy_bonus,reentrancy,37,mut,call_swap,greedy,0.0,0.0,True,False,True
smartbugs,reentrancy/reentrancy_bonus,reentrancy,38,gen,arithmetic_probe,greedy,0.0,0.0,True,False,True
smartbugs,reentrancy/reentrancy_bonus,reentrancy,39,gen,logic_error_probe,greedy,0.0,0.0,True,False,True
smartbugs,reentrancy/reentrancy_bonus,reentrancy,40,gen,price_oracle_probe,greedy,0.0,0.0,True,False,True
smartbugs,reentrancy/reentrancy_bonus,reentrancy,41,mut,value_perturb,greedy,0.0,0.0,False,False,False
smartbugs,reentrancy/reentrancy_bonus,reentrancy,42,gen,access_control_probe,greedy,0.0,0.0,True,False,True
smartbugs,reentrancy/reentrancy_bonus,reentrancy,43,gen,reentrancy_probe,greedy,0.0,0.0,False,False,False
smartbugs,reentrancy/reentrancy_bonus,reentrancy,44,mut,call_insert,greedy,0.0,0.0,False,False,False
smartbugs,reentrancy/reentrancy_bonus,reentrancy,45,mut,call_swap,greedy,0.0,0.0,True,True,False
smartbugs,reentrancy/reentrancy_bonus,reentrancy,46,gen,logic_error_probe,greedy,0.0,0.0,True,False,True
smartbugs,reentrancy/reentrancy_bonus,reentrancy,47,gen,price_oracle_probe,greedy,0.0,0.0,True,False,True
smartbugs,reentrancy/reentrancy_bonus,reentrancy,48,gen,access_control_probe,greedy,0.0,0.0,False,False,False
smartbugs,reentrancy/reentrancy_bonus,reentrancy,49,gen,reentrancy_probe,greedy,0.0,0.0,True,False,True
smartbugs,reentrancy/reentrancy_bonus,reentrancy,50,mut,arg_shuffle,greedy,0.0,0.0,False,False,False
smartbugs,reentrancy/reentrancy_bonus,reentrancy,51,gen,arithmetic_probe,greedy,0.0,0.0,True,False,True
smartbugs,reentrancy/reentrancy_bonus,reentrancy,52,gen,reentrancy_probe,greedy,0.0,0.0,True,False,True
smartbugs,reentrancy/reentrancy_bonus,reentrancy,53,mut,value_perturb,greedy,0.0,0.0,True,True,False
smartbugs,reentrancy/reentrancy_bonus,reentrancy,54,mut,arg_shuffle,greedy,0.0,0.0,True,False,True
smartbugs,reentrancy/reentrancy_bonus,reentrancy,55,mut,call_insert,greedy,0.0,0.0,True,False,True
smartbugs,reentrancy/reentrancy_bonus,reentrancy,56,mut,call_swap,greedy,0.0,0.0,False,False,False
smartbugs,reentrancy/reentrancy_bonus,reentrancy,57,gen,reentrancy_probe,greedy,0.0,0.0,True,False,True
smartbugs,reentrancy/reentrancy_bonus,reentrancy,58,mut,value_perturb,greedy,0.0,0.0,True,True,False
smartbugs,reentrancy/reentrancy_bonus,reentrancy,59,gen,price_oracle_probe,greedy,0.0,0.0,True,False,True
smartbugs,reentrancy/reentrancy_bonus,reentrancy,60,gen,arithmetic_probe,greedy,0.0,0.0,True,False,True
smartbugs,reentrancy/reentrancy_bonus,reentrancy,61,gen,access_control_probe,greedy,0.0,0.0,True,False,True
smartbugs,reentrancy/reentrancy_bonus,reentrancy,62,gen,logic_error_probe,greedy,0.0,0.0,True,False,True
smartbugs,reentrancy/reentrancy_bonus,reentrancy,63,mut,call_insert,random,0.0,0.0,True,False,True
smartbugs,reentrancy/reentrancy_bonus,reentrancy,64,mut,arg_shuffle,greedy,0.0,0.0,True,True,False
smartbugs,reentrancy/reentrancy_bonus,reentrancy,65,mut,call_swap,greedy,0.0,0.0,True,False,True
smartbugs,reentrancy/reentrancy_bonus,reentrancy,66,gen,price_oracle_probe,greedy,0.0,0.0,True,False,True
smartbugs,reentrancy/reentrancy_bonus,reentrancy,67,mut,value_perturb,greedy,0.0,0.0,True,True,False
smartbugs,reentrancy/reentrancy_bonus,reentrancy,68,gen,arithmetic_probe,greedy,0.0,0.0,True,False,True
smartbugs,reentrancy/reentrancy_bonus,reentrancy,69,gen,access_control_probe,greedy,0.0,0.0,True,False,True
smartbugs,reentrancy/reentrancy_bonus,reentrancy,70,gen,reentrancy_probe,greedy,0.0,0.0,True,False,True
smartbugs,reentrancy/reentrancy_bonus,reentrancy,71,gen,logic_error_probe,greedy,0.0,0.0,True,False,True
smartbugs,reentrancy/reentrancy_bonus,reentrancy,72,gen,price_oracle_probe,greedy,0.0,0.0,True,False,True
smartbugs,reentrancy/reentrancy_bonus,reentrancy,73,mut,call_insert,greedy,0.0,0.0,True,True,False
smartbugs,reentrancy/reentrancy_bonus,reentrancy,74,mut,arg_shuffle,greedy,0.0,0.0,False,False,False
smartbugs,reentrancy/reentrancy_bonus,reentrancy,75,mut,call_swap,greedy,0.0,0.0,True,True,False
smartbugs,reentrancy/reentrancy_bonus,reentrancy,76,mut,value_perturb,greedy,0.0,0.0,False,False,False
smartbugs,reentrancy/reentrancy_bonus,reentrancy,77,gen,arithmetic_probe,greedy,0.0,0.0,True,False,True
smartbugs,reentrancy/reentrancy_bonus,reentrancy,78,gen,access_control_probe,greedy,0.0,0.0,True,False,True
smartbugs,reentrancy/reentrancy_bonus,reentrancy,79,gen,logic_error_probe,greedy,0.0,0.0,True,False,True
smartbugs,reentrancy/reentrancy_bonus,reentrancy,80,mut,call_insert,greedy,0.0,0.0,False,False,False
smartbugs,reentrancy/reentrancy_bonus,reentrancy,81,mut,arg_shuffle,greedy,0.0,0.0,True,True,False
smartbugs,reentrancy/reentrancy_bonus,reentrancy,82,mut,call_swap,greedy,0.0,0.0,False,True,False
smartbugs,reentrancy/reentrancy_bonus,reentrancy,83,gen,price_oracle_probe,greedy,0.0,0.0,True,False,True
smartbugs,reentrancy/reentrancy_bonus,reentrancy,84,gen,price_oracle_probe,greedy,0.0,0.0,True,False,True
smartbugs,reentrancy/reentrancy_bonus,reentrancy,85,mut,value_perturb,greedy,0.0,0.0,True,True,False
smartbugs,reentrancy/reentrancy_bonus,reentrancy,86,mut,call_insert,greedy,0.0,0.0,True,True,False
smartbugs,reentrancy/reentrancy_bonus,reentrancy,87,gen,arithmetic_probe,greedy,0.0,0.0,True,False,True
smartbugs,reentrancy/reentrancy_bonus,reentrancy,88,mut,call_swap,random,0.0,0.0,True,True,False
smartbugs,reentrancy/reentrancy_bonus,reentrancy,89,gen,logic_error_probe,greedy,0.0,0.0,True,False,True
smartbugs,reentrancy/reentrancy_bonus,reentrancy,90,gen,access_control_probe,greedy,0.0,0.0,True,False,True
smartbugs,reentrancy/reentrancy_bonus,reentrancy,91,gen,reentrancy_probe,greedy,0.0,0.0,False,False,False
smartbugs,reentrancy/reentrancy_bonus,reentrancy,92,gen,access_control_probe,greedy,0.0,0.0,False,False,False
smartbugs,reentrancy/reentrancy_bonus,reentrancy,93,gen,reentrancy_probe,greedy,0.0,0.0,False,False,False
smartbugs,reentrancy/reentrancy_bonus,reentrancy,94,gen,logic_error_probe,greedy,0.0,0.0,True,False,True
smartbugs,reentrancy/reentrancy_bonus,reentrancy,95,mut,arg_shuffle,random,0.0,0.0,True,False,True
smartbugs,reentrancy/reentrancy_bonus,reentrancy,96,mut,value_perturb,greedy,0.0,0.0,True,False,True
smartbugs,reentrancy/reentrancy_bonus,reentrancy,97,gen,reentrancy_probe,greedy,0.0,0.0,False,False,False
smartbugs,reentrancy/reentrancy_bonus,reentrancy,98,gen,arithmetic_probe,greedy,0.0,0.0,True,False,True
smartbugs,reentrancy/reentrancy_bonus,reentrancy,99,mut,call_insert,greedy,0.0,0.0,True,False,True
smartbugs,reentrancy/reentrancy_dao,reentrancy,0,gen,reentrancy_probe,greedy,4.0,2.6667,False,False,False
smartbugs,reentrancy/reentrancy_dao,reentrancy,1,gen,arithmetic_probe,greedy,3.0,4.6667,False,False,False
smartbugs,reentrancy/reentrancy_dao,reentrancy,2,gen,access_control_probe,random,0.0,4.6667,False,False,False
smartbugs,reentrancy/reentrancy_dao,reentrancy,3,gen,price_oracle_probe,greedy,0.0,2.6667,False,False,False
smartbugs,reentrancy/reentrancy_dao,reentrancy,4,gen,logic_error_probe,greedy,0.0,2.6667,False,False,False
smartbugs,reentrancy/reentrancy_dao,reentrancy,5,mut,value_perturb,greedy,2.0,5.3333,False,False,False
smartbugs,reentrancy/reentrancy_dao,reentrancy,6,mut,call_insert,greedy,0.0,5.3333,False,False,False
smartbugs,reentrancy/reentrancy_dao,reentrancy,7,mut,call_swap,random,0.0,4.0,False,False,False
smartbugs,reentrancy/reentrancy_dao,reentrancy,8,mut,arg_shuffle,random,0.0,4.6667,False,False,False
smartbugs,reentrancy/reentrancy_dao,reentrancy,9,gen,reentrancy_probe,greedy,0.0,0.0,False,False,False
smartbugs,reentrancy/reentrancy_dao,reentrancy,10,gen,arithmetic_probe,greedy,0.0,1.3333,False,False,False
smartbugs,reentrancy/reentrancy_dao,reentrancy,11,gen,access_control_probe,greedy,0.0,0.0,False,False,False
smartbugs,reentrancy/reentrancy_dao,reentrancy,12,gen,price_oracle_probe,greedy,0.0,0.0,False,False,False
smartbugs,reentrancy/reentrancy_dao,reentrancy,13,gen,logic_error_probe,greedy,0.0,0.0,False,False,False
smartbugs,reentrancy/reentrancy_dao,reentrancy,14,mut,value_perturb,greedy,0.0,0.0,False,False,False
smartbugs,reentrancy/reentrancy_dao,reentrancy,15,mut,call_insert,greedy,0.0,0.6667,False,False,False
smartbugs,reentrancy/reentrancy_dao,reentrancy,16,mut,call_swap,random,0.0,0.6667,False,False,False
smartbugs,reentrancy/reentrancy_dao,reentrancy,17,mut,arg_shuffle,greedy,0.0,0.0,False,False,False
smartbugs,reentrancy/reentrancy_dao,reentrancy,18,gen,access_control_probe,greedy,0.0,0.0,False,False,False
smartbugs,reentrancy/reentrancy_dao,reentrancy,19,gen,arithmetic_probe,greedy,0.0,0.0,False,False,False
smartbugs,reentrancy/reentrancy_dao,reentrancy,20,mut,call_insert,greedy,0.0,0.0,False,False,False
smartbugs,reentrancy/reentrancy_dao,reentrancy,21,mut,value_perturb,greedy,0.0,0.0,False,False,False
smartbugs,reentrancy/reentrancy_dao,reentrancy,22,mut,call_swap,greedy,0.0,1.3333,False,False,False
smartbugs,reentrancy/reentrancy_dao,reentrancy,23,mut,call_swap,greedy,0.0,0.0,False,False,False
smartbugs,reentrancy/reentrancy_dao,reentrancy,24,mut,arg_shuffle,random,0.0,1.3333,False,False,False
smartbugs,reentrancy/reentrancy_dao,reentrancy,25,mut,arg_shuffle,greedy,0.0,0.0,False,False,False
smartbugs,reentrancy/reentrancy_dao,reentrancy,26,gen,arithmetic_probe,greedy,0.0,0.0,False,False,False
smartbugs,reentrancy/reentrancy_dao,reentrancy,27,mut,call_insert,greedy,0.0,0.0,False,False,False
smartbugs,reentrancy/reentrancy_dao,reentrancy,28,mut,call_swap,greedy,0.0,0.0,False,False,False
smartbugs,reentrancy/reentrancy_dao,reentrancy,29,gen,reentrancy_probe,random,0.0,2.6667,False,False,False
smartbugs,reentrancy/reentrancy_dao,reentrancy,30,gen,reentrancy_probe,greedy,0.0,0.0,False,False,False
smartbugs,reentrancy/reentrancy_dao,reentrancy,31,gen,reentrancy_probe,greedy,0.0,0.0,False,False,False
smartbugs,reentrancy/reentrancy_dao,reentrancy,32,gen,price_oracle_probe,greedy,0.0,0.0,False,False,False
smartbugs,reentrancy/reentrancy_dao,reentrancy,33,gen,logic_error_probe,greedy,0.0,0.0,False,False,False
smartbugs,reentrancy/reentrancy_dao,reentrancy,34,mut,arg_shuffle,greedy,0.0,0.0,False,False,False
smartbugs,reentrancy/reentrancy_dao,reentrancy,35,gen,access_control_probe,greedy,0.0,0.0,False,False,False
smartbugs,reentrancy/reentrancy_dao,reentrancy,36,mut,value_perturb,greedy,0.0,0.0,False,False,False
smartbugs,reentrancy/reentrancy_dao,reentrancy,37,mut,call_insert,greedy,0.0,0.0,False,False,False
smartbugs,reentrancy/reentrancy_dao,reentrancy,38,gen,reentrancy_probe,greedy,0.0,0.0,False,False,False
smartbugs,reentrancy/reentrancy_dao,reentrancy,39,gen,arithmetic_probe,greedy,0.0,0.0,False,False,False
smartbugs,reentrancy/reentrancy_dao,reentrancy,40,gen,price_oracle_probe,greedy,0.0,0.0,False,False,False
smartbugs,reentrancy/reentrancy_dao,reentrancy,41,gen,logic_error_probe,greedy,0.0,0.0,False,False,False
smartbugs,reentrancy/reentrancy_dao,reentrancy,42,gen,price_oracle_probe,greedy,0.0,0.0,False,False,False
smartbugs,reentrancy/reentrancy_dao,reentrancy,43,mut,value_perturb,greedy,0.0,0.0,False,False,False
smartbugs,reentrancy/reentrancy_dao,reentrancy,44,gen,access_control_probe,greedy,0.0,0.0,False,False,False
smartbugs,reentrancy/reentrancy_dao,reentrancy,45,gen,arithmetic_probe,greedy,0.0,0.0,False,False,False
smartbugs,reentrancy/reentrancy_dao,reentrancy,46,gen,logic_error_probe,greedy,0.0,0.0,False,False,False
smartbugs,reentrancy/reentrancy_dao,reentrancy,47,mut,value_perturb,greedy,0.0,0.6667,False,False,False
smartbugs,reentrancy/reentrancy_dao,reentrancy,48,mut,call_swap,greedy,0.0,0.0,False,False,False
smartbugs,reentrancy/reentrancy_dao,reentrancy,49,mut,arg_shuffle,greedy,0.0,0.0,False,False,False
smartbugs,reentrancy/reentrancy_dao,reentrancy,50,gen,reentrancy_probe,greedy,0.0,0.0,False,False,False
smartbugs,reentrancy/reentrancy_dao,reentrancy,51,mut,call_insert,greedy,0.0,0.0,False,False,False
smartbugs,reentrancy/reentrancy_dao,reentrancy,52,mut,call_swap,greedy,0.0,0.0,False,False,False
smartbugs,reentrancy/reentrancy_dao,reentrancy,53,mut,arg_shuffle,greedy,0.0,0.0,False,False,False
smartbugs,reentrancy/reentrancy_dao,reentrancy,54,gen,reentrancy_probe,greedy,0.0,0.0,False,False,False
smartbugs,reentrancy/reentrancy_dao,reentrancy,55,gen,access_control_probe,greedy,0.0,0.0,False,False,False
smartbugs,reentrancy/reentrancy_dao,reentrancy,56,gen,arithmetic_probe,greedy,0.0,0.0,False,False,False
smartbugs,reentrancy/reentrancy_dao,reentrancy,57,mut,call_insert,greedy,0.0,0.0,False,False,False
smartbugs,reentrancy/reentrancy_dao,reentrancy,58,gen,logic_error_probe,greedy,0.0,2.0,False,False,False
smartbugs,reentrancy/reentrancy_dao,reentrancy,59,mut,call_insert,greedy,0.0,0.0,False,False,False
smartbugs,reentrancy/reentrancy_dao,reentrancy,60,gen,logic_error_probe,greedy,0.0,0.0,False,False,False
smartbugs,reentrancy/reentrancy_dao,reentrancy,61,gen,logic_error_probe,random,0.0,1.3333,False,False,False
smartbugs,reentrancy/reentrancy_dao,reentrancy,62,gen,logic_error_probe,random,0.0,0.0,False,False,False
smartbugs,reentrancy/reentrancy_dao,reentrancy,63,gen,logic_error_probe,random,0.0,0.0,False,False,False
smartbugs,reentrancy/reentrancy_dao,reentrancy,64,mut,value_perturb,greedy,0.0,0.0,False,False,False
smartbugs,reentrancy/reentrancy_dao,reentrancy,65,mut,value_perturb,random,0.0,0.0,False,False,False
smartbugs,reentrancy/reentrancy_dao,reentrancy,66,gen,reentrancy_probe,random,0.0,0.0,False,False,False
smartbugs,reentrancy/reentrancy_dao,reentrancy,67,mut,value_perturb,random,0.0,0.0,False,False,False
smartbugs,reentrancy/reentrancy_dao,reentrancy,68,gen,price_oracle_probe,greedy,0.0,0.0,False,False,False
smartbugs,reentrancy/reentrancy_dao,reentrancy,69,mut,call_swap,random,0.0,0.0,False,False,False
smartbugs,reentrancy/reentrancy_dao,reentrancy,70,mut,arg_shuffle,greedy,0.0,0.0,False,False,False
smartbugs,reentrancy/reentrancy_dao,reentrancy,71,mut,call_swap,greedy,0.0,0.0,False,False,False
smartbugs,reentrancy/reentrancy_dao,reentrancy,72,gen,access_control_probe,greedy,0.0,0.0,False,False,False
smartbugs,reentrancy/reentrancy_dao,reentrancy,73,gen,arithmetic_probe,greedy,0.0,0.0,False,False,False
smartbugs,reentrancy/reentrancy_dao,reentrancy,74,gen,logic_error_probe,greedy,0.0,0.0,False,False,False
smartbugs,reentrancy/reentrancy_dao,reentrancy,75,gen,logic_error_probe,greedy,0.0,0.0,False,False,False
smartbugs,reentrancy/reentrancy_dao,reentrancy,76,gen,logic_error_probe,greedy,0.0,0.0,False,False,False
smartbugs,reentrancy/reentrancy_dao,reentrancy,77,mut,value_perturb,greedy,0.0,0.0,False,False,False
smartbugs,reentrancy/reentrancy_dao,reentrancy,78,gen,price_oracle_probe,random,0.0,2.6667,False,False,False
smartbugs,reentrancy/reentrancy_dao,reentrancy,79,gen,price_oracle_probe,greedy,0.0,0.0,False,False,False
smartbugs,reentrancy/reentrancy_dao,reentrancy,80,gen,price_oracle_probe,greedy,0.0,0.0,False,False,False
smartbugs,reentrancy/reentrancy_dao,reentrancy,81,gen,price_oracle_probe,greedy,0.0,0.0,False,False,False
smartbugs,reentrancy/reentrancy_dao,reentrancy,82,mut,arg_shuffle,random,0.0,0.0,False,False,False
smartbugs,reentrancy/reentrancy_dao,reentrancy,83,mut,value_perturb,greedy,0.0,0.0,False,False,False
smartbugs,reentrancy/reentrancy_dao,reentrancy,84,gen,access_control_probe,greedy,0.0,0.0,False,False,False
smartbugs,reentrancy/reentrancy_dao,reentrancy,85,gen,logic_error_probe,greedy,0.0,0.0,False,False,False
smartbugs,reentrancy/reentrancy_dao,reentrancy,86,gen,arithmetic_probe,greedy,0.0,0.0,False,False,False
smartbugs,reentrancy/reentrancy_dao,reentrancy,87,gen,reentrancy_probe,greedy,0.0,0.0,False,False,False
smartbugs,reentrancy/reentrancy_dao,reentrancy,88,mut,call_insert,greedy,0.0,0.0,False,False,False
smartbugs,reentrancy/reentrancy_dao,reentrancy,89,mut,arg_shuffle,greedy,0.0,0.0,False,False,False
smartbugs,reentrancy/reentrancy_dao,reentrancy,90,mut,call_swap,greedy,0.0,0.0,False,False,False
smartbugs,reentrancy/reentrancy_dao,reentrancy,91,gen,access_control_probe,greedy,0.0,0.0,False,False,False
smartbugs,reentrancy/reentrancy_dao,reentrancy,92,gen,price_oracle_probe,random,0.0,0.6667,False,False,False
smartbugs,reentrancy/reentrancy_dao,reentrancy,93,gen,reentrancy_probe,greedy,0.0,0.0,False,False,False
smartbugs,reentrancy/reentrancy_dao,reentrancy,94,gen,price_oracle_probe,greedy,0.0,0.0,False,False,False
smartbugs,reentrancy/reentrancy_dao,reentrancy,95,gen,price_oracle_probe,greedy,0.0,0.0,False,False,False
smartbugs,reentrancy/reentrancy_dao,reentrancy,96,gen,price_oracle_probe,greedy,0.0,0.0,False,False,False
smartbugs,reentrancy/reentrancy_dao,reentrancy,97,gen,price_oracle_probe,greedy,0.0,0.0,False,False,False
smartbugs,reentrancy/reentrancy_dao,reentrancy,98,gen,logic_error_probe,greedy,0.0,0.0,False,False,False
smartbugs,reentrancy/reentrancy_dao,reentrancy,99,gen,arithmetic_probe,greedy,0.0,0.0,False,False,False
smartbugs,reentrancy/reentrancy_simple,reentrancy,0,gen,reentrancy_probe,greedy,8.0,54.5714,True,False,True
smartbugs,reentrancy/reentrancy_simple,reentrancy,1,gen,arithmetic_probe,greedy,0.0,2.2857,False,False,False
smartbugs,reentrancy/reentrancy_simple,reentrancy,2,gen,access_control_probe,greedy,2.0,4.0,False,False,False
smartbugs,reentrancy/reentrancy_simple,reentrancy,3,gen,price_oracle_probe,random,0.0,4.0,False,False,False
smartbugs,reentrancy/reentrancy_simple,reentrancy,4,gen,logic_error_probe,greedy,0.0,4.0,False,False,False
smartbugs,reentrancy/reentrancy_simple,reentrancy,5,mut,value_perturb,greedy,0.0,2.8571,False,False,False
smartbugs,reentrancy/reentrancy_simple,reentrancy,6,mut,call_insert,greedy,0.0,5.1429,False,False,False
smartbugs,reentrancy/reentrancy_simple,reentrancy,7,mut,call_swap,greedy,0.0,4.0,False,True,False
smartbugs,reentrancy/reentrancy_simple,reentrancy,8,mut,arg_shuffle,greedy,0.0,2.8571,False,False,False
smartbugs,reentrancy/reentrancy_simple,reentrancy,9,gen,reentrancy_probe,random,0.0,1.1429,False,False,False
smartbugs,reentrancy/reentrancy_simple,reentrancy,10,gen,arithmetic_probe,greedy,0.0,3.4286,False,False,False
smartbugs,reentrancy/reentrancy_simple,reentrancy,11,gen,access_control_probe,greedy,0.0,0.0,False,False,False
smartbugs,reentrancy/reentrancy_simple,reentrancy,12,gen,price_oracle_probe,greedy,0.0,0.0,False,False,False
smartbugs,reentrancy/reentrancy_simple,reentrancy,13,gen,logic_error_probe,greedy,0.0,0.0,False,False,False
smartbugs,reentrancy/reentrancy_simple,reentrancy,14,mut,value_perturb,greedy,0.0,0.0,False,False,False
smartbugs,reentrancy/reentrancy_simple,reentrancy,15,mut,call_insert,greedy,0.0,0.5714,False,True,False
smartbugs,reentrancy/reentrancy_simple,reentrancy,16,mut,call_swap,greedy,0.0,0.0,False,False,False
smartbugs,reentrancy/reentrancy_simple,reentrancy,17,mut,arg_shuffle,greedy,0.0,1.1429,False,False,False
smartbugs,reentrancy/reentrancy_simple,reentrancy,18,gen,reentrancy_probe,greedy,0.0,0.0,False,False,False
smartbugs,reentrancy/reentrancy_simple,reentrancy,19,gen,reentrancy_probe,greedy,0.0,0.0,False,False,False
smartbugs,reentrancy/reentrancy_simple,reentrancy,20,gen,reentrancy_probe,greedy,0.0,0.0,False,False,False
smartbugs,reentrancy/reentrancy_simple,reentrancy,21,gen,reentrancy_probe,greedy,0.0,0.0,False,False,False
smartbugs,reentrancy/reentrancy_simple,reentrancy,22,gen,arithmetic_probe,greedy,0.0,0.0,False,False,False
smartbugs,reentrancy/reentrancy_simple,reentrancy,23,mut,call_insert,greedy,0.0,0.0,False,False,False
smartbugs,reentrancy/reentrancy_simple,reentrancy,24,mut,arg_shuffle,greedy,0.0,0.0,False,False,False
smartbugs,reentrancy/reentrancy_simple,reentrancy,25,gen,arithmetic_probe,greedy,0.0,0.0,False,False,False
smartbugs,reentrancy/reentrancy_simple,reentrancy,26,gen,access_control_probe,greedy,0.0,0.0,False,False,False
smartbugs,reentrancy/reentrancy_simple,reentrancy,27,gen,price_oracle_probe,greedy,0.0,0.0,False,False,False
smartbugs,reentrancy/reentrancy_simple,reentrancy,28,mut,arg_shuffle,greedy,0.0,1.7143,True,True,False
smartbugs,reentrancy/reentrancy_simple,reentrancy,29,mut,arg_shuffle,greedy,0.0,0.0,False,False,False
smartbugs,reentrancy/reentrancy_simple,reentrancy,30,mut,value_perturb,greedy,0.0,0.0,False,False,False
smartbugs,reentrancy/reentrancy_simple,reentrancy,31,gen,logic_error_probe,greedy,0.0,1.7143,False,False,False
smartbugs,reentrancy/reentrancy_simple,reentrancy,32,gen,logic_error_probe,greedy,0.0,0.0,False,False,False
smartbugs,reentrancy/reentrancy_simple,reentrancy,33,mut,call_insert,greedy,0.0,0.0,False,False,False
smartbugs,reentrancy/reentrancy_simple,reentrancy,34,mut,call_swap,greedy,0.0,0.0,False,False,False
smartbugs,reentrancy/reentrancy_simple,reentrancy,35,gen,logic_error_probe,greedy,0.0,0.0,False,False,False
smartbugs,reentrancy/reentrancy_simple,reentrancy,36,gen,arithmetic_probe,greedy,0.0,0.0,False,False,False
smartbugs,reentrancy/reentrancy_simple,reentrancy,37,gen,access_control_probe,random,0.0,1.7143,False,False,False
smartbugs,reentrancy/reentrancy_simple,reentrancy,38,gen,price_oracle_probe,greedy,0.0,0.0,False,False,False
smartbugs,reentrancy/reentrancy_simple,reentrancy,39,gen,access_control_probe,greedy,0.0,0.0,False,False,False
smartbugs,reentrancy/reentrancy_simple,reentrancy,40,gen,access_control_probe,random,0.0,0.0,False,False,False
smartbugs,reentrancy/reentrancy_simple,reentrancy,41,mut,call_swap,random,0.0,1.7143,False,True,False
smartbugs,reentrancy/reentrancy_simple,reentrancy,42,mut,call_swap,greedy,0.0,0.0,False,False,False
smartbugs,reentrancy/reentrancy_simple,reentrancy,43,gen,reentrancy_probe,greedy,0.0,0.0,False,False,False
smartbugs,reentrancy/reentrancy_simple,reentrancy,44,mut,call_insert,greedy,0.0,0.0,False,False,False
smartbugs,reentrancy/reentrancy_simple,reentrancy,45,mut,value_perturb,greedy,0.0,1.7143,True,True,False
smartbugs,reentrancy/reentrancy_simple,reentrancy,46,mut,value_perturb,greedy,0.0,0.0,True,True,False
smartbugs,reentrancy/reentrancy_simple,reentrancy,47,mut,arg_shuffle,greedy,0.0,0.0,True,True,False
smartbugs,reentrancy/reentrancy_simple,reentrancy,48,gen,price_oracle_probe,greedy,0.0,0.0,False,False,False
smartbugs,reentrancy/reentrancy_simple,reentrancy,49,gen,reentrancy_probe,greedy,0.0,0.0,False,False,False
smartbugs,reentrancy/reentrancy_simple,reentrancy,50,gen,logic_error_probe,greedy,0.0,0.0,False,False,False
smartbugs,reentrancy/reentrancy_simple,reentrancy,51,mut,arg_shuffle,fallback_other,0.0,0.0,False,False,False
smartbugs,reentrancy/reentrancy_simple,reentrancy,52,gen,reentrancy_probe,greedy,0.0,0.0,False,False,False
smartbugs,reentrancy/reentrancy_simple,reentrancy,53,mut,call_swap,greedy,0.0,0.0,True,True,False
smartbugs,reentrancy/reentrancy_simple,reentrancy,54,gen,arithmetic_probe,greedy,0.0,0.0,False,False,False
smartbugs,reentrancy/reentrancy_simple,reentrancy,55,gen,access_control_probe,greedy,0.0,0.0,False,False,False
smartbugs,reentrancy/reentrancy_simple,reentrancy,56,mut,call_swap,greedy,0.0,0.0,False,True,False
smartbugs,reentrancy/reentrancy_simple,reentrancy,57,mut,value_perturb,random,0.0,0.0,False,True,False
smartbugs,reentrancy/reentrancy_simple,reentrancy,58,mut,value_perturb,greedy,0.0,0.0,True,True,False
smartbugs,reentrancy/reentrancy_simple,reentrancy,59,mut,call_insert,greedy,0.0,0.0,False,False,False
smartbugs,reentrancy/reentrancy_simple,reentrancy,60,gen,logic_error_probe,greedy,0.0,0.0,False,False,False
smartbugs,reentrancy/reentrancy_simple,reentrancy,61,mut,arg_shuffle,greedy,0.0,0.0,False,False,False
smartbugs,reentrancy/reentrancy_simple,reentrancy,62,gen,arithmetic_probe,greedy,0.0,0.0,False,False,False
smartbugs,reentrancy/reentrancy_simple,reentrancy,63,gen,access_control_probe,greedy,0.0,0.0,False,False,False
smartbugs,reentrancy/reentrancy_simple,reentrancy,64,mut,call_swap,greedy,0.0,0.0,False,False,False
smartbugs,reentrancy/reentrancy_simple,reentrancy,65,mut,value_perturb,random,0.0,1.1429,False,False,False
smartbugs,reentrancy/reentrancy_simple,reentrancy,66,mut,value_perturb,greedy,0.0,0.0,False,False,False
smartbugs,reentrancy/reentrancy_simple,reentrancy,67,mut,value_perturb,greedy,0.0,0.0,False,False,False
smartbugs,reentrancy/reentrancy_simple,reentrancy,68,gen,price_oracle_probe,greedy,0.0,0.0,False,False,False
smartbugs,reentrancy/reentrancy_simple,reentrancy,69,gen,reentrancy_probe,greedy,0.0,0.0,False,False,False
smartbugs,reentrancy/reentrancy_simple,reentrancy,70,mut,call_insert,greedy,0.0,0.0,False,False,False
smartbugs,reentrancy/reentrancy_simple,reentrancy,71,gen,logic_error_probe,greedy,0.0,0.0,False,False,False
smartbugs,reentrancy/reentrancy_simple,reentrancy,72,mut,arg_shuffle,greedy,0.0,0.0,False,False,False
smartbugs,reentrancy/reentrancy_simple,reentrancy,73,mut,call_swap,greedy,0.0,0.0,False,False,False
smartbugs,reentrancy/reentrancy_simple,reentrancy,74,gen,arithmetic_probe,greedy,0.0,0.0,False,False,False
smartbugs,reentrancy/reentrancy_simple,reentrancy,75,gen,access_control_probe,greedy,0.0,0.0,False,False,False
smartbugs,reentrancy/reentrancy_simple,reentrancy,76,gen,price_oracle_probe,random,0.0,1.7143,False,False,False
smartbugs,reentrancy/reentrancy_simple,reentrancy,77,gen,price_oracle_probe,random,0.0,0.0,False,False,False
smartbugs,reentrancy/reentrancy_simple,reentrancy,78,gen,price_oracle_probe,greedy,0.0,0.0,False,False,False
smartbugs,reentrancy/reentrancy_simple,reentrancy,79,gen,price_oracle_probe,greedy,0.0,0.0,False,False,False
smartbugs,reentrancy/reentrancy_simple,reentrancy,80,mut,value_perturb,greedy,0.0,0.0,False,False,False
smartbugs,reentrancy/reentrancy_simple,reentrancy,81,mut,value_perturb,greedy,0.0,0.0,False,False,False
smartbugs,reentrancy/reentrancy_simple,reentrancy,82,gen,reentrancy_probe,greedy,0.0,0.0,False,False,False
smartbugs,reentrancy/reentrancy_simple,reentrancy,83,mut,call_insert,greedy,0.0,0.0,False,True,False
smartbugs,reentrancy/reentrancy_simple,reentrancy,84,gen,logic_error_probe,greedy,0.0,0.0,False,False,False
smartbugs,reentrancy/reentrancy_simple,reentrancy,85,mut,value_perturb,random,0.0,0.0,False,False,False
smartbugs,reentrancy/reentrancy_simple,reentrancy,86,gen,logic_error_probe,greedy,0.0,0.0,False,False,False
smartbugs,reentrancy/reentrancy_simple,reentrancy,87,mut,arg_shuffle,greedy,0.0,0.0,False,False,False
smartbugs,reentrancy/reentrancy_simple,reentrancy,88,mut,call_swap,greedy,0.0,0.0,False,False,False
smartbugs,reentrancy/reentrancy_simple,reentrancy,89,gen,arithmetic_probe,greedy,0.0,0.0,False,False,False
smartbugs,reentrancy/reentrancy_simple,reentrancy,90,gen,arithmetic_probe,greedy,0.0,0.0,False,False,False
smartbugs,reentrancy/reentrancy_simple,reentrancy,91,gen,price_oracle_probe,greedy,0.0,0.0,False,False,False
smartbugs,reentrancy/reentrancy_simple,reentrancy,92,gen,price_oracle_probe,greedy,0.0,0.0,False,False,False
smartbugs,reentrancy/reentrancy_simple,reentrancy,93,gen,access_control_probe,random,0.0,0.0,False,False,False
smartbugs,reentrancy/reentrancy_simple,reentrancy,94,gen,price_oracle_probe,greedy,0.0,0.0,False,False,False
smartbugs,reentrancy/reentrancy_simple,reentrancy,95,mut,call_insert,random,0.0,0.0,False,False,False
smartbugs,reentrancy/reentrancy_simple,reentrancy,96,mut,value_perturb,greedy,0.0,0.0,False,False,False
smartbugs,reentrancy/reentrancy_simple,reentrancy,97,gen,access_control_probe,greedy,0.0,0.0,False,False,False
smartbugs,reentrancy/reentrancy_simple,reentrancy,98,gen,reentrancy_probe,greedy,0.0,0.0,False,False,False
smartbugs,reentrancy/reentrancy_simple,reentrancy,99,gen,price_oracle_probe,random,0.0,0.0,False,False,False
smartbugs,reentrancy/simple_dao,reentrancy,0,gen,reentrancy_probe,random,10.0,4.0,False,False,False
smartbugs,reentrancy/simple_dao,reentrancy,1,gen,arithmetic_probe,random,0.0,2.4,False,False,False
smartbugs,reentrancy/simple_dao,reentrancy,2,gen,access_control_probe,greedy,0.0,3.6,False,False,False
smartbugs,reentrancy/simple_dao,reentrancy,3,gen,price_oracle_probe,greedy,0.0,2.8,False,False,False
smartbugs,reentrancy/simple_dao,reentrancy,4,gen,logic_error_probe,random,3.0,5.2,False,False,False
smartbugs,reentrancy/simple_dao,reentrancy,5,mut,value_perturb,random,0.0,5.2,False,False,False
smartbugs,reentrancy/simple_dao,reentrancy,6,mut,call_insert,greedy,0.0,5.2,False,False,False
smartbugs,reentrancy/simple_dao,reentrancy,7,mut,call_swap,greedy,0.0,2.8,False,False,False
smartbugs,reentrancy/simple_dao,reentrancy,8,mut,arg_shuffle,greedy,0.0,5.2,False,False,False
smartbugs,reentrancy/simple_dao,reentrancy,9,gen,reentrancy_probe,greedy,0.0,0.0,False,False,False
smartbugs,reentrancy/simple_dao,reentrancy,10,gen,arithmetic_probe,greedy,0.0,0.8,False,False,False
smartbugs,reentrancy/simple_dao,reentrancy,11,gen,access_control_probe,greedy,0.0,0.0,False,False,False
smartbugs,reentrancy/simple_dao,reentrancy,12,gen,price_oracle_probe,greedy,0.0,0.4,False,False,False
smartbugs,reentrancy/simple_dao,reentrancy,13,gen,logic_error_probe,greedy,0.0,0.0,False,False,False
smartbugs,reentrancy/simple_dao,reentrancy,14,mut,value_perturb,greedy,0.0,0.0,False,False,False
smartbugs,reentrancy/simple_dao,reentrancy,15,mut,call_insert,greedy,0.0,0.0,False,False,False
smartbugs,reentrancy/simple_dao,reentrancy,16,mut,call_swap,greedy,0.0,1.2,False,False,False
smartbugs,reentrancy/simple_dao,reentrancy,17,mut,arg_shuffle,greedy,0.0,0.0,False,False,False
smartbugs,reentrancy/simple_dao,reentrancy,18,mut,call_swap,greedy,0.0,1.2,False,False,False
smartbugs,reentrancy/simple_dao,reentrancy,19,gen,logic_error_probe,random,0.0,0.0,False,False,False
smartbugs,reentrancy/simple_dao,reentrancy,20,mut,value_perturb,greedy,0.0,0.0,False,False,False
smartbugs,reentrancy/simple_dao,reentrancy,21,mut,call_insert,greedy,0.0,0.0,False,False,False
smartbugs,reentrancy/simple_dao,reentrancy,22,mut,arg_shuffle,greedy,0.0,0.0,False,False,False
smartbugs,reentrancy/simple_dao,reentrancy,23,mut,call_swap,greedy,0.0,0.0,False,False,False
smartbugs,reentrancy/simple_dao,reentrancy,24,gen,reentrancy_probe,greedy,0.0,0.0,False,False,False
smartbugs,reentrancy/simple_dao,reentrancy,25,gen,arithmetic_probe,greedy,0.0,0.0,False,False,False
smartbugs,reentrancy/simple_dao,reentrancy,26,gen,arithmetic_probe,greedy,0.0,0.0,False,False,False
smartbugs,reentrancy/simple_dao,reentrancy,27,gen,price_oracle_probe,greedy,0.0,0.0,False,False,False
smartbugs,reentrancy/simple_dao,reentrancy,28,gen,access_control_probe,greedy,0.0,0.0,False,False,False
smartbugs,reentrancy/simple_dao,reentrancy,29,gen,logic_error_probe,greedy,0.0,0.0,False,False,False
smartbugs,reentrancy/simple_dao,reentrancy,30,mut,value_perturb,random,0.0,0.0,False,False,False
smartbugs,reentrancy/simple_dao,reentrancy,31,mut,call_insert,greedy,0.0,0.0,False,False,False
smartbugs,reentrancy/simple_dao,reentrancy,32,mut,arg_shuffle,greedy,0.0,0.0,False,False,False
smartbugs,reentrancy/simple_dao,reentrancy,33,mut,call_swap,greedy,0.0,0.0,False,False,False
smartbugs,reentrancy/simple_dao,reentrancy,34,gen,reentrancy_probe,greedy,0.0,0.0,False,False,False
smartbugs,reentrancy/simple_dao,reentrancy,35,gen,price_oracle_probe,greedy,0.0,0.0,False,False,False
smartbugs,reentrancy/simple_dao,reentrancy,36,gen,access_control_probe,greedy,0.0,0.4,False,False,False
smartbugs,reentrancy/simple_dao,reentrancy,37,mut,call_insert,greedy,0.0,0.0,False,False,False
smartbugs,reentrancy/simple_dao,reentrancy,38,gen,access_control_probe,greedy,0.0,0.0,False,False,False
smartbugs,reentrancy/simple_dao,reentrancy,39,gen,logic_error_probe,greedy,0.0,0.0,False,False,False
smartbugs,reentrancy/simple_dao,reentrancy,40,mut,value_perturb,greedy,0.0,0.0,False,False,False
smartbugs,reentrancy/simple_dao,reentrancy,41,mut,arg_shuffle,greedy,0.0,0.0,False,False,False
smartbugs,reentrancy/simple_dao,reentrancy,42,gen,price_oracle_probe,greedy,0.0,0.0,False,False,False
smartbugs,reentrancy/simple_dao,reentrancy,43,gen,reentrancy_probe,greedy,0.0,0.0,False,False,False
smartbugs,reentrancy/simple_dao,reentrancy,44,mut,call_swap,greedy,0.0,0.0,False,False,False
smartbugs,reentrancy/simple_dao,reentrancy,45,mut,call_swap,greedy,0.0,0.0,False,False,False
smartbugs,reentrancy/simple_dao,reentrancy,46,gen,arithmetic_probe,greedy,0.0,0.0,False,False,False
smartbugs,reentrancy/simple_dao,reentrancy,47,gen,logic_error_probe,greedy,0.0,0.0,False,False,False
smartbugs,reentrancy/simple_dao,reentrancy,48,gen,reentrancy_probe,greedy,0.0,0.0,False,False,False
smartbugs,reentrancy/simple_dao,reentrancy,49,gen,access_control_probe,greedy,0.0,0.0,False,False,False
smartbugs,reentrancy/simple_dao,reentrancy,50,mut,call_insert,greedy,0.0,0.0,False,False,False
smartbugs,reentrancy/simple_dao,reentrancy,51,mut,value_perturb,greedy,0.0,0.0,False,False,False
smartbugs,reentrancy/simple_dao,reentrancy,52,mut,value_perturb,greedy,0.0,0.0,False,False,False
smartbugs,reentrancy/simple_dao,reentrancy,53,gen,price_oracle_probe,greedy,0.0,0.0,False,False,False
smartbugs,reentrancy/simple_dao,reentrancy,54,mut,arg_shuffle,greedy,0.0,0.0,False,False,False
smartbugs,reentrancy/simple_dao,reentrancy,55,mut,call_swap,greedy,0.0,0.0,False,False,False
smartbugs,reentrancy/simple_dao,reentrancy,56,gen,access_control_probe,greedy,0.0,0.0,False,False,False
smartbugs,reentrancy/simple_dao,reentrancy,57,gen,arithmetic_probe,greedy,0.0,0.8,False,False,False
smartbugs,reentrancy/simple_dao,reentrancy,58,gen,logic_error_probe,greedy,0.0,0.0,False,False,False
smartbugs,reentrancy/simple_dao,reentrancy,59,gen,arithmetic_probe,greedy,0.0,0.0,False,False,False
smartbugs,reentrancy/simple_dao,reentrancy,60,gen,arithmetic_probe,greedy,0.0,0.0,False,False,False
smartbugs,reentrancy/simple_dao,reentrancy,61,gen,arithmetic_probe,random,0.0,0.0,False,False,False
smartbugs,reentrancy/simple_dao,reentrancy,62,gen,arithmetic_probe,greedy,0.0,0.0,False,False,False
smartbugs,reentrancy/simple_dao,reentrancy,63,mut,call_insert,greedy,0.0,0.0,False,False,False
smartbugs,reentrancy/simple_dao,reentrancy,64,mut,arg_shuffle,random,0.0,0.0,False,False,False
smartbugs,reentrancy/simple_dao,reentrancy,65,gen,reentrancy_probe,greedy,0.0,0.0,False,False,False
smartbugs,reentrancy/simple_dao,reentrancy,66,gen,price_oracle_probe,greedy,0.0,0.8,False,False,False
smartbugs,reentrancy/simple_dao,reentrancy,67,gen,price_oracle_probe,greedy,0.0,0.0,False,False,False
smartbugs,reentrancy/simple_dao,reentrancy,68,gen,price_oracle_probe,greedy,0.0,0.0,False,False,False
smartbugs,reentrancy/simple_dao,reentrancy,69,gen,price_oracle_probe,greedy,0.0,0.0,False,False,False
smartbugs,reentrancy/simple_dao,reentrancy,70,gen,reentrancy_probe,greedy,0.0,0.0,False,False,False
smartbugs,reentrancy/simple_dao,reentrancy,71,mut,value_perturb,greedy,0.0,0.0,False,False,False
smartbugs,reentrancy/simple_dao,reentrancy,72,gen,access_control_probe,greedy,0.0,0.0,False,False,False
smartbugs,reentrancy/simple_dao,reentrancy,73,gen,logic_error_probe,greedy,0.0,0.0,False,False,False
smartbugs,reentrancy/simple_dao,reentrancy,74,mut,call_swap,greedy,0.0,0.0,False,False,False
smartbugs,reentrancy/simple_dao,reentrancy,75,mut,call_insert,greedy,0.0,0.0,False,False,False
smartbugs,reentrancy/simple_dao,reentrancy,76,mut,call_insert,greedy,0.0,0.0,False,False,False
smartbugs,reentrancy/simple_dao,reentrancy,77,mut,arg_shuffle,greedy,0.0,0.0,False,False,False
smartbugs,reentrancy/simple_dao,reentrancy,78,gen,arithmetic_probe,greedy,0.0,0.0,False,False,False
smartbugs,reentrancy/simple_dao,reentrancy,79,gen,access_control_probe,greedy,0.0,0.0,False,False,False
smartbugs,reentrancy/simple_dao,reentrancy,80,gen,price_oracle_probe,greedy,0.0,0.0,False,False,False
smartbugs,reentrancy/simple_dao,reentrancy,81,gen,price_oracle_probe,greedy,0.0,0.0,False,False,False
smartbugs,reentrancy/simple_dao,reentrancy,82,gen,logic_error_probe,greedy,0.0,0.0,False,False,False
smartbugs,reentrancy/simple_dao,reentrancy,83,mut,value_perturb,greedy,0.0,0.0,False,False,False
smartbugs,reentrancy/simple_dao,reentrancy,84,mut,arg_shuffle,greedy,0.0,0.0,False,False,False
smartbugs,reentrancy/simple_dao,reentrancy,85,mut,call_swap,greedy,0.0,0.0,False,False,False
smartbugs,reentrancy/simple_dao,reentrancy,86,gen,reentrancy_probe,greedy,0.0,1.2,False,False,False
smartbugs,reentrancy/simple_dao,reentrancy,87,gen,reentrancy_probe,greedy,0.0,0.0,False,False,False
smartbugs,reentrancy/simple_dao,reentrancy,88,gen,price_oracle_probe,greedy,0.0,0.0,False,False,False
smartbugs,reentrancy/simple_dao,reentrancy,89,gen,reentrancy_probe,greedy,0.0,0.0,False,False,False
smartbugs,reentrancy/simple_dao,reentrancy,90,gen,arithmetic_probe,greedy,0.0,0.0,False,False,False
smartbugs,reentrancy/simple_dao,reentrancy,91,gen,access_control_probe,greedy,0.0,0.0,False,False,False
smartbugs,reentrancy/simple_dao,reentrancy,92,gen,logic_error_probe,greedy,0.0,0.0,False,False,False
smartbugs,reentrancy/simple_dao,reentrancy,93,mut,value_perturb,greedy,0.0,0.0,False,False,False
smartbugs,reentrancy/simple_dao,reentrancy,94,mut,arg_shuffle,greedy,0.0,0.0,False,False,False
smartbugs,reentrancy/simple_dao,reentrancy,95,mut,call_insert,greedy,0.0,0.0,False,False,False
smartbugs,reentrancy/simple_dao,reentrancy,96,gen,arithmetic_probe,random,0.0,1.2,False,False,False
smartbugs,reentrancy/simple_dao,reentrancy,97,gen,arithmetic_probe,greedy,0.0,0.0,False,False,False
smartbugs,reentrancy/simple_dao,reentrancy,98,gen,logic_error_probe,greedy,0.0,0.0,False,False,False
smartbugs,reentrancy/simple_dao,reentrancy,99,gen,price_oracle_probe,greedy,0.0,0.0,False,False,False
smartbugs,access_control/arbitrary_location_write_simple,access_control,0,gen,reentrancy_probe,greedy,7.0,1.8667,False,False,False
smartbugs,access_control/arbitrary_location_write_simple,access_control,1,gen,arithmetic_probe,random,3.0,2.1333,False,False,False
smartbugs,access_control/arbitrary_location_write_simple,access_control,2,gen,access_control_probe,random,12.0,5.0667,False,False,False
smartbugs,access_control/arbitrary_location_write_simple,access_control,3,gen,price_oracle_probe,greedy,0.0,1.8667,False,False,False
smartbugs,access_control/arbitrary_location_write_simple,access_control,4,gen,logic_error_probe,greedy,0.0,3.4667,False,False,False
smartbugs,access_control/arbitrary_location_write_simple,access_control,5,mut,value_perturb,greedy,0.0,3.7333,False,False,False
smartbugs,access_control/arbitrary_location_write_simple,access_control,6,mut,call_insert,greedy,0.0,1.8667,False,False,False
smartbugs,access_control/arbitrary_location_write_simple,access_control,7,mut,call_swap,greedy,0.0,4.2667,False,False,False
smartbugs,access_control/arbitrary_location_write_simple,access_control,8,mut,arg_shuffle,random,0.0,3.4667,False,False,False
smartbugs,access_control/arbitrary_location_write_simple,access_control,9,gen,reentrancy_probe,greedy,0.0,1.0667,False,False,False
smartbugs,access_control/arbitrary_location_write_simple,access_control,10,gen,arithmetic_probe,greedy,0.0,0.5333,False,False,False
smartbugs,access_control/arbitrary_location_write_simple,access_control,11,gen,access_control_probe,greedy,0.0,0.0,False,False,False
smartbugs,access_control/arbitrary_location_write_simple,access_control,12,gen,price_oracle_probe,random,0.0,3.2,False,False,False
smartbugs,access_control/arbitrary_location_write_simple,access_control,13,gen,logic_error_probe,greedy,0.0,0.0,False,False,False
smartbugs,access_control/arbitrary_location_write_simple,access_control,14,mut,value_perturb,greedy,0.0,0.0,False,False,False
smartbugs,access_control/arbitrary_location_write_simple,access_control,15,mut,call_insert,greedy,0.0,1.6,False,False,False
smartbugs,access_control/arbitrary_location_write_simple,access_control,16,mut,call_swap,greedy,0.0,0.0,False,False,False
smartbugs,access_control/arbitrary_location_write_simple,access_control,17,mut,arg_shuffle,greedy,0.0,1.0667,False,False,False
smartbugs,access_control/arbitrary_location_write_simple,access_control,18,gen,price_oracle_probe,greedy,0.0,0.0,False,False,False
smartbugs,access_control/arbitrary_location_write_simple,access_control,19,mut,arg_shuffle,greedy,0.0,0.0,False,False,False
smartbugs,access_control/arbitrary_location_write_simple,access_control,20,gen,access_control_probe,random,0.0,0.8,False,False,False
smartbugs,access_control/arbitrary_location_write_simple,access_control,21,mut,call_insert,greedy,0.0,0.0,False,False,False
smartbugs,access_control/arbitrary_location_write_simple,access_control,22,mut,call_swap,random,0.0,0.0,False,False,False
smartbugs,access_control/arbitrary_location_write_simple,access_control,23,gen,price_oracle_probe,greedy,0.0,0.0,False,False,False
smartbugs,access_control/arbitrary_location_write_simple,access_control,24,gen,access_control_probe,greedy,0.0,0.0,False,False,False
smartbugs,access_control/arbitrary_location_write_simple,access_control,25,gen,reentrancy_probe,greedy,0.0,0.0,False,False,False
smartbugs,access_control/arbitrary_location_write_simple,access_control,26,mut,value_perturb,greedy,0.0,0.8,False,False,False
smartbugs,access_control/arbitrary_location_write_simple,access_control,27,gen,logic_error_probe,greedy,0.0,0.0,False,False,False
smartbugs,access_control/arbitrary_location_write_simple,access_control,28,mut,value_perturb,greedy,0.0,0.0,False,False,False
smartbugs,access_control/arbitrary_location_write_simple,access_control,29,gen,arithmetic_probe,greedy,0.0,0.0,False,False,False
smartbugs,access_control/arbitrary_location_write_simple,access_control,30,mut,arg_shuffle,greedy,0.0,0.8,False,False,False
smartbugs,access_control/arbitrary_location_write_simple,access_control,31,mut,arg_shuffle,random,0.0,0.0,False,False,False
smartbugs,access_control/arbitrary_location_write_simple,access_control,32,mut,call_insert,greedy,0.0,0.2667,False,False,False
smartbugs,access_control/arbitrary_location_write_simple,access_control,33,mut,call_swap,greedy,0.0,0.8,False,False,False
smartbugs,access_control/arbitrary_location_write_simple,access_control,34,mut,call_swap,random,0.0,0.8,False,False,False
smartbugs,access_control/arbitrary_location_write_simple,access_control,35,gen,price_oracle_probe,random,0.0,0.2667,False,False,False
smartbugs,access_control/arbitrary_location_write_simple,access_control,36,gen,arithmetic_probe,greedy,0.0,0.0,False,False,False
smartbugs,access_control/arbitrary_location_write_simple,access_control,37,gen,access_control_probe,greedy,0.0,0.0,False,False,False
smartbugs,access_control/arbitrary_location_write_simple,access_control,38,gen,reentrancy_probe,greedy,0.0,0.0,False,False,False
smartbugs,access_control/arbitrary_location_write_simple,access_control,39,gen,logic_error_probe,greedy,0.0,0.0,False,False,False
smartbugs,access_control/arbitrary_location_write_simple,access_control,40,gen,access_control_probe,greedy,0.0,0.0,False,False,False
smartbugs,access_control/arbitrary_location_write_simple,access_control,41,mut,call_insert,greedy,0.0,0.0,False,False,False
smartbugs,access_control/arbitrary_location_write_simple,access_control,42,gen,reentrancy_probe,greedy,0.0,0.0,False,False,False
smartbugs,access_control/arbitrary_location_write_simple,access_control,43,mut,value_perturb,greedy,0.0,0.8,False,False,False
smartbugs,access_control/arbitrary_location_write_simple,access_control,44,gen,logic_error_probe,greedy,0.0,0.0,False,False,False
smartbugs,access_control/arbitrary_location_write_simple,access_control,45,mut,call_swap,greedy,0.0,0.0,False,False,False
smartbugs,access_control/arbitrary_location_write_simple,access_control,46,gen,arithmetic_probe,greedy,0.0,2.6667,False,False,False
smartbugs,access_control/arbitrary_location_write_simple,access_control,47,gen,arithmetic_probe,greedy,0.0,0.0,False,False,False
smartbugs,access_control/arbitrary_location_write_simple,access_control,48,gen,price_oracle_probe,greedy,0.0,0.0,False,False,False
smartbugs,access_control/arbitrary_location_write_simple,access_control,49,gen,price_oracle_probe,greedy,0.0,0.0,False,False,False
smartbugs,access_control/arbitrary_location_write_simple,access_control,50,mut,arg_shuffle,greedy,0.0,0.0,False,False,False
smartbugs,access_control/arbitrary_location_write_simple,access_control,51,mut,call_swap,greedy,0.0,0.0,False,False,False
smartbugs,access_control/arbitrary_location_write_simple,access_control,52,gen,reentrancy_probe,greedy,0.0,0.0,False,False,False
smartbugs,access_control/arbitrary_location_write_simple,access_control,53,mut,call_insert,greedy,0.0,0.0,False,False,False
smartbugs,access_control/arbitrary_location_write_simple,access_control,54,mut,value_perturb,greedy,0.0,0.0,False,False,False
smartbugs,access_control/arbitrary_location_write_simple,access_control,55,mut,call_insert,greedy,0.0,0.0,False,False,False
smartbugs,access_control/arbitrary_location_write_simple,access_control,56,gen,price_oracle_probe,greedy,0.0,0.0,False,False,False
smartbugs,access_control/arbitrary_location_write_simple,access_control,57,mut,value_perturb,greedy,0.0,0.0,False,False,False
smartbugs,access_control/arbitrary_location_write_simple,access_control,58,gen,arithmetic_probe,greedy,0.0,0.0,False,False,False
smartbugs,access_control/arbitrary_location_write_simple,access_control,59,gen,arithmetic_probe,greedy,0.0,0.0,False,False,False
smartbugs,access_control/arbitrary_location_write_simple,access_control,60,mut,arg_shuffle,greedy,0.0,0.0,False,False,False
smartbugs,access_control/arbitrary_location_write_simple,access_control,61,mut,call_swap,greedy,0.0,0.0,False,False,False
smartbugs,access_control/arbitrary_location_write_simple,access_control,62,gen,arithmetic_probe,greedy,0.0,0.0,False,False,False
smartbugs,access_control/arbitrary_location_write_simple,access_control,63,mut,arg_shuffle,greedy,0.0,0.0,False,False,False
smartbugs,access_control/arbitrary_location_write_simple,access_control,64,mut,value_perturb,greedy,0.0,0.0,False,False,False
smartbugs,access_control/arbitrary_location_write_simple,access_control,65,gen,access_control_probe,greedy,0.0,0.0,False,False,False
smartbugs,access_control/arbitrary_location_write_simple,access_control,66,gen,logic_error_probe,greedy,0.0,0.0,False,False,False
smartbugs,access_control/arbitrary_location_write_simple,access_control,67,mut,call_swap,greedy,0.0,0.0,False,False,False
smartbugs,access_control/arbitrary_location_write_simple,access_control,68,gen,arithmetic_probe,greedy,0.0,0.0,False,False,False
smartbugs,access_control/arbitrary_location_write_simple,access_control,69,mut,value_perturb,greedy,0.0,0.0,False,False,False
smartbugs,access_control/arbitrary_location_write_simple,access_control,70,gen,access_control_probe,random,0.0,0.0,False,False,False
smartbugs,access_control/arbitrary_location_write_simple,access_control,71,gen,reentrancy_probe,greedy,0.0,0.0,False,False,False
smartbugs,access_control/arbitrary_location_write_simple,access_control,72,mut,call_insert,greedy,0.0,0.0,False,False,False
smartbugs,access_control/arbitrary_location_write_simple,access_control,73,gen,logic_error_probe,greedy,0.0,0.0,False,False,False
smartbugs,access_control/arbitrary_location_write_simple,access_control,74,gen,price_oracle_probe,greedy,0.0,0.0,False,False,False
smartbugs,access_control/arbitrary_location_write_simple,access_control,75,mut,arg_shuffle,greedy,0.0,0.0,False,False,False
smartbugs,access_control/arbitrary_location_write_simple,access_control,76,mut,call_swap,greedy,0.0,0.0,False,False,False
smartbugs,access_control/arbitrary_location_write_simple,access_control,77,mut,value_perturb,greedy,0.0,0.0,False,False,False
smartbugs,access_control/arbitrary_location_write_simple,access_control,78,gen,arithmetic_probe,greedy,0.0,0.0,False,False,False
smartbugs,access_control/arbitrary_location_write_simple,access_control,79,gen,price_oracle_probe,greedy,0.0,0.0,False,False,False
smartbugs,access_control/arbitrary_location_write_simple,access_control,80,gen,access_control_probe,greedy,0.0,0.0,False,False,False
smartbugs,access_control/arbitrary_location_write_simple,access_control,81,gen,reentrancy_probe,greedy,0.0,0.0,False,False,False
smartbugs,access_control/arbitrary_location_write_simple,access_control,82,mut,call_insert,greedy,0.0,0.8,False,False,False
smartbugs,access_control/arbitrary_location_write_simple,access_control,83,mut,call_insert,greedy,0.0,0.0,False,False,False
smartbugs,access_control/arbitrary_location_write_simple,access_control,84,gen,logic_error_probe,greedy,0.0,0.0,False,False,False
smartbugs,access_control/arbitrary_location_write_simple,access_control,85,gen,reentrancy_probe,greedy,0.0,0.0,False,False,False
smartbugs,access_control/arbitrary_location_write_simple,access_control,86,mut,arg_shuffle,greedy,0.0,0.5333,False,False,False
smartbugs,access_control/arbitrary_location_write_simple,access_control,87,gen,access_control_probe,greedy,0.0,0.0,False,False,False
smartbugs,access_control/arbitrary_location_write_simple,access_control,88,gen,logic_error_probe,greedy,0.0,0.0,False,False,False
smartbugs,access_control/arbitrary_location_write_simple,access_control,89,mut,call_swap,greedy,0.0,0.0,False,False,False
smartbugs,access_control/arbitrary_location_write_simple,access_control,90,gen,arithmetic_probe,greedy,0.0,0.0,False,False,False
smartbugs,access_control/arbitrary_location_write_simple,access_control,91,mut,value_perturb,random,0.0,0.0,False,False,False
smartbugs,access_control/arbitrary_location_write_simple,access_control,92,gen,access_control_probe,greedy,0.0,0.0,False,False,False
smartbugs,access_control/arbitrary_location_write_simple,access_control,93,gen,reentrancy_probe,greedy,0.0,0.0,False,False,False
smartbugs,access_control/arbitrary_location_write_simple,access_control,94,mut,call_insert,greedy,0.0,0.0,False,False,False
smartbugs,access_control/arbitrary_location_write_simple,access_control,95,mut,value_perturb,greedy,0.0,0.0,False,False,False
smartbugs,access_control/arbitrary_location_write_simple,access_control,96,mut,call_insert,greedy,0.0,0.0,False,False,False
smartbugs,access_control/arbitrary_location_write_simple,access_control,97,mut,arg_shuffle,greedy,0.0,0.0,False,False,False
smartbugs,access_control/arbitrary_location_write_simple,access_control,98,gen,price_oracle_probe,greedy,0.0,0.0,False,False,False
smartbugs,access_control/arbitrary_location_write_simple,access_control,99,mut,arg_shuffle,greedy,0.0,0.0,False,False,False
smartbugs,access_control/incorrect_constructor_name1,access_control,0,gen,reentrancy_probe,greedy,6.0,3.4286,False,False,False
smartbugs,access_control/incorrect_constructor_name1,access_control,1,gen,arithmetic_probe,greedy,2.0,2.8571,False,False,False
smartbugs,access_control/incorrect_constructor_name1,access_control,2,gen,access_control_probe,greedy,2.0,55.1429,True,False,True
smartbugs,access_control/incorrect_constructor_name1,access_control,3,gen,price_oracle_probe,greedy,0.0,5.1429,True,False,True
smartbugs,access_control/incorrect_constructor_name1,access_control,4,gen,logic_error_probe,greedy,0.0,3.4286,False,False,False
smartbugs,access_control/incorrect_constructor_name1,access_control,5,mut,value_perturb,greedy,0.0,3.4286,False,False,False
smartbugs,access_control/incorrect_constructor_name1,access_control,6,mut,call_insert,greedy,0.0,5.7143,True,False,True
smartbugs,access_control/incorrect_constructor_name1,access_control,7,mut,call_swap,random,0.0,2.8571,False,True,False
smartbugs,access_control/incorrect_constructor_name1,access_control,8,mut,arg_shuffle,greedy,0.0,2.8571,False,False,False
smartbugs,access_control/incorrect_constructor_name1,access_control,9,gen,reentrancy_probe,greedy,0.0,0.0,False,False,False
smartbugs,access_control/incorrect_constructor_name1,access_control,10,gen,arithmetic_probe,greedy,0.0,2.2857,True,False,True
smartbugs,access_control/incorrect_constructor_name1,access_control,11,gen,access_control_probe,greedy,0.0,0.0,True,False,True
smartbugs,access_control/incorrect_constructor_name1,access_control,12,gen,price_oracle_probe,greedy,0.0,0.0,False,False,False
smartbugs,access_control/incorrect_constructor_name1,access_control,13,gen,logic_error_probe,random,0.0,2.2857,True,False,True
smartbugs,access_control/incorrect_constructor_name1,access_control,14,mut,value_perturb,greedy,0.0,0.0,False,False,False
smartbugs,access_control/incorrect_constructor_name1,access_control,15,mut,call_insert,greedy,0.0,0.0,False,False,False
smartbugs,access_control/incorrect_constructor_name1,access_control,16,mut,call_swap,greedy,0.0,1.7143,False,False,False
smartbugs,access_control/incorrect_constructor_name1,access_control,17,mut,arg_shuffle,greedy,0.0,0.0,False,False,False
smartbugs,access_control/incorrect_constructor_name1,access_control,18,gen,access_control_probe,greedy,0.0,0.0,True,False,True
smartbugs,access_control/incorrect_constructor_name1,access_control,19,gen,access_control_probe,greedy,0.0,0.0,True,False,True
smartbugs,access_control/incorrect_constructor_name1,access_control,20,gen,price_oracle_probe,random,0.0,0.5714,False,False,False
smartbugs,access_control/incorrect_constructor_name1,access_control,21,gen,access_control_probe,random,0.0,0.0,True,False,True
smartbugs,access_control/incorrect_constructor_name1,access_control,22,gen,access_control_probe,greedy,0.0,0.0,True,False,True
smartbugs,access_control/incorrect_constructor_name1,access_control,23,gen,logic_error_probe,greedy,0.0,0.0,False,False,False
smartbugs,access_control/incorrect_constructor_name1,access_control,24,gen,arithmetic_probe,greedy,0.0,0.0,True,False,True
smartbugs,access_control/incorrect_constructor_name1,access_control,25,mut,call_swap,greedy,0.0,1.1429,True,False,True
smartbugs,access_control/incorrect_constructor_name1,access_control,26,mut,call_insert,greedy,0.0,0.0,True,True,False
smartbugs,access_control/incorrect_constructor_name1,access_control,27,gen,logic_error_probe,greedy,0.0,0.0,False,False,False
smartbugs,access_control/incorrect_constructor_name1,access_control,28,gen,price_oracle_probe,greedy,0.0,0.0,False,False,False
smartbugs,access_control/incorrect_constructor_name1,access_control,29,mut,call_swap,greedy,0.0,0.0,False,False,False
smartbugs,access_control/incorrect_constructor_name1,access_control,30,gen,arithmetic_probe,greedy,0.0,0.0,True,False,True
smartbugs,access_control/incorrect_constructor_name1,access_control,31,mut,call_swap,greedy,0.0,0.0,True,False,True
smartbugs,access_control/incorrect_constructor_name1,access_control,32,gen,logic_error_probe,greedy,0.0,0.0,False,False,False
smartbugs,access_control/incorrect_constructor_name1,access_control,33,gen,reentrancy_probe,random,0.0,0.0,False,False,False
smartbugs,access_control/incorrect_constructor_name1,access_control,34,mut,value_perturb,greedy,0.0,2.2857,True,True,False
smartbugs,access_control/incorrect_constructor_name1,access_control,35,mut,value_perturb,greedy,0.0,0.0,False,False,False
smartbugs,access_control/incorrect_constructor_name1,access_control,36,mut,value_perturb,greedy,0.0,0.0,True,True,False
smartbugs,access_control/incorrect_constructor_name1,access_control,37,mut,call_insert,greedy,0.0,0.0,False,False,False
smartbugs,access_control/incorrect_constructor_name1,access_control,38,mut,arg_shuffle,greedy,0.0,0.0,False,False,False
smartbugs,access_control/incorrect_constructor_name1,access_control,39,gen,arithmetic_probe,random,0.0,0.0,True,False,True
smartbugs,access_control/incorrect_constructor_name1,access_control,40,gen,price_oracle_probe,greedy,0.0,0.0,False,False,False
smartbugs,access_control/incorrect_constructor_name1,access_control,41,gen,access_control_probe,greedy,0.0,0.0,True,False,True
smartbugs,access_control/incorrect_constructor_name1,access_control,42,gen,reentrancy_probe,greedy,0.0,0.0,False,False,False
smartbugs,access_control/incorrect_constructor_name1,access_control,43,mut,call_insert,greedy,0.0,0.0,True,True,False
smartbugs,access_control/incorrect_constructor_name1,access_control,44,gen,reentrancy_probe,greedy,0.0,0.0,False,False,False
smartbugs,access_control/incorrect_constructor_name1,access_control,45,mut,arg_shuffle,greedy,0.0,1.7143,False,False,False
smartbugs,access_control/incorrect_constructor_name1,access_control,46,mut,arg_shuffle,random,0.0,0.0,False,False,False
smartbugs,access_control/incorrect_constructor_name1,access_control,47,gen,arithmetic_probe,greedy,0.0,0.0,False,False,False
smartbugs,access_control/incorrect_constructor_name1,access_control,48,gen,access_control_probe,greedy,0.0,0.0,True,False,True
smartbugs,access_control/incorrect_constructor_name1,access_control,49,mut,value_perturb,greedy,0.0,0.0,False,False,False
smartbugs,access_control/incorrect_constructor_name1,access_control,50,mut,call_swap,greedy,0.0,0.0,True,True,False
smartbugs,access_control/incorrect_constructor_name1,access_control,51,gen,price_oracle_probe,greedy,0.0,0.0,False,False,False
smartbugs,access_control/incorrect_constructor_name1,access_control,52,gen,logic_error_probe,greedy,0.0,0.0,False,False,False
smartbugs,access_control/incorrect_constructor_name1,access_control,53,gen,access_control_probe,greedy,0.0,0.0,False,False,False
smartbugs,access_control/incorrect_constructor_name1,access_control,54,gen,reentrancy_probe,greedy,0.0,0.0,False,False,False
smartbugs,access_control/incorrect_constructor_name1,access_control,55,mut,value_perturb,greedy,0.0,0.0,False,False,False
smartbugs,access_control/incorrect_constructor_name1,access_control,56,mut,call_insert,greedy,0.0,0.0,True,False,True
smartbugs,access_control/incorrect_constructor_name1,access_control,57,mut,arg_shuffle,greedy,0.0,0.0,False,False,False
smartbugs,access_control/incorrect_constructor_name1,access_control,58,mut,arg_shuffle,greedy,0.0,1.1429,True,True,False
smartbugs,access_control/incorrect_constructor_name1,access_control,59,mut,arg_shuffle,greedy,0.0,0.0,False,False,False
smartbugs,access_control/incorrect_constructor_name1,access_control,60,mut,arg_shuffle,greedy,0.0,0.0,False,False,False
smartbugs,access_control/incorrect_constructor_name1,access_control,61,mut,arg_shuffle,greedy,0.0,0.0,True,True,False
smartbugs,access_control/incorrect_constructor_name1,access_control,62,mut,call_swap,random,0.0,0.0,False,False,False
smartbugs,access_control/incorrect_constructor_name1,access_control,63,gen,logic_error_probe,random,0.0,0.0,True,False,True
smartbugs,access_control/incorrect_constructor_name1,access_control,64,gen,arithmetic_probe,greedy,0.0,0.0,True,False,True
smartbugs,access_control/incorrect_constructor_name1,access_control,65,gen,price_oracle_probe,greedy,0.0,0.0,True,False,True
smartbugs,access_control/incorrect_constructor_name1,access_control,66,gen,access_control_probe,greedy,0.0,0.0,False,False,False
smartbugs,access_control/incorrect_constructor_name1,access_control,67,mut,value_perturb,greedy,0.0,0.0,False,False,False
smartbugs,access_control/incorrect_constructor_name1,access_control,68,gen,price_oracle_probe,greedy,0.0,0.0,False,False,False
smartbugs,access_control/incorrect_constructor_name1,access_control,69,mut,call_insert,greedy,0.0,0.0,False,False,False
smartbugs,access_control/incorrect_constructor_name1,access_control,70,mut,call_swap,random,0.0,0.0,False,False,False
smartbugs,access_control/incorrect_constructor_name1,access_control,71,gen,logic_error_probe,greedy,0.0,0.0,False,False,False
smartbugs,access_control/incorrect_constructor_name1,access_control,72,mut,arg_shuffle,greedy,0.0,0.0,False,False,False
smartbugs,access_control/incorrect_constructor_name1,access_control,73,gen,arithmetic_probe,greedy,0.0,0.0,False,False,False
smartbugs,access_control/incorrect_constructor_name1,access_control,74,gen,access_control_probe,greedy,0.0,0.0,False,False,False
smartbugs,access_control/incorrect_constructor_name1,access_control,75,gen,reentrancy_probe,greedy,0.0,0.0,False,False,False
smartbugs,access_control/incorrect_constructor_name1,access_control,76,mut,value_perturb,greedy,0.0,0.0,True,True,False
smartbugs,access_control/incorrect_constructor_name1,access_control,77,mut,call_swap,greedy,0.0,0.0,False,False,False
smartbugs,access_control/incorrect_constructor_name1,access_control,78,mut,call_insert,greedy,0.0,0.0,False,False,False
smartbugs,access_control/incorrect_constructor_name1,access_control,79,mut,arg_shuffle,greedy,0.0,0.0,False,False,False
smartbugs,access_control/incorrect_constructor_name1,access_control,80,gen,logic_error_probe,greedy,0.0,0.0,False,False,False
smartbugs,access_control/incorrect_constructor_name1,access_control,81,gen,arithmetic_probe,greedy,0.0,0.0,False,False,False
smartbugs,access_control/incorrect_constructor_name1,access_control,82,gen,arithmetic_probe,greedy,0.0,0.0,False,False,False
smartbugs,access_control/incorrect_constructor_name1,access_control,83,gen,price_oracle_probe,random,0.0,0.0,False,False,False
smartbugs,access_control/incorrect_constructor_name1,access_control,84,gen,reentrancy_probe,greedy,0.0,0.0,False,False,False
smartbugs,access_control/incorrect_constructor_name1,access_control,85,mut,value_perturb,greedy,0.0,0.0,True,True,False
smartbugs,access_control/incorrect_constructor_name1,access_control,86,mut,call_insert,greedy,0.0,0.0,False,False,False
smartbugs,access_control/incorrect_constructor_name1,access_control,87,mut,call_swap,greedy,0.0,0.0,False,False,False
smartbugs,access_control/incorrect_constructor_name1,access_control,88,mut,arg_shuffle,greedy,0.0,0.0,False,False,False
smartbugs,access_control/incorrect_constructor_name1,access_control,89,gen,logic_error_probe,greedy,0.0,0.0,False,False,False
smartbugs,access_control/incorrect_constructor_name1,access_control,90,gen,price_oracle_probe,greedy,0.0,0.0,True,False,True
smartbugs,access_control/incorrect_constructor_name1,access_control,91,gen,access_control_probe,greedy,0.0,0.0,True,False,True
smartbugs,access_control/incorrect_constructor_name1,access_control,92,gen,reentrancy_probe,greedy,0.0,0.0,False,False,False
smartbugs,access_control/incorrect_constructor_name1,access_control,93,gen,arithmetic_probe,random,0.0,0.5714,True,False,True
smartbugs,access_control/incorrect_constructor_name1,access_control,94,mut,call_insert,greedy,0.0,0.0,True,False,True
smartbugs,access_control/incorrect_constructor_name1,access_control,95,mut,arg_shuffle,greedy,0.0,0.0,False,False,False
smartbugs,access_control/incorrect_constructor_name1,access_control,96,gen,access_control_probe,greedy,0.0,0.0,False,False,False
smartbugs,access_control/incorrect_constructor_name1,access_control,97,gen,reentrancy_probe,greedy,0.0,0.0,False,False,False
smartbugs,access_control/incorrect_constructor_name1,access_control,98,mut,value_perturb,greedy,0.0,0.0,False,False,False
smartbugs,access_control/incorrect_constructor_name1,access_control,99,mut,call_swap,greedy,0.0,0.0,False,False,False
smartbugs,access_control/incorrect_constructor_name2,access_control,0,gen,reentrancy_probe,random,10.0,55.7143,True,False,True
smartbugs,access_control/incorrect_constructor_name2,access_control,1,gen,arithmetic_probe,greedy,0.0,2.8571,False,False,False
smartbugs,access_control/incorrect_constructor_name2,access_control,2,gen,access_control_probe,random,0.0,5.7143,True,False,True
smartbugs,access_control/incorrect_constructor_name2,access_control,3,gen,price_oracle_probe,random,0.0,5.7143,True,False,True
smartbugs,access_control/incorrect_constructor_name2,access_control,4,gen,logic_error_probe,random,0.0,4.5714,False,False,False
smartbugs,access_control/incorrect_constructor_name2,access_control,5,mut,value_perturb,greedy,0.0,5.7143,True,True,False
smartbugs,access_control/incorrect_constructor_name2,access_control,6,mut,call_insert,greedy,0.0,5.7143,True,True,False
smartbugs,access_control/incorrect_constructor_name2,access_control,7,mut,call_swap,random,0.0,5.7143,True,True,False
smartbugs,access_control/incorrect_constructor_name2,access_control,8,mut,arg_shuffle,greedy,0.0,5.7143,True,True,False
smartbugs,access_control/incorrect_constructor_name2,access_control,9,gen,reentrancy_probe,greedy,0.0,0.0,False,False,False
smartbugs,access_control/incorrect_constructor_name2,access_control,10,gen,arithmetic_probe,greedy,0.0,0.0,False,False,False
smartbugs,access_control/incorrect_constructor_name2,access_control,11,gen,access_control_probe,greedy,0.0,0.0,True,False,True
smartbugs,access_control/incorrect_constructor_name2,access_control,12,gen,price_oracle_probe,greedy,0.0,0.0,False,False,False
smartbugs,access_control/incorrect_constructor_name2,access_control,13,gen,logic_error_probe,greedy,0.0,0.0,False,False,False
smartbugs,access_control/incorrect_constructor_name2,access_control,14,mut,value_perturb,greedy,0.0,0.0,True,True,False
smartbugs,access_control/incorrect_constructor_name2,access_control,15,mut,call_insert,greedy,0.0,0.0,True,False,True
smartbugs,access_control/incorrect_constructor_name2,access_control,16,mut,call_swap,greedy,0.0,0.0,True,True,False
smartbugs,access_control/incorrect_constructor_name2,access_control,17,mut,arg_shuffle,greedy,0.0,0.0,False,False,False
smartbugs,access_control/incorrect_constructor_name2,access_control,18,gen,access_control_probe,greedy,0.0,0.0,True,False,True
smartbugs,access_control/incorrect_constructor_name2,access_control,19,gen,reentrancy_probe,greedy,0.0,0.0,True,False,True
smartbugs,access_control/incorrect_constructor_name2,access_control,20,gen,reentrancy_probe,random,0.0,0.0,True,False,True
smartbugs,access_control/incorrect_constructor_name2,access_control,21,gen,reentrancy_probe,greedy,0.0,0.0,False,False,False
smartbugs,access_control/incorrect_constructor_name2,access_control,22,gen,reentrancy_probe,greedy,0.0,0.0,False,False,False
smartbugs,access_control/incorrect_constructor_name2,access_control,23,gen,access_control_probe,greedy,0.0,0.0,False,False,False
smartbugs,access_control/incorrect_constructor_name2,access_control,24,gen,price_oracle_probe,greedy,0.0,0.0,True,False,True
smartbugs,access_control/incorrect_constructor_name2,access_control,25,mut,value_perturb,greedy,0.0,0.0,True,True,False
smartbugs,access_control/incorrect_constructor_name2,access_control,26,mut,call_insert,greedy,0.0,0.0,True,True,False
smartbugs,access_control/incorrect_constructor_name2,access_control,27,mut,call_swap,greedy,0.0,0.0,False,True,False
smartbugs,access_control/incorrect_constructor_name2,access_control,28,gen,logic_error_probe,greedy,0.0,1.1429,True,False,True
smartbugs,access_control/incorrect_constructor_name2,access_control,29,mut,arg_shuffle,greedy,0.0,0.0,False,False,False
smartbugs,access_control/incorrect_constructor_name2,access_control,30,gen,logic_error_probe,random,0.0,0.0,True,False,True
smartbugs,access_control/incorrect_constructor_name2,access_control,31,gen,arithmetic_probe,greedy,0.0,0.0,False,False,False
smartbugs,access_control/incorrect_constructor_name2,access_control,32,gen,price_oracle_probe,greedy,0.0,0.0,False,False,False
smartbugs,access_control/incorrect_constructor_name2,access_control,33,mut,value_perturb,greedy,0.0,0.0,True,True,False
smartbugs,access_control/incorrect_constructor_name2,access_control,34,mut,call_insert,greedy,0.0,0.0,False,False,False
smartbugs,access_control/incorrect_constructor_name2,access_control,35,mut,call_swap,greedy,0.0,0.0,True,True,False
smartbugs,access_control/incorrect_constructor_name2,access_control,36,mut,arg_shuffle,greedy,0.0,0.0,True,True,False
smartbugs,access_control/incorrect_constructor_name2,access_control,37,gen,logic_error_probe,greedy,0.0,0.0,False,False,False
smartbugs,access_control/incorrect_constructor_name2,access_control,38,gen,reentrancy_probe,greedy,0.0,0.0,False,False,False
smartbugs,access_control/incorrect_constructor_name2,access_control,39,gen,arithmetic_probe,greedy,0.0,0.0,False,False,False
smartbugs,access_control/incorrect_constructor_name2,access_control,40,gen,arithmetic_probe,greedy,0.0,2.2857,True,False,True
smartbugs,access_control/incorrect_constructor_name2,access_control,41,gen,access_control_probe,greedy,0.0,0.0,True,False,True
smartbugs,access_control/incorrect_constructor_name2,access_control,42,gen,price_oracle_probe,greedy,0.0,0.0,True,False,True
smartbugs,access_control/incorrect_constructor_name2,access_control,43,mut,value_perturb,random,0.0,0.0,True,True,False
smartbugs,access_control/incorrect_constructor_name2,access_control,44,mut,call_insert,greedy,0.0,0.0,False,False,False
smartbugs,access_control/incorrect_constructor_name2,access_control,45,mut,call_swap,greedy,0.0,0.0,False,False,False
smartbugs,access_control/incorrect_constructor_name2,access_control,46,mut,arg_shuffle,greedy,0.0,0.0,True,True,False
smartbugs,access_control/incorrect_constructor_name2,access_control,47,gen,reentrancy_probe,greedy,0.0,0.0,False,False,False
smartbugs,access_control/incorrect_constructor_name2,access_control,48,gen,logic_error_probe,greedy,0.0,0.0,False,False,False
smartbugs,access_control/incorrect_constructor_name2,access_control,49,gen,logic_error_probe,greedy,0.0,0.0,True,False,True
smartbugs,access_control/incorrect_constructor_name2,access_control,50,gen,reentrancy_probe,greedy,0.0,0.0,True,False,True
smartbugs,access_control/incorrect_constructor_name2,access_control,51,gen,arithmetic_probe,random,0.0,0.0,True,False,True
smartbugs,access_control/incorrect_constructor_name2,access_control,52,gen,arithmetic_probe,greedy,0.0,0.0,False,False,False
smartbugs,access_control/incorrect_constructor_name2,access_control,53,gen,arithmetic_probe,greedy,0.0,0.0,True,False,True
smartbugs,access_control/incorrect_constructor_name2,access_control,54,gen,access_control_probe,greedy,0.0,0.0,False,False,False
smartbugs,access_control/incorrect_constructor_name2,access_control,55,gen,price_oracle_probe,greedy,0.0,0.0,False,False,False
smartbugs,access_control/incorrect_constructor_name2,access_control,56,mut,value_perturb,greedy,0.0,0.0,False,False,False
smartbugs,access_control/incorrect_constructor_name2,access_control,57,gen,price_oracle_probe,greedy,0.0,0.0,False,False,False
smartbugs,access_control/incorrect_constructor_name2,access_control,58,gen,logic_error_probe,greedy,0.0,0.0,False,False,False
smartbugs,access_control/incorrect_constructor_name2,access_control,59,mut,value_perturb,greedy,0.0,0.0,False,False,False
smartbugs,access_control/incorrect_constructor_name2,access_control,60,mut,call_insert,greedy,0.0,0.0,False,True,False
smartbugs,access_control/incorrect_constructor_name2,access_control,61,mut,call_swap,greedy,0.0,0.0,False,False,False
smartbugs,access_control/incorrect_constructor_name2,access_control,62,mut,arg_shuffle,greedy,0.0,0.0,True,True,False
smartbugs,access_control/incorrect_constructor_name2,access_control,63,gen,arithmetic_probe,greedy,0.0,0.0,False,False,False
smartbugs,access_control/incorrect_constructor_name2,access_control,64,gen,reentrancy_probe,greedy,0.0,0.0,False,False,False
smartbugs,access_control/incorrect_constructor_name2,access_control,65,gen,access_control_probe,greedy,0.0,0.0,False,False,False
smartbugs,access_control/incorrect_constructor_name2,access_control,66,mut,call_insert,greedy,0.0,0.0,False,False,False
smartbugs,access_control/incorrect_constructor_name2,access_control,67,mut,call_swap,greedy,0.0,0.0,False,False,False
smartbugs,access_control/incorrect_constructor_name2,access_control,68,mut,arg_shuffle,random,0.0,0.0,False,False,False
smartbugs,access_control/incorrect_constructor_name2,access_control,69,gen,arithmetic_probe,greedy,0.0,0.0,True,False,True
smartbugs,access_control/incorrect_constructor_name2,access_control,70,gen,reentrancy_probe,greedy,0.0,0.0,False,False,False
smartbugs,access_control/incorrect_constructor_name2,access_control,71,gen,access_control_probe,greedy,0.0,0.0,False,False,False
smartbugs,access_control/incorrect_constructor_name2,access_control,72,gen,price_oracle_probe,greedy,0.0,0.0,False,False,False
smartbugs,access_control/incorrect_constructor_name2,access_control,73,mut,value_perturb,greedy,0.0,0.0,False,False,False
smartbugs,access_control/incorrect_constructor_name2,access_control,74,mut,call_insert,greedy,0.0,0.0,False,False,False
smartbugs,access_control/incorrect_constructor_name2,access_control,75,mut,call_swap,random,0.0,0.0,False,False,False
smartbugs,access_control/incorrect_constructor_name2,access_control,76,mut,arg_shuffle,greedy,0.0,0.0,True,True,False
smartbugs,access_control/incorrect_constructor_name2,access_control,77,gen,logic_error_probe,greedy,0.0,0.0,False,False,False
smartbugs,access_control/incorrect_constructor_name2,access_control,78,gen,access_control_probe,greedy,0.0,0.0,False,False,False
smartbugs,access_control/incorrect_constructor_name2,access_control,79,gen,price_oracle_probe,greedy,0.0,0.0,False,False,False
smartbugs,access_control/incorrect_constructor_name2,access_control,80,mut,value_perturb,random,0.0,0.0,True,True,False
smartbugs,access_control/incorrect_constructor_name2,access_control,81,mut,call_insert,greedy,0.0,0.0,False,False,False
smartbugs,access_control/incorrect_constructor_name2,access_control,82,mut,value_perturb,greedy,0.0,0.0,False,False,False
smartbugs,access_control/incorrect_constructor_name2,access_control,83,mut,call_swap,greedy,0.0,0.0,False,False,False
smartbugs,access_control/incorrect_constructor_name2,access_control,84,mut,arg_shuffle,greedy,0.0,0.0,True,True,False
smartbugs,access_control/incorrect_constructor_name2,access_control,85,gen,arithmetic_probe,greedy,0.0,0.0,False,False,False
smartbugs,access_control/incorrect_constructor_name2,access_control,86,gen,logic_error_probe,greedy,0.0,0.0,False,False,False
smartbugs,access_control/incorrect_constructor_name2,access_control,87,gen,reentrancy_probe,greedy,0.0,0.0,False,False,False
smartbugs,access_control/incorrect_constructor_name2,access_control,88,gen,access_control_probe,greedy,0.0,0.0,True,False,True
smartbugs,access_control/incorrect_constructor_name2,access_control,89,gen,price_oracle_probe,greedy,0.0,0.0,False,False,False
smartbugs,access_control/incorrect_constructor_name2,access_control,90,mut,call_insert,random,0.0,0.0,False,False,False
smartbugs,access_control/incorrect_constructor_name2,access_control,91,mut,call_swap,greedy,0.0,0.0,False,False,False
smartbugs,access_control/incorrect_constructor_name2,access_control,92,mut,arg_shuffle,greedy,0.0,0.0,False,False,False
smartbugs,access_control/incorrect_constructor_name2,access_control,93,gen,reentrancy_probe,greedy,0.0,0.0,False,False,False
smartbugs,access_control/incorrect_constructor_name2,access_control,94,gen,reentrancy_probe,greedy,0.0,0.0,False,False,False
smartbugs,access_control/incorrect_constructor_name2,access_control,95,gen,arithmetic_probe,greedy,0.0,0.0,False,False,False
smartbugs,access_control/incorrect_constructor_name2,access_control,96,gen,arithmetic_probe,greedy,0.0,0.0,False,False,False
smartbugs,access_control/incorrect_constructor_name2,access_control,97,gen,arithmetic_probe,random,0.0,0.5714,True,False,True
smartbugs,access_control/incorrect_constructor_name2,access_control,98,gen,arithmetic_probe,greedy,0.0,0.0,False,False,False
smartbugs,access_control/incorrect_constructor_name2,access_control,99,gen,logic_error_probe,greedy,0.0,0.0,False,False,False
smartbugs,access_control/incorrect_constructor_name3,access_control,0,gen,reentrancy_probe,greedy,6.0,3.4286,False,False,False
smartbugs,access_control/incorrect_constructor_name3,access_control,1,gen,arithmetic_probe,greedy,4.0,55.1429,True,False,True
smartbugs,access_control/incorrect_constructor_name3,access_control,2,gen,access_control_probe,greedy,0.0,5.1429,True,False,True
smartbugs,access_control/incorrect_constructor_name3,access_control,3,gen,price_oracle_probe,greedy,0.0,3.4286,False,False,False
smartbugs,access_control/incorrect_constructor_name3,access_control,4,gen,logic_error_probe,greedy,0.0,3.4286,False,False,False
smartbugs,access_control/incorrect_constructor_name3,access_control,5,mut,value_perturb,greedy,0.0,5.1429,True,True,False
smartbugs,access_control/incorrect_constructor_name3,access_control,6,mut,call_insert,random,0.0,5.1429,True,True,False
smartbugs,access_control/incorrect_constructor_name3,access_control,7,mut,call_swap,random,0.0,2.8571,False,True,False
smartbugs,access_control/incorrect_constructor_name3,access_control,8,mut,arg_shuffle,greedy,0.0,3.4286,False,False,False
smartbugs,access_control/incorrect_constructor_name3,access_control,9,gen,reentrancy_probe,random,0.0,1.1429,False,False,False
smartbugs,access_control/incorrect_constructor_name3,access_control,10,gen,arithmetic_probe,greedy,0.0,0.0,True,False,True
smartbugs,access_control/incorrect_constructor_name3,access_control,11,gen,access_control_probe,random,0.0,0.5714,True,False,True
smartbugs,access_control/incorrect_constructor_name3,access_control,12,gen,price_oracle_probe,greedy,0.0,0.0,False,False,False
smartbugs,access_control/incorrect_constructor_name3,access_control,13,gen,logic_error_probe,greedy,0.0,0.0,False,False,False
smartbugs,access_control/incorrect_constructor_name3,access_control,14,mut,value_perturb,greedy,0.0,0.0,True,True,False
smartbugs,access_control/incorrect_constructor_name3,access_control,15,mut,call_insert,random,0.0,0.0,True,True,False
smartbugs,access_control/incorrect_constructor_name3,access_control,16,mut,call_swap,greedy,0.0,1.7143,False,False,False
smartbugs,access_control/incorrect_constructor_name3,access_control,17,mut,arg_shuffle,greedy,0.0,0.0,False,False,False
smartbugs,access_control/incorrect_constructor_name3,access_control,18,gen,arithmetic_probe,random,0.0,0.0,True,False,True
smartbugs,access_control/incorrect_constructor_name3,access_control,19,gen,price_oracle_probe,random,0.0,2.2857,True,False,True
smartbugs,access_control/incorrect_constructor_name3,access_control,20,gen,arithmetic_probe,greedy,0.0,0.0,True,False,True
smartbugs,access_control/incorrect_constructor_name3,access_control,21,gen,logic_error_probe,greedy,0.0,1.1429,False,False,False
smartbugs,access_control/incorrect_constructor_name3,access_control,22,gen,arithmetic_probe,greedy,0.0,0.0,False,False,False
smartbugs,access_control/incorrect_constructor_name3,access_control,23,mut,call_insert,random,0.0,0.0,False,False,False
smartbugs,access_control/incorrect_constructor_name3,access_control,24,gen,access_control_probe,greedy,0.0,0.0,True,False,True
smartbugs,access_control/incorrect_constructor_name3,access_control,25,gen,arithmetic_probe,greedy,0.0,0.0,True,False,True
smartbugs,access_control/incorrect_constructor_name3,access_control,26,gen,price_oracle_probe,greedy,0.0,0.0,False,False,False
smartbugs,access_control/incorrect_constructor_name3,access_control,27,mut,call_swap,greedy,0.0,1.1429,True,True,False
smartbugs,access_control/incorrect_constructor_name3,access_control,28,gen,reentrancy_probe,random,0.0,0.0,False,False,False
smartbugs,access_control/incorrect_constructor_name3,access_control,29,mut,call_swap,random,0.0,0.0,False,False,False
smartbugs,access_control/incorrect_constructor_name3,access_control,30,gen,access_control_probe,greedy,0.0,0.0,False,False,False
smartbugs,access_control/incorrect_constructor_name3,access_control,31,gen,price_oracle_probe,greedy,0.0,0.0,False,False,False
smartbugs,access_control/incorrect_constructor_name3,access_control,32,mut,value_perturb,greedy,0.0,0.5714,False,False,False
smartbugs,access_control/incorrect_constructor_name3,access_control,33,gen,logic_error_probe,greedy,0.0,0.0,False,False,False
smartbugs,access_control/incorrect_constructor_name3,access_control,34,mut,value_perturb,greedy,0.0,0.0,True,True,False
smartbugs,access_control/incorrect_constructor_name3,access_control,35,mut,arg_shuffle,greedy,0.0,2.2857,True,True,False
smartbugs,access_control/incorrect_constructor_name3,access_control,36,mut,arg_shuffle,greedy,0.0,0.0,False,False,False
smartbugs,access_control/incorrect_constructor_name3,access_control,37,mut,arg_shuffle,random,0.0,0.0,False,False,False
smartbugs,access_control/incorrect_constructor_name3,access_control,38,gen,reentrancy_probe,greedy,0.0,0.0,False,False,False
smartbugs,access_control/incorrect_constructor_name3,access_control,39,mut,call_swap,greedy,0.0,0.0,False,False,False
smartbugs,access_control/incorrect_constructor_name3,access_control,40,mut,call_insert,greedy,0.0,0.0,True,True,False
smartbugs,access_control/incorrect_constructor_name3,access_control,41,gen,logic_error_probe,greedy,0.0,0.0,False,False,False
smartbugs,access_control/incorrect_constructor_name3,access_control,42,mut,value_perturb,greedy,0.0,0.0,True,True,False
smartbugs,access_control/incorrect_constructor_name3,access_control,43,gen,arithmetic_probe,greedy,0.0,0.0,True,False,True
smartbugs,access_control/incorrect_constructor_name3,access_control,44,gen,access_control_probe,greedy,0.0,0.0,True,False,True
smartbugs,access_control/incorrect_constructor_name3,access_control,45,gen,reentrancy_probe,random,0.0,1.1429,True,False,True
smartbugs,access_control/incorrect_constructor_name3,access_control,46,gen,reentrancy_probe,greedy,0.0,0.0,False,False,False
smartbugs,access_control/incorrect_constructor_name3,access_control,47,gen,arithmetic_probe,greedy,0.0,0.0,True,False,True
smartbugs,access_control/incorrect_constructor_name3,access_control,48,mut,call_insert,greedy,0.0,0.0,True,True,False
smartbugs,access_control/incorrect_constructor_name3,access_control,49,gen,price_oracle_probe,greedy,0.0,0.0,False,False,False
smartbugs,access_control/incorrect_constructor_name3,access_control,50,mut,arg_shuffle,greedy,0.0,0.0,True,True,False
smartbugs,access_control/incorrect_constructor_name3,access_control,51,mut,call_swap,greedy,0.0,0.0,True,True,False
smartbugs,access_control/incorrect_constructor_name3,access_control,52,gen,logic_error_probe,greedy,0.0,0.0,False,False,False
smartbugs,access_control/incorrect_constructor_name3,access_control,53,mut,value_perturb,greedy,0.0,0.0,False,False,False
smartbugs,access_control/incorrect_constructor_name3,access_control,54,gen,arithmetic_probe,greedy,0.0,0.0,True,False,True
smartbugs,access_control/incorrect_constructor_name3,access_control,55,gen,price_oracle_probe,greedy,0.0,0.0,False,False,False
smartbugs,access_control/incorrect_constructor_name3,access_control,56,mut,arg_shuffle,greedy,0.0,0.0,True,True,False
smartbugs,access_control/incorrect_constructor_name3,access_control,57,gen,reentrancy_probe,greedy,0.0,0.0,False,False,False
smartbugs,access_control/incorrect_constructor_name3,access_control,58,gen,access_control_probe,greedy,0.0,0.0,False,False,False
smartbugs,access_control/incorrect_constructor_name3,access_control,59,gen,reentrancy_probe,greedy,0.0,0.0,False,False,False
smartbugs,access_control/incorrect_constructor_name3,access_control,60,mut,call_swap,greedy,0.0,0.0,False,False,False
smartbugs,access_control/incorrect_constructor_name3,access_control,61,mut,call_insert,greedy,0.0,0.5714,True,False,True
smartbugs,access_control/incorrect_constructor_name3,access_control,62,mut,call_insert,random,0.0,0.0,False,False,False
smartbugs,access_control/incorrect_constructor_name3,access_control,63,mut,call_insert,random,0.0,0.0,True,False,True
smartbugs,access_control/incorrect_constructor_name3,access_control,64,mut,call_insert,greedy,0.0,0.0,True,True,False
smartbugs,access_control/incorrect_constructor_name3,access_control,65,gen,logic_error_probe,greedy,0.0,0.0,False,False,False
smartbugs,access_control/incorrect_constructor_name3,access_control,66,mut,value_perturb,greedy,0.0,0.0,True,True,False
smartbugs,access_control/incorrect_constructor_name3,access_control,67,gen,arithmetic_probe,greedy,0.0,0.5714,False,False,False
smartbugs,access_control/incorrect_constructor_name3,access_control,68,mut,call_swap,greedy,0.0,0.0,True,True,False
smartbugs,access_control/incorrect_constructor_name3,access_control,69,gen,arithmetic_probe,greedy,0.0,0.0,False,False,False
smartbugs,access_control/incorrect_constructor_name3,access_control,70,gen,price_oracle_probe,greedy,0.0,0.0,False,False,False
smartbugs,access_control/incorrect_constructor_name3,access_control,71,mut,arg_shuffle,greedy,0.0,0.0,False,False,False
smartbugs,access_control/incorrect_constructor_name3,access_control,72,gen,access_control_probe,random,0.0,0.0,True,False,True
smartbugs,access_control/incorrect_constructor_name3,access_control,73,gen,reentrancy_probe,greedy,0.0,0.0,False,False,False
smartbugs,access_control/incorrect_constructor_name3,access_control,74,mut,call_insert,greedy,0.0,0.0,True,True,False
smartbugs,access_control/incorrect_constructor_name3,access_control,75,gen,logic_error_probe,greedy,0.0,0.0,False,False,False
smartbugs,access_control/incorrect_constructor_name3,access_control,76,mut,value_perturb,greedy,0.0,0.0,False,False,False
smartbugs,access_control/incorrect_constructor_name3,access_control,77,gen,price_oracle_probe,greedy,0.0,0.0,False,False,False
smartbugs,access_control/incorrect_constructor_name3,access_control,78,mut,arg_shuffle,greedy,0.0,0.0,False,False,False
smartbugs,access_control/incorrect_constructor_name3,access_control,79,gen,access_control_probe,greedy,0.0,0.0,True,False,True
smartbugs,access_control/incorrect_constructor_name3,access_control,80,gen,arithmetic_probe,greedy,0.0,0.0,False,False,False
smartbugs,access_control/incorrect_constructor_name3,access_control,81,gen,arithmetic_probe,greedy,0.0,0.0,True,False,True
smartbugs,access_control/incorrect_constructor_name3,access_control,82,gen,reentrancy_probe,greedy,0.0,0.0,False,False,False
smartbugs,access_control/incorrect_constructor_name3,access_control,83,gen,reentrancy_probe,random,0.0,0.0,True,False,True
smartbugs,access_control/incorrect_constructor_name3,access_control,84,mut,call_swap,greedy,0.0,0.0,False,False,False
smartbugs,access_control/incorrect_constructor_name3,access_control,85,gen,arithmetic_probe,greedy,0.0,0.0,False,False,False
smartbugs,access_control/incorrect_constructor_name3,access_control,86,gen,logic_error_probe,greedy,0.0,0.0,False,False,False
smartbugs,access_control/incorrect_constructor_name3,access_control,87,mut,value_perturb,greedy,0.0,0.0,True,True,False
smartbugs,access_control/incorrect_constructor_name3,access_control,88,gen,price_oracle_probe,greedy,0.0,0.0,True,False,True
smartbugs,access_control/incorrect_constructor_name3,access_control,89,mut,arg_shuffle,greedy,0.0,0.0,False,False,False
smartbugs,access_control/incorrect_constructor_name3,access_control,90,gen,access_control_probe,greedy,0.0,0.0,True,False,True
smartbugs,access_control/incorrect_constructor_name3,access_control,91,mut,call_swap,random,0.0,0.0,False,True,False
smartbugs,access_control/incorrect_constructor_name3,access_control,92,mut,call_insert,greedy,0.0,0.0,True,True,False
smartbugs,access_control/incorrect_constructor_name3,access_control,93,gen,arithmetic_probe,greedy,0.0,0.0,False,False,False
smartbugs,access_control/incorrect_constructor_name3,access_control,94,gen,reentrancy_probe,greedy,0.0,0.0,False,False,False
smartbugs,access_control/incorrect_constructor_name3,access_control,95,gen,logic_error_probe,greedy,0.0,0.0,False,False,False
smartbugs,access_control/incorrect_constructor_name3,access_control,96,mut,value_perturb,greedy,0.0,0.0,True,True,False
smartbugs,access_control/incorrect_constructor_name3,access_control,97,gen,access_control_probe,greedy,0.0,0.0,True,False,True
smartbugs,access_control/incorrect_constructor_name3,access_control,98,mut,call_insert,greedy,0.0,0.0,False,False,False
smartbugs,access_control/incorrect_constructor_name3,access_control,99,gen,arithmetic_probe,greedy,0.0,0.0,True,False,True
smartbugs,access_control/mapping_write,access_control,0,gen,reentrancy_probe,greedy,8.0,2.0,False,False,False
smartbugs,access_control/mapping_write,access_control,1,gen,arithmetic_probe,random,12.0,5.0,False,False,False
smartbugs,access_control/mapping_write,access_control,2,gen,access_control_probe,greedy,0.0,3.25,False,False,False
smartbugs,access_control/mapping_write,access_control,3,gen,price_oracle_probe,greedy,1.0,3.5,False,False,False
smartbugs,access_control/mapping_write,access_control,4,gen,logic_error_probe,random,0.0,4.25,False,False,False
smartbugs,access_control/mapping_write,access_control,5,mut,value_perturb,random,0.0,3.25,False,False,False
smartbugs,access_control/mapping_write,access_control,6,mut,call_insert,greedy,0.0,4.25,False,False,False
smartbugs,access_control/mapping_write,access_control,7,mut,call_swap,greedy,0.0,2.5,False,False,False
smartbugs,access_control/mapping_write,access_control,8,mut,arg_shuffle,greedy,0.0,2.5,False,False,False
smartbugs,access_control/mapping_write,access_control,9,gen,reentrancy_probe,greedy,0.0,1.25,False,False,False
smartbugs,access_control/mapping_write,access_control,10,gen,arithmetic_probe,greedy,0.0,0.0,False,False,False
smartbugs,access_control/mapping_write,access_control,11,gen,access_control_probe,greedy,0.0,0.0,False,False,False
smartbugs,access_control/mapping_write,access_control,12,gen,price_oracle_probe,greedy,0.0,0.0,False,False,False
smartbugs,access_control/mapping_write,access_control,13,gen,logic_error_probe,greedy,0.0,0.75,False,False,False
smartbugs,access_control/mapping_write,access_control,14,mut,value_perturb,greedy,0.0,0.0,False,False,False
smartbugs,access_control/mapping_write,access_control,15,mut,call_insert,greedy,0.0,0.75,False,False,False
smartbugs,access_control/mapping_write,access_control,16,mut,call_swap,greedy,0.0,1.25,False,False,False
smartbugs,access_control/mapping_write,access_control,17,mut,arg_shuffle,greedy,0.0,0.0,False,False,False
smartbugs,access_control/mapping_write,access_control,18,gen,logic_error_probe,greedy,0.0,0.0,False,False,False
smartbugs,access_control/mapping_write,access_control,19,gen,arithmetic_probe,greedy,0.0,0.25,False,False,False
smartbugs,access_control/mapping_write,access_control,20,mut,call_insert,greedy,2.0,7.25,False,False,False
smartbugs,access_control/mapping_write,access_control,21,mut,call_insert,random,0.0,0.0,False,False,False
smartbugs,access_control/mapping_write,access_control,22,mut,call_insert,greedy,0.0,0.0,False,False,False
smartbugs,access_control/mapping_write,access_control,23,mut,call_swap,greedy,0.0,0.0,False,False,False
smartbugs,access_control/mapping_write,access_control,24,gen,reentrancy_probe,greedy,0.0,0.0,False,False,False
smartbugs,access_control/mapping_write,access_control,25,mut,call_insert,greedy,0.0,0.0,False,False,False
smartbugs,access_control/mapping_write,access_control,26,gen,price_oracle_probe,greedy,0.0,0.0,False,False,False
smartbugs,access_control/mapping_write,access_control,27,gen,access_control_probe,greedy,0.0,0.0,False,False,False
smartbugs,access_control/mapping_write,access_control,28,mut,value_perturb,greedy,0.0,0.0,False,False,False
smartbugs,access_control/mapping_write,access_control,29,gen,arithmetic_probe,greedy,0.0,0.0,False,False,False
smartbugs,access_control/mapping_write,access_control,30,gen,logic_error_probe,greedy,0.0,0.0,False,False,False
smartbugs,access_control/mapping_write,access_control,31,mut,call_swap,greedy,0.0,0.0,False,False,False
smartbugs,access_control/mapping_write,access_control,32,mut,arg_shuffle,greedy,0.0,0.0,False,False,False
smartbugs,access_control/mapping_write,access_control,33,gen,reentrancy_probe,greedy,0.0,0.0,False,False,False
smartbugs,access_control/mapping_write,access_control,34,mut,call_insert,random,0.0,0.0,False,False,False
smartbugs,access_control/mapping_write,access_control,35,gen,price_oracle_probe,greedy,0.0,0.0,False,False,False
smartbugs,access_control/mapping_write,access_control,36,gen,access_control_probe,greedy,0.0,0.0,False,False,False
smartbugs,access_control/mapping_write,access_control,37,mut,value_perturb,greedy,0.0,0.0,False,False,False
smartbugs,access_control/mapping_write,access_control,38,gen,arithmetic_probe,greedy,0.0,0.0,False,False,False
smartbugs,access_control/mapping_write,access_control,39,gen,logic_error_probe,greedy,0.0,0.0,False,False,False
smartbugs,access_control/mapping_write,access_control,40,mut,call_swap,random,0.0,0.25,False,False,False
smartbugs,access_control/mapping_write,access_control,41,mut,arg_shuffle,greedy,0.0,1.25,False,False,False
smartbugs,access_control/mapping_write,access_control,42,mut,arg_shuffle,greedy,0.0,1.0,False,False,False
smartbugs,access_control/mapping_write,access_control,43,gen,reentrancy_probe,random,0.0,0.75,False,False,False
smartbugs,access_control/mapping_write,access_control,44,gen,reentrancy_probe,greedy,0.0,0.0,False,False,False
smartbugs,access_control/mapping_write,access_control,45,gen,access_control_probe,greedy,0.0,0.5,False,False,False
smartbugs,access_control/mapping_write,access_control,46,mut,call_insert,random,0.0,0.0,False,False,False
smartbugs,access_control/mapping_write,access_control,47,gen,price_oracle_probe,random,0.0,1.5,False,False,False
smartbugs,access_control/mapping_write,access_control,48,gen,price_oracle_probe,greedy,0.0,0.0,False,False,False
smartbugs,access_control/mapping_write,access_control,49,mut,value_perturb,greedy,1.0,5.0,False,False,False
smartbugs,access_control/mapping_write,access_control,50,mut,value_perturb,greedy,0.0,0.0,False,False,False
smartbugs,access_control/mapping_write,access_control,51,mut,value_perturb,greedy,0.0,0.0,False,False,False
smartbugs,access_control/mapping_write,access_control,52,mut,value_perturb,greedy,0.0,0.0,False,False,False
smartbugs,access_control/mapping_write,access_control,53,mut,arg_shuffle,random,0.0,0.0,False,False,False
smartbugs,access_control/mapping_write,access_control,54,gen,logic_error_probe,greedy,0.0,0.0,False,False,False
smartbugs,access_control/mapping_write,access_control,55,mut,value_perturb,greedy,0.0,0.0,False,False,False
smartbugs,access_control/mapping_write,access_control,56,mut,value_perturb,greedy,0.0,0.0,False,False,False
smartbugs,access_control/mapping_write,access_control,57,mut,arg_shuffle,greedy,0.0,0.0,False,False,False
smartbugs,access_control/mapping_write,access_control,58,gen,access_control_probe,greedy,0.0,0.0,False,False,False
smartbugs,access_control/mapping_write,access_control,59,gen,price_oracle_probe,greedy,0.0,0.0,False,False,False
smartbugs,access_control/mapping_write,access_control,60,gen,arithmetic_probe,greedy,0.0,0.0,False,False,False
smartbugs,access_control/mapping_write,access_control,61,mut,call_swap,greedy,0.0,0.75,False,False,False
smartbugs,access_control/mapping_write,access_control,62,mut,call_swap,greedy,0.0,0.0,False,False,False
smartbugs,access_control/mapping_write,access_control,63,mut,call_swap,greedy,0.0,0.0,False,False,False
smartbugs,access_control/mapping_write,access_control,64,mut,call_swap,greedy,0.0,0.0,False,False,False
smartbugs,access_control/mapping_write,access_control,65,gen,reentrancy_probe,greedy,0.0,0.0,False,False,False
smartbugs,access_control/mapping_write,access_control,66,mut,arg_shuffle,greedy,0.0,0.0,False,False,False
smartbugs,access_control/mapping_write,access_control,67,gen,price_oracle_probe,random,0.0,0.0,False,False,False
smartbugs,access_control/mapping_write,access_control,68,gen,access_control_probe,greedy,0.0,0.0,False,False,False
smartbugs,access_control/mapping_write,access_control,69,mut,call_insert,greedy,0.0,0.0,False,False,False
smartbugs,access_control/mapping_write,access_control,70,gen,reentrancy_probe,greedy,0.0,0.0,False,False,False
smartbugs,access_control/mapping_write,access_control,71,mut,call_swap,greedy,0.0,0.0,False,False,False
smartbugs,access_control/mapping_write,access_control,72,mut,arg_shuffle,greedy,0.0,0.0,False,False,False
smartbugs,access_control/mapping_write,access_control,73,gen,access_control_probe,greedy,0.0,0.0,False,False,False
smartbugs,access_control/mapping_write,access_control,74,gen,price_oracle_probe,greedy,0.0,0.0,False,False,False
smartbugs,access_control/mapping_write,access_control,75,gen,arithmetic_probe,greedy,0.0,0.0,False,False,False
smartbugs,access_control/mapping_write,access_control,76,gen,logic_error_probe,greedy,0.0,0.0,False,False,False
smartbugs,access_control/mapping_write,access_control,77,gen,price_oracle_probe,greedy,0.0,0.0,False,False,False
smartbugs,access_control/mapping_write,access_control,78,mut,value_perturb,greedy,0.0,0.0,False,False,False
smartbugs,access_control/mapping_write,access_control,79,mut,call_insert,greedy,0.0,0.0,False,False,False
smartbugs,access_control/mapping_write,access_control,80,gen,reentrancy_probe,greedy,0.0,0.0,False,False,False
smartbugs,access_control/mapping_write,access_control,81,mut,arg_shuffle,greedy,0.0,0.0,False,False,False
smartbugs,access_control/mapping_write,access_control,82,gen,arithmetic_probe,greedy,0.0,0.0,False,False,False
smartbugs,access_control/mapping_write,access_control,83,gen,price_oracle_probe,greedy,0.0,0.0,False,False,False
smartbugs,access_control/mapping_write,access_control,84,gen,logic_error_probe,greedy,0.0,0.0,False,False,False
smartbugs,access_control/mapping_write,access_control,85,gen,access_control_probe,greedy,0.0,0.0,False,False,False
smartbugs,access_control/mapping_write,access_control,86,mut,value_perturb,random,0.0,0.0,False,False,False
smartbugs,access_control/mapping_write,access_control,87,mut,call_insert,greedy,0.0,0.0,False,False,False
smartbugs,access_control/mapping_write,access_control,88,gen,reentrancy_probe,greedy,0.0,0.0,False,False,False
smartbugs,access_control/mapping_write,access_control,89,mut,call_swap,greedy,0.0,0.0,False,False,False
smartbugs,access_control/mapping_write,access_control,90,mut,call_insert,greedy,0.0,0.0,False,False,False
smartbugs,access_control/mapping_write,access_control,91,gen,arithmetic_probe,random,0.0,0.0,False,False,False
smartbugs,access_control/mapping_write,access_control,92,gen,access_control_probe,random,0.0,0.0,False,False,False
smartbugs,access_control/mapping_write,access_control,93,gen,logic_error_probe,greedy,0.0,0.0,False,False,False
smartbugs,access_control/mapping_write,access_control,94,mut,value_perturb,greedy,0.0,0.0,False,False,False
smartbugs,access_control/mapping_write,access_control,95,gen,reentrancy_probe,greedy,0.0,0.0,False,False,False
smartbugs,access_control/mapping_write,access_control,96,mut,call_swap,greedy,0.0,0.0,False,False,False
smartbugs,access_control/mapping_write,access_control,97,mut,arg_shuffle,greedy,0.0,0.0,False,False,False
smartbugs,access_control/mapping_write,access_control,98,gen,arithmetic_probe,greedy,0.0,0.0,False,False,False
smartbugs,access_control/mapping_write,access_control,99,gen,price_oracle_probe,greedy,0.0,0.0,False,False,False
smartbugs,access_control/multiowned_vulnerable,access_control,0,gen,reentrancy_probe,random,15.0,3.3333,False,False,False
smartbugs,access_control/multiowned_vulnerable,access_control,1,gen,arithmetic_probe,greedy,3.0,2.0,False,False,False
smartbugs,access_control/multiowned_vulnerable,access_control,2,gen,access_control_probe,greedy,0.0,2.0,False,False,False
smartbugs,access_control/multiowned_vulnerable,access_control,3,gen,price_oracle_probe,random,6.0,4.4444,False,False,False
smartbugs,access_control/multiowned_vulnerable,access_control,4,gen,logic_error_probe,greedy,0.0,2.0,False,False,False
smartbugs,access_control/multiowned_vulnerable,access_control,5,mut,value_perturb,greedy,0.0,2.6667,False,False,False
smartbugs,access_control/multiowned_vulnerable,access_control,6,mut,call_insert,greedy,0.0,4.4444,False,False,False
smartbugs,access_control/multiowned_vulnerable,access_control,7,mut,call_swap,greedy,0.0,4.4444,False,False,False
smartbugs,access_control/multiowned_vulnerable,access_control,8,mut,arg_shuffle,greedy,0.0,2.0,False,False,False
smartbugs,access_control/multiowned_vulnerable,access_control,9,gen,reentrancy_probe,greedy,0.0,0.6667,False,False,False
smartbugs,access_control/multiowned_vulnerable,access_control,10,gen,arithmetic_probe,greedy,0.0,0.6667,False,False,False
smartbugs,access_control/multiowned_vulnerable,access_control,11,gen,access_control_probe,greedy,0.0,0.2222,False,False,False
smartbugs,access_control/multiowned_vulnerable,access_control,12,gen,price_oracle_probe,greedy,0.0,0.6667,False,False,False
smartbugs,access_control/multiowned_vulnerable,access_control,13,gen,logic_error_probe,greedy,0.0,0.0,False,False,False
smartbugs,access_control/multiowned_vulnerable,access_control,14,mut,value_perturb,greedy,0.0,0.6667,False,False,False
smartbugs,access_control/multiowned_vulnerable,access_control,15,mut,call_insert,greedy,0.0,0.0,False,False,False
smartbugs,access_control/multiowned_vulnerable,access_control,16,mut,call_swap,greedy,0.0,0.0,False,False,False
smartbugs,access_control/multiowned_vulnerable,access_control,17,mut,arg_shuffle,greedy,0.0,0.0,False,False,False
smartbugs,access_control/multiowned_vulnerable,access_control,18,gen,price_oracle_probe,greedy,0.0,0.0,False,False,False
smartbugs,access_control/multiowned_vulnerable,access_control,19,gen,reentrancy_probe,greedy,0.0,0.0,False,False,False
smartbugs,access_control/multiowned_vulnerable,access_control,20,mut,call_insert,greedy,2.0,56.6667,True,False,True
smartbugs,access_control/multiowned_vulnerable,access_control,21,mut,call_swap,random,0.0,0.2222,False,False,False
smartbugs,access_control/multiowned_vulnerable,access_control,22,mut,call_insert,greedy,0.0,0.2222,False,False,False
smartbugs,access_control/multiowned_vulnerable,access_control,23,mut,call_insert,greedy,0.0,0.2222,False,False,False
smartbugs,access_control/multiowned_vulnerable,access_control,24,mut,call_insert,greedy,0.0,0.0,True,True,False
smartbugs,access_control/multiowned_vulnerable,access_control,25,mut,call_insert,greedy,0.0,0.0,False,False,False
smartbugs,access_control/multiowned_vulnerable,access_control,26,mut,call_insert,greedy,0.0,0.0,False,False,False
smartbugs,access_control/multiowned_vulnerable,access_control,27,mut,value_perturb,greedy,0.0,0.0,False,False,False
smartbugs,access_control/multiowned_vulnerable,access_control,28,gen,reentrancy_probe,greedy,0.0,0.0,False,False,False
smartbugs,access_control/multiowned_vulnerable,access_control,29,gen,reentrancy_probe,greedy,0.0,0.0,False,False,False
smartbugs,access_control/multiowned_vulnerable,access_control,30,gen,arithmetic_probe,greedy,0.0,0.0,False,False,False
smartbugs,access_control/multiowned_vulnerable,access_control,31,mut,arg_shuffle,greedy,0.0,3.1111,False,False,False
smartbugs,access_control/multiowned_vulnerable,access_control,32,mut,arg_shuffle,greedy,0.0,0.0,False,False,False
smartbugs,access_control/multiowned_vulnerable,access_control,33,mut,arg_shuffle,greedy,0.0,0.0,False,False,False
smartbugs,access_control/multiowned_vulnerable,access_control,34,gen,price_oracle_probe,greedy,0.0,0.0,False,False,False
smartbugs,access_control/multiowned_vulnerable,access_control,35,mut,call_swap,greedy,0.0,0.6667,False,False,False
smartbugs,access_control/multiowned_vulnerable,access_control,36,mut,call_swap,greedy,0.0,0.0,False,False,False
smartbugs,access_control/multiowned_vulnerable,access_control,37,gen,arithmetic_probe,greedy,0.0,0.0,False,False,False
smartbugs,access_control/multiowned_vulnerable,access_control,38,gen,access_control_probe,greedy,0.0,0.0,False,False,False
smartbugs,access_control/multiowned_vulnerable,access_control,39,gen,logic_error_probe,greedy,0.0,0.0,False,False,False
smartbugs,access_control/multiowned_vulnerable,access_control,40,mut,value_perturb,greedy,0.0,0.0,False,False,False
smartbugs,access_control/multiowned_vulnerable,access_control,41,mut,call_insert,greedy,0.0,0.0,False,False,False
smartbugs,access_control/multiowned_vulnerable,access_control,42,gen,price_oracle_probe,greedy,0.0,0.0,False,False,False
smartbugs,access_control/multiowned_vulnerable,access_control,43,gen,access_control_probe,greedy,0.0,0.0,False,False,False
smartbugs,access_control/multiowned_vulnerable,access_control,44,gen,logic_error_probe,greedy,0.0,0.0,False,False,False
smartbugs,access_control/multiowned_vulnerable,access_control,45,mut,value_perturb,greedy,0.0,0.0,False,False,False
smartbugs,access_control/multiowned_vulnerable,access_control,46,gen,price_oracle_probe,greedy,0.0,0.0,False,False,False
smartbugs,access_control/multiowned_vulnerable,access_control,47,mut,call_insert,greedy,2.0,7.1111,False,False,False
smartbugs,access_control/multiowned_vulnerable,access_control,48,mut,call_insert,greedy,0.0,0.0,False,False,False
smartbugs,access_control/multiowned_vulnerable,access_control,49,mut,call_insert,greedy,0.0,0.0,False,False,False
smartbugs,access_control/multiowned_vulnerable,access_control,50,mut,call_insert,greedy,0.0,0.0,False,False,False
smartbugs,access_control/multiowned_vulnerable,access_control,51,mut,call_insert,greedy,0.0,0.0,True,False,True
smartbugs,access_control/multiowned_vulnerable,access_control,52,mut,call_insert,greedy,0.0,0.0,False,False,False
smartbugs,access_control/multiowned_vulnerable,access_control,53,mut,arg_shuffle,random,0.0,0.2222,False,False,False
smartbugs,access_control/multiowned_vulnerable,access_control,54,gen,reentrancy_probe,random,0.0,1.1111,False,False,False
smartbugs,access_control/multiowned_vulnerable,access_control,55,gen,logic_error_probe,greedy,0.0,0.0,False,False,False
smartbugs,access_control/multiowned_vulnerable,access_control,56,mut,arg_shuffle,greedy,0.0,0.0,False,False,False
smartbugs,access_control/multiowned_vulnerable,access_control,57,gen,arithmetic_probe,greedy,0.0,0.0,False,False,False
smartbugs,access_control/multiowned_vulnerable,access_control,58,mut,call_swap,greedy,0.0,0.0,False,False,False
smartbugs,access_control/multiowned_vulnerable,access_control,59,gen,access_control_probe,greedy,0.0,0.0,False,False,False
smartbugs,access_control/multiowned_vulnerable,access_control,60,mut,arg_shuffle,greedy,0.0,0.4444,False,False,False
smartbugs,access_control/multiowned_vulnerable,access_control,61,mut,arg_shuffle,greedy,0.0,0.0,False,False,False
smartbugs,access_control/multiowned_vulnerable,access_control,62,mut,arg_shuffle,greedy,0.0,0.0,False,False,False
smartbugs,access_control/multiowned_vulnerable,access_control,63,gen,arithmetic_probe,greedy,0.0,0.0,False,False,False
smartbugs,access_control/multiowned_vulnerable,access_control,64,mut,call_swap,random,0.0,0.0,False,False,False
smartbugs,access_control/multiowned_vulnerable,access_control,65,gen,reentrancy_probe,random,0.0,0.0,False,False,False
smartbugs,access_control/multiowned_vulnerable,access_control,66,gen,reentrancy_probe,greedy,0.0,0.0,False,False,False
smartbugs,access_control/multiowned_vulnerable,access_control,67,gen,logic_error_probe,greedy,0.0,0.0,False,False,False
smartbugs,access_control/multiowned_vulnerable,access_control,68,gen,reentrancy_probe,greedy,0.0,0.0,False,False,False
smartbugs,access_control/multiowned_vulnerable,access_control,69,mut,value_perturb,random,0.0,0.0,False,False,False
smartbugs,access_control/multiowned_vulnerable,access_control,70,mut,call_insert,greedy,0.0,0.0,False,False,False
smartbugs,access_control/multiowned_vulnerable,access_control,71,gen,price_oracle_probe,greedy,0.0,0.0,False,False,False
smartbugs,access_control/multiowned_vulnerable,access_control,72,gen,price_oracle_probe,greedy,0.0,0.0,False,False,False
smartbugs,access_control/multiowned_vulnerable,access_control,73,mut,call_swap,greedy,0.0,0.0,False,False,False
smartbugs,access_control/multiowned_vulnerable,access_control,74,gen,access_control_probe,greedy,0.0,0.6667,False,False,False
smartbugs,access_control/multiowned_vulnerable,access_control,75,gen,access_control_probe,random,0.0,1.1111,False,False,False
smartbugs,access_control/multiowned_vulnerable,access_control,76,gen,access_control_probe,greedy,0.0,0.8889,False,False,False
smartbugs,access_control/multiowned_vulnerable,access_control,77,gen,access_control_probe,greedy,0.0,0.0,False,False,False
smartbugs,access_control/multiowned_vulnerable,access_control,78,gen,access_control_probe,greedy,0.0,0.0,False,False,False
smartbugs,access_control/multiowned_vulnerable,access_control,79,gen,reentrancy_probe,greedy,0.0,0.0,False,False,False
smartbugs,access_control/multiowned_vulnerable,access_control,80,mut,arg_shuffle,greedy,0.0,0.0,False,False,False
smartbugs,access_control/multiowned_vulnerable,access_control,81,mut,value_perturb,greedy,0.0,1.7778,False,False,False
smartbugs,access_control/multiowned_vulnerable,access_control,82,mut,value_perturb,greedy,0.0,0.0,False,False,False
smartbugs,access_control/multiowned_vulnerable,access_control,83,mut,arg_shuffle,greedy,0.0,0.0,False,False,False
smartbugs,access_control/multiowned_vulnerable,access_control,84,mut,call_swap,random,0.0,0.0,False,False,False
smartbugs,access_control/multiowned_vulnerable,access_control,85,mut,value_perturb,greedy,0.0,0.0,False,False,False
smartbugs,access_control/multiowned_vulnerable,access_control,86,mut,value_perturb,greedy,0.0,0.0,False,False,False
smartbugs,access_control/multiowned_vulnerable,access_control,87,mut,call_insert,greedy,0.0,0.0,False,False,False
smartbugs,access_control/multiowned_vulnerable,access_control,88,gen,arithmetic_probe,greedy,0.0,0.0,False,False,False
smartbugs,access_control/multiowned_vulnerable,access_control,89,gen,access_control_probe,greedy,0.0,0.0,False,False,False
smartbugs,access_control/multiowned_vulnerable,access_control,90,gen,arithmetic_probe,greedy,0.0,0.0,False,False,False
smartbugs,access_control/multiowned_vulnerable,access_control,91,gen,access_control_probe,greedy,0.0,0.0,False,False,False
smartbugs,access_control/multiowned_vulnerable,access_control,92,gen,access_control_probe,greedy,0.0,0.0,False,False,False
smartbugs,access_control/multiowned_vulnerable,access_control,93,gen,reentrancy_probe,random,0.0,0.0,False,False,False
smartbugs,access_control/multiowned_vulnerable,access_control,94,gen,logic_error_probe,greedy,0.0,0.0,False,False,False
smartbugs,access_control/multiowned_vulnerable,access_control,95,mut,call_insert,greedy,0.0,0.0,True,False,True
smartbugs,access_control/multiowned_vulnerable,access_control,96,gen,access_control_probe,greedy,0.0,0.0,False,False,False
smartbugs,access_control/multiowned_vulnerable,access_control,97,mut,value_perturb,greedy,0.0,0.0,False,False,False
smartbugs,access_control/multiowned_vulnerable,access_control,98,mut,value_perturb,greedy,0.0,0.0,False,False,False
smartbugs,access_control/multiowned_vulnerable,access_control,99,mut,value_perturb,greedy,0.0,0.0,False,False,False
smartbugs,access_control/parity_wallet_bug_2,access_control,0,gen,reentrancy_probe,greedy,26.0,0.7536,False,False,False
smartbugs,access_control/parity_wallet_bug_2,access_control,1,gen,arithmetic_probe,greedy,4.0,0.7826,False,False,False
smartbugs,access_control/parity_wallet_bug_2,access_control,2,gen,access_control_probe,greedy,12.0,1.0145,False,False,False
smartbugs,access_control/parity_wallet_bug_2,access_control,3,gen,price_oracle_probe,greedy,16.0,1.5942,False,False,False
smartbugs,access_control/parity_wallet_bug_2,access_control,4,gen,logic_error_probe,random,5.0,1.2174,False,False,False
smartbugs,access_control/parity_wallet_bug_2,access_control,5,mut,value_perturb,greedy,0.0,1.5942,False,False,False
smartbugs,access_control/parity_wallet_bug_2,access_control,6,mut,call_insert,greedy,0.0,0.7826,False,False,False
smartbugs,access_control/parity_wallet_bug_2,access_control,7,mut,call_swap,greedy,0.0,0.7826,False,False,False
smartbugs,access_control/parity_wallet_bug_2,access_control,8,mut,arg_shuffle,greedy,0.0,1.3043,False,False,False
smartbugs,access_control/parity_wallet_bug_2,access_control,9,gen,reentrancy_probe,greedy,0.0,0.0,False,False,False
smartbugs,access_control/parity_wallet_bug_2,access_control,10,gen,arithmetic_probe,greedy,0.0,0.087,False,False,False
smartbugs,access_control/parity_wallet_bug_2,access_control,11,gen,access_control_probe,greedy,0.0,0.0,False,False,False
smartbugs,access_control/parity_wallet_bug_2,access_control,12,gen,price_oracle_probe,greedy,8.0,0.3188,False,False,False
smartbugs,access_control/parity_wallet_bug_2,access_control,13,gen,logic_error_probe,greedy,0.0,0.0,False,False,False
smartbugs,access_control/parity_wallet_bug_2,access_control,14,mut,value_perturb,greedy,0.0,0.0,False,False,False
smartbugs,access_control/parity_wallet_bug_2,access_control,15,mut,call_insert,greedy,0.0,0.1739,False,False,False
smartbugs,access_control/parity_wallet_bug_2,access_control,16,mut,call_swap,greedy,0.0,0.0,False,False,False
smartbugs,access_control/parity_wallet_bug_2,access_control,17,mut,arg_shuffle,greedy,0.0,0.0,False,False,False
smartbugs,access_control/parity_wallet_bug_2,access_control,18,gen,price_oracle_probe,random,6.0,1.5362,False,False,False
smartbugs,access_control/parity_wallet_bug_2,access_control,19,gen,price_oracle_probe,random,4.0,0.1159,False,False,False
smartbugs,access_control/parity_wallet_bug_2,access_control,20,gen,price_oracle_probe,greedy,6.0,0.1739,False,False,False
smartbugs,access_control/parity_wallet_bug_2,access_control,21,mut,value_perturb,greedy,0.0,0.0,False,False,False
smartbugs,access_control/parity_wallet_bug_2,access_control,22,gen,price_oracle_probe,greedy,0.0,0.0,False,False,False
smartbugs,access_control/parity_wallet_bug_2,access_control,23,mut,arg_shuffle,random,0.0,0.0,False,False,False
smartbugs,access_control/parity_wallet_bug_2,access_control,24,gen,logic_error_probe,greedy,0.0,0.0,False,False,False
smartbugs,access_control/parity_wallet_bug_2,access_control,25,mut,call_insert,greedy,0.0,0.6377,False,False,False
smartbugs,access_control/parity_wallet_bug_2,access_control,26,mut,call_insert,greedy,0.0,0.3188,False,False,False
smartbugs,access_control/parity_wallet_bug_2,access_control,27,mut,call_insert,greedy,0.0,0.0,False,False,False
smartbugs,access_control/parity_wallet_bug_2,access_control,28,gen,access_control_probe,greedy,0.0,0.0,False,False,False
smartbugs,access_control/parity_wallet_bug_2,access_control,29,gen,arithmetic_probe,greedy,0.0,0.0,False,False,False
smartbugs,access_control/parity_wallet_bug_2,access_control,30,mut,value_perturb,greedy,0.0,0.3188,False,False,False
smartbugs,access_control/parity_wallet_bug_2,access_control,31,mut,value_perturb,greedy,0.0,0.0,False,False,False
smartbugs,access_control/parity_wallet_bug_2,access_control,32,mut,call_swap,greedy,0.0,0.3478,False,False,False
smartbugs,access_control/parity_wallet_bug_2,access_control,33,mut,call_swap,greedy,0.0,0.2899,False,False,False
smartbugs,access_control/parity_wallet_bug_2,access_control,34,mut,call_swap,greedy,0.0,0.2319,False,False,False
smartbugs,access_control/parity_wallet_bug_2,access_control,35,gen,price_oracle_probe,greedy,0.0,0.0,False,False,False
smartbugs,access_control/parity_wallet_bug_2,access_control,36,gen,reentrancy_probe,greedy,0.0,0.0,False,False,False
smartbugs,access_control/parity_wallet_bug_2,access_control,37,mut,arg_shuffle,greedy,0.0,0.0,False,False,False
smartbugs,access_control/parity_wallet_bug_2,access_control,38,gen,logic_error_probe,greedy,0.0,0.0,False,False,False
smartbugs,access_control/parity_wallet_bug_2,access_control,39,gen,access_control_probe,greedy,0.0,0.0,False,False,False
smartbugs,access_control/parity_wallet_bug_2,access_control,40,gen,arithmetic_probe,random,5.0,3.2899,False,False,False
smartbugs,access_control/parity_wallet_bug_2,access_control,41,gen,arithmetic_probe,greedy,2.0,0.058,False,False,False
smartbugs,access_control/parity_wallet_bug_2,access_control,42,gen,arithmetic_probe,greedy,0.0,0.0,False,False,False
smartbugs,access_control/parity_wallet_bug_2,access_control,43,gen,arithmetic_probe,greedy,0.0,0.0,False,False,False
smartbugs,access_control/parity_wallet_bug_2,access_control,44,gen,arithmetic_probe,random,0.0,0.058,False,False,False
smartbugs,access_control/parity_wallet_bug_2,access_control,45,gen,arithmetic_probe,greedy,0.0,0.0,False,False,False
smartbugs,access_control/parity_wallet_bug_2,access_control,46,mut,call_swap,greedy,0.0,0.0,False,False,False
smartbugs,access_control/parity_wallet_bug_2,access_control,47,mut,call_insert,greedy,0.0,0.087,False,False,False
smartbugs,access_control/parity_wallet_bug_2,access_control,48,gen,price_oracle_probe,greedy,0.0,0.0,False,False,False
smartbugs,access_control/parity_wallet_bug_2,access_control,49,gen,reentrancy_probe,greedy,0.0,0.0,False,False,False
smartbugs,access_control/parity_wallet_bug_2,access_control,50,mut,call_insert,greedy,0.0,0.087,False,False,False
smartbugs,access_control/parity_wallet_bug_2,access_control,51,mut,call_insert,greedy,0.0,0.0,False,False,False
smartbugs,access_control/parity_wallet_bug_2,access_control,52,mut,arg_shuffle,greedy,0.0,0.0,False,False,False
smartbugs,access_control/parity_wallet_bug_2,access_control,53,gen,logic_error_probe,greedy,0.0,0.0,False,False,False
smartbugs,access_control/parity_wallet_bug_2,access_control,54,gen,arithmetic_probe,greedy,0.0,0.0,False,False,False
smartbugs,access_control/parity_wallet_bug_2,access_control,55,mut,call_swap,greedy,0.0,0.4348,False,False,False
smartbugs,access_control/parity_wallet_bug_2,access_control,56,mut,call_swap,greedy,0.0,0.0,False,False,False
smartbugs,access_control/parity_wallet_bug_2,access_control,57,mut,call_swap,greedy,0.0,0.3478,False,False,False
smartbugs,access_control/parity_wallet_bug_2,access_control,58,mut,call_swap,greedy,0.0,0.0,False,False,False
smartbugs,access_control/parity_wallet_bug_2,access_control,59,mut,value_perturb,greedy,0.0,0.5217,False,False,False
smartbugs,access_control/parity_wallet_bug_2,access_control,60,mut,value_perturb,greedy,0.0,0.0,False,False,False
smartbugs,access_control/parity_wallet_bug_2,access_control,61,mut,value_perturb,greedy,0.0,0.1159,False,False,False
smartbugs,access_control/parity_wallet_bug_2,access_control,62,mut,value_perturb,greedy,0.0,0.0,False,False,False
smartbugs,access_control/parity_wallet_bug_2,access_control,63,mut,value_perturb,greedy,0.0,0.087,False,False,False
smartbugs,access_control/parity_wallet_bug_2,access_control,64,mut,call_insert,greedy,10.0,4.8406,False,False,False
smartbugs,access_control/parity_wallet_bug_2,access_control,65,mut,call_insert,greedy,0.0,0.2029,False,False,False
smartbugs,access_control/parity_wallet_bug_2,access_control,66,mut,call_insert,greedy,0.0,0.087,False,False,False
smartbugs,access_control/parity_wallet_bug_2,access_control,67,mut,call_insert,greedy,0.0,0.0,False,False,False
smartbugs,access_control/parity_wallet_bug_2,access_control,68,mut,call_insert,greedy,0.0,0.0,False,False,False
smartbugs,access_control/parity_wallet_bug_2,access_control,69,mut,call_insert,greedy,0.0,0.0,False,False,False
smartbugs,access_control/parity_wallet_bug_2,access_control,70,gen,access_control_probe,random,2.0,1.1594,False,False,False
smartbugs,access_control/parity_wallet_bug_2,access_control,71,gen,access_control_probe,greedy,0.0,0.0,False,False,False
smartbugs,access_control/parity_wallet_bug_2,access_control,72,gen,access_control_probe,greedy,0.0,0.0,False,False,False
smartbugs,access_control/parity_wallet_bug_2,access_control,73,gen,access_control_probe,greedy,0.0,0.0,False,False,False
smartbugs,access_control/parity_wallet_bug_2,access_control,74,gen,access_control_probe,random,0.0,0.2029,False,False,False
smartbugs,access_control/parity_wallet_bug_2,access_control,75,gen,access_control_probe,greedy,4.0,0.1159,False,False,False
smartbugs,access_control/parity_wallet_bug_2,access_control,76,gen,access_control_probe,random,0.0,0.029,False,False,False
smartbugs,access_control/parity_wallet_bug_2,access_control,77,gen,access_control_probe,greedy,0.0,0.087,False,False,False
smartbugs,access_control/parity_wallet_bug_2,access_control,78,gen,access_control_probe,greedy,0.0,0.0,False,False,False
smartbugs,access_control/parity_wallet_bug_2,access_control,79,mut,call_swap,greedy,10.0,0.4058,False,False,False
smartbugs,access_control/parity_wallet_bug_2,access_control,80,mut,call_swap,greedy,0.0,0.0,False,False,False
smartbugs,access_control/parity_wallet_bug_2,access_control,81,mut,call_swap,greedy,4.0,0.1159,False,False,False
smartbugs,access_control/parity_wallet_bug_2,access_control,82,mut,call_swap,greedy,7.0,0.4638,False,False,False
smartbugs,access_control/parity_wallet_bug_2,access_control,83,mut,call_swap,greedy,0.0,0.0,False,False,False
smartbugs,access_control/parity_wallet_bug_2,access_control,84,gen,reentrancy_probe,greedy,0.0,0.1159,False,False,False
smartbugs,access_control/parity_wallet_bug_2,access_control,85,mut,call_swap,greedy,0.0,0.1159,False,False,False
smartbugs,access_control/parity_wallet_bug_2,access_control,86,mut,call_swap,greedy,0.0,0.0,False,False,False
smartbugs,access_control/parity_wallet_bug_2,access_control,87,gen,reentrancy_probe,greedy,0.0,0.0,False,False,False
smartbugs,access_control/parity_wallet_bug_2,access_control,88,mut,call_swap,greedy,0.0,0.0,False,False,False
smartbugs,access_control/parity_wallet_bug_2,access_control,89,gen,price_oracle_probe,greedy,0.0,0.0,False,False,False
smartbugs,access_control/parity_wallet_bug_2,access_control,90,mut,call_insert,greedy,3.0,0.8841,False,False,False
smartbugs,access_control/parity_wallet_bug_2,access_control,91,mut,call_insert,greedy,0.0,0.0,False,False,False
smartbugs,access_control/parity_wallet_bug_2,access_control,92,mut,call_insert,greedy,0.0,0.0,False,False,False
smartbugs,access_control/parity_wallet_bug_2,access_control,93,mut,call_insert,greedy,4.0,0.1159,False,False,False
smartbugs,access_control/parity_wallet_bug_2,access_control,94,mut,call_insert,greedy,1.0,0.029,False,False,False
smartbugs,access_control/parity_wallet_bug_2,access_control,95,mut,call_insert,greedy,0.0,0.0,False,False,False
smartbugs,access_control/parity_wallet_bug_2,access_control,96,gen,access_control_probe,random,0.0,0.058,False,False,False
smartbugs,access_control/parity_wallet_bug_2,access_control,97,gen,access_control_probe,greedy,0.0,0.0,False,False,False
smartbugs,access_control/parity_wallet_bug_2,access_control,98,mut,value_perturb,greedy,0.0,0.2899,False,False,False
smartbugs,access_control/parity_wallet_bug_2,access_control,99,mut,value_perturb,greedy,0.0,0.0,False,False,False
smartbugs,access_control/simple_suicide,access_control,0,gen,reentrancy_probe,greedy,4.0,54.0,True,False,True
smartbugs,access_control/simple_suicide,access_control,1,gen,arithmetic_probe,random,0.0,4.0,True,False,True
smartbugs,access_control/simple_suicide,access_control,2,gen,access_control_probe,greedy,0.0,4.0,True,False,True
smartbugs,access_control/simple_suicide,access_control,3,gen,price_oracle_probe,greedy,0.0,4.0,True,False,True
smartbugs,access_control/simple_suicide,access_control,4,gen,logic_error_probe,greedy,0.0,4.0,True,False,True
smartbugs,access_control/simple_suicide,access_control,5,mut,value_perturb,random,0.0,4.0,True,True,False
smartbugs,access_control/simple_suicide,access_control,6,mut,call_insert,greedy,0.0,4.0,True,True,False
smartbugs,access_control/simple_suicide,access_control,7,mut,call_swap,greedy,0.0,4.0,True,True,False
smartbugs,access_control/simple_suicide,access_control,8,mut,arg_shuffle,greedy,0.0,4.0,True,True,False
smartbugs,access_control/simple_suicide,access_control,9,gen,reentrancy_probe,greedy,0.0,0.0,True,False,True
smartbugs,access_control/simple_suicide,access_control,10,gen,arithmetic_probe,random,0.0,0.0,True,False,True
smartbugs,access_control/simple_suicide,access_control,11,gen,access_control_probe,greedy,0.0,0.0,True,False,True
smartbugs,access_control/simple_suicide,access_control,12,gen,price_oracle_probe,greedy,0.0,0.0,True,False,True
smartbugs,access_control/simple_suicide,access_control,13,gen,logic_error_probe,greedy,0.0,0.0,True,False,True
smartbugs,access_control/simple_suicide,access_control,14,mut,value_perturb,greedy,0.0,0.0,True,True,False
smartbugs,access_control/simple_suicide,access_control,15,mut,call_insert,greedy,0.0,0.0,True,True,False
smartbugs,access_control/simple_suicide,access_control,16,mut,call_swap,greedy,0.0,0.0,True,True,False
smartbugs,access_control/simple_suicide,access_control,17,mut,arg_shuffle,greedy,0.0,0.0,True,True,False
smartbugs,access_control/simple_suicide,access_control,18,gen,reentrancy_probe,greedy,0.0,0.0,True,False,True
smartbugs,access_control/simple_suicide,access_control,19,gen,reentrancy_probe,greedy,0.0,0.0,True,False,True
smartbugs,access_control/simple_suicide,access_control,20,gen,reentrancy_probe,greedy,0.0,0.0,True,False,True
smartbugs,access_control/simple_suicide,access_control,21,gen,reentrancy_probe,greedy,0.0,0.0,True,False,True
smartbugs,access_control/simple_suicide,access_control,22,gen,arithmetic_probe,greedy,0.0,0.0,True,False,True
smartbugs,access_control/simple_suicide,access_control,23,gen,access_control_probe,greedy,0.0,0.0,True,False,True
smartbugs,access_control/simple_suicide,access_control,24,mut,value_perturb,greedy,0.0,0.0,True,True,False
smartbugs,access_control/simple_suicide,access_control,25,gen,arithmetic_probe,greedy,0.0,0.0,True,False,True
smartbugs,access_control/simple_suicide,access_control,26,gen,price_oracle_probe,greedy,0.0,0.0,True,False,True
smartbugs,access_control/simple_suicide,access_control,27,gen,logic_error_probe,greedy,0.0,0.0,True,False,True
smartbugs,access_control/simple_suicide,access_control,28,mut,call_insert,greedy,0.0,0.0,True,True,False
smartbugs,access_control/simple_suicide,access_control,29,mut,call_swap,greedy,0.0,0.0,True,True,False
smartbugs,access_control/simple_suicide,access_control,30,mut,arg_shuffle,random,0.0,0.0,True,True,False
smartbugs,access_control/simple_suicide,access_control,31,gen,access_control_probe,greedy,0.0,0.0,True,False,True
smartbugs,access_control/simple_suicide,access_control,32,gen,price_oracle_probe,greedy,0.0,0.0,True,False,True
smartbugs,access_control/simple_suicide,access_control,33,gen,logic_error_probe,greedy,0.0,0.0,True,False,True
smartbugs,access_control/simple_suicide,access_control,34,mut,call_swap,greedy,0.0,0.0,True,True,False
smartbugs,access_control/simple_suicide,access_control,35,mut,value_perturb,greedy,0.0,0.0,True,True,False
smartbugs,access_control/simple_suicide,access_control,36,mut,call_insert,greedy,0.0,0.0,True,True,False
smartbugs,access_control/simple_suicide,access_control,37,mut,arg_shuffle,greedy,0.0,0.0,True,True,False
smartbugs,access_control/simple_suicide,access_control,38,gen,reentrancy_probe,greedy,0.0,0.0,True,False,True
smartbugs,access_control/simple_suicide,access_control,39,gen,arithmetic_probe,greedy,0.0,0.0,True,False,True
smartbugs,access_control/simple_suicide,access_control,40,gen,access_control_probe,greedy,0.0,0.0,True,False,True
smartbugs,access_control/simple_suicide,access_control,41,gen,price_oracle_probe,random,0.0,0.0,True,False,True
smartbugs,access_control/simple_suicide,access_control,42,gen,logic_error_probe,greedy,0.0,0.0,True,False,True
smartbugs,access_control/simple_suicide,access_control,43,mut,value_perturb,greedy,0.0,0.0,True,True,False
smartbugs,access_control/simple_suicide,access_control,44,mut,call_insert,greedy,0.0,0.0,True,True,False
smartbugs,access_control/simple_suicide,access_control,45,mut,call_swap,greedy,0.0,0.0,True,True,False
smartbugs,access_control/simple_suicide,access_control,46,mut,arg_shuffle,greedy,0.0,0.0,True,True,False
smartbugs,access_control/simple_suicide,access_control,47,gen,reentrancy_probe,greedy,0.0,0.0,False,False,False
smartbugs,access_control/simple_suicide,access_control,48,gen,reentrancy_probe,greedy,0.0,0.0,True,False,True
smartbugs,access_control/simple_suicide,access_control,49,gen,reentrancy_probe,greedy,0.0,0.0,True,False,True
smartbugs,access_control/simple_suicide,access_control,50,gen,reentrancy_probe,greedy,0.0,0.0,True,False,True
smartbugs,access_control/simple_suicide,access_control,51,gen,arithmetic_probe,greedy,0.0,0.0,True,False,True
smartbugs,access_control/simple_suicide,access_control,52,gen,access_control_probe,random,0.0,0.0,True,False,True
smartbugs,access_control/simple_suicide,access_control,53,gen,price_oracle_probe,greedy,0.0,0.0,True,False,True
smartbugs,access_control/simple_suicide,access_control,54,gen,logic_error_probe,greedy,0.0,0.0,True,False,True
smartbugs,access_control/simple_suicide,access_control,55,mut,value_perturb,random,0.0,0.0,True,True,False
smartbugs,access_control/simple_suicide,access_control,56,mut,call_insert,greedy,0.0,0.0,True,True,False
smartbugs,access_control/simple_suicide,access_control,57,mut,call_swap,greedy,0.0,0.0,False,False,False
smartbugs,access_control/simple_suicide,access_control,58,mut,call_insert,greedy,0.0,0.0,True,True,False
smartbugs,access_control/simple_suicide,access_control,59,mut,arg_shuffle,random,0.0,0.0,False,False,False
smartbugs,access_control/simple_suicide,access_control,60,gen,arithmetic_probe,greedy,0.0,0.0,True,False,True
smartbugs,access_control/simple_suicide,access_control,61,mut,call_insert,greedy,0.0,0.0,True,True,False
smartbugs,access_control/simple_suicide,access_control,62,gen,access_control_probe,greedy,0.0,0.0,True,False,True
smartbugs,access_control/simple_suicide,access_control,63,gen,reentrancy_probe,random,0.0,0.0,True,False,True
smartbugs,access_control/simple_suicide,access_control,64,gen,price_oracle_probe,greedy,0.0,0.0,True,False,True
smartbugs,access_control/simple_suicide,access_control,65,gen,logic_error_probe,greedy,0.0,0.0,True,False,True
smartbugs,access_control/simple_suicide,access_control,66,mut,value_perturb,greedy,0.0,0.0,True,True,False
smartbugs,access_control/simple_suicide,access_control,67,mut,call_swap,greedy,0.0,0.0,False,False,False
smartbugs,access_control/simple_suicide,access_control,68,mut,arg_shuffle,greedy,0.0,0.0,False,False,False
smartbugs,access_control/simple_suicide,access_control,69,gen,arithmetic_probe,greedy,0.0,0.0,True,False,True
smartbugs,access_control/simple_suicide,access_control,70,gen,access_control_probe,random,0.0,0.0,True,False,True
smartbugs,access_control/simple_suicide,access_control,71,gen,price_oracle_probe,greedy,0.0,0.0,True,False,True
smartbugs,access_control/simple_suicide,access_control,72,gen,logic_error_probe,greedy,0.0,0.0,True,False,True
smartbugs,access_control/simple_suicide,access_control,73,mut,value_perturb,greedy,0.0,0.0,True,True,False
smartbugs,access_control/simple_suicide,access_control,74,mut,call_swap,random,0.0,0.0,True,True,False
smartbugs,access_control/simple_suicide,access_control,75,mut,arg_shuffle,greedy,0.0,0.0,True,True,False
smartbugs,access_control/simple_suicide,access_control,76,gen,arithmetic_probe,greedy,0.0,0.0,True,False,True
smartbugs,access_control/simple_suicide,access_control,77,gen,access_control_probe,greedy,0.0,0.0,True,False,True
smartbugs,access_control/simple_suicide,access_control,78,gen,price_oracle_probe,greedy,0.0,0.0,True,False,True
smartbugs,access_control/simple_suicide,access_control,79,gen,arithmetic_probe,greedy,0.0,0.0,True,False,True
smartbugs,access_control/simple_suicide,access_control,80,gen,logic_error_probe,greedy,0.0,0.0,True,False,True
smartbugs,access_control/simple_suicide,access_control,81,mut,value_perturb,greedy,0.0,0.0,True,True,False
smartbugs,access_control/simple_suicide,access_control,82,mut,call_insert,greedy,0.0,0.0,True,False,True
smartbugs,access_control/simple_suicide,access_control,83,mut,call_swap,greedy,0.0,0.0,True,False,True
smartbugs,access_control/simple_suicide,access_control,84,mut,arg_shuffle,greedy,0.0,0.0,False,False,False
smartbugs,access_control/simple_suicide,access_control,85,gen,access_control_probe,greedy,0.0,0.0,True,False,True
smartbugs,access_control/simple_suicide,access_control,86,gen,price_oracle_probe,greedy,0.0,0.0,True,False,True
smartbugs,access_control/simple_suicide,access_control,87,gen,logic_error_probe,greedy,0.0,0.0,True,False,True
smartbugs,access_control/simple_suicide,access_control,88,mut,value_perturb,greedy,0.0,0.0,True,True,False
smartbugs,access_control/simple_suicide,access_control,89,mut,call_insert,greedy,0.0,0.0,True,False,True
smartbugs,access_control/simple_suicide,access_control,90,mut,call_swap,greedy,0.0,0.0,True,True,False
smartbugs,access_control/simple_suicide,access_control,91,mut,arg_shuffle,greedy,0.0,0.0,False,False,False
smartbugs,access_control/simple_suicide,access_control,92,gen,reentrancy_probe,greedy,0.0,0.0,False,False,False
smartbugs,access_control/simple_suicide,access_control,93,gen,reentrancy_probe,greedy,0.0,0.0,False,False,False
smartbugs,access_control/simple_suicide,access_control,94,gen,arithmetic_probe,random,0.0,0.0,True,False,True
smartbugs,access_control/simple_suicide,access_control,95,gen,reentrancy_probe,greedy,0.0,0.0,False,False,False
smartbugs,access_control/simple_suicide,access_control,96,gen,access_control_probe,greedy,0.0,0.0,True,False,True
smartbugs,access_control/simple_suicide,access_control,97,gen,price_oracle_probe,greedy,0.0,0.0,True,False,True
smartbugs,access_control/simple_suicide,access_control,98,gen,logic_error_probe,random,0.0,0.0,True,False,True
smartbugs,access_control/simple_suicide,access_control,99,mut,value_perturb,greedy,0.0,0.0,False,False,False
smartbugs,access_control/wallet_02_refund_nosub,access_control,0,gen,reentrancy_probe,greedy,7.0,2.0,False,False,False
smartbugs,access_control/wallet_02_refund_nosub,access_control,1,gen,arithmetic_probe,greedy,4.0,2.8571,False,False,False
smartbugs,access_control/wallet_02_refund_nosub,access_control,2,gen,access_control_probe,greedy,0.0,2.8571,False,False,False
smartbugs,access_control/wallet_02_refund_nosub,access_control,3,gen,price_oracle_probe,greedy,0.0,2.0,False,False,False
smartbugs,access_control/wallet_02_refund_nosub,access_control,4,gen,logic_error_probe,random,2.0,3.1429,False,False,False
smartbugs,access_control/wallet_02_refund_nosub,access_control,5,mut,value_perturb,greedy,0.0,2.8571,False,False,False
smartbugs,access_control/wallet_02_refund_nosub,access_control,6,mut,call_insert,greedy,0.0,1.7143,False,False,False
smartbugs,access_control/wallet_02_refund_nosub,access_control,7,mut,call_swap,random,3.0,2.2857,False,False,False
smartbugs,access_control/wallet_02_refund_nosub,access_control,8,mut,arg_shuffle,greedy,0.0,3.1429,False,False,False
smartbugs,access_control/wallet_02_refund_nosub,access_control,9,gen,reentrancy_probe,random,3.0,1.7143,False,False,False
smartbugs,access_control/wallet_02_refund_nosub,access_control,10,gen,arithmetic_probe,greedy,0.0,0.0,False,False,False
smartbugs,access_control/wallet_02_refund_nosub,access_control,11,gen,access_control_probe,greedy,0.0,0.0,False,False,False
smartbugs,access_control/wallet_02_refund_nosub,access_control,12,gen,price_oracle_probe,greedy,0.0,0.8571,False,False,False
smartbugs,access_control/wallet_02_refund_nosub,access_control,13,gen,logic_error_probe,greedy,0.0,0.0,False,False,False
smartbugs,access_control/wallet_02_refund_nosub,access_control,14,mut,value_perturb,greedy,0.0,0.0,False,False,False
smartbugs,access_control/wallet_02_refund_nosub,access_control,15,mut,call_insert,greedy,0.0,0.0,False,False,False
smartbugs,access_control/wallet_02_refund_nosub,access_control,16,mut,call_swap,greedy,0.0,1.7143,False,False,False
smartbugs,access_control/wallet_02_refund_nosub,access_control,17,mut,arg_shuffle,greedy,0.0,1.4286,False,False,False
smartbugs,access_control/wallet_02_refund_nosub,access_control,18,mut,value_perturb,greedy,0.0,0.8571,False,False,False
smartbugs,access_control/wallet_02_refund_nosub,access_control,19,mut,arg_shuffle,random,0.0,0.0,False,False,False
smartbugs,access_control/wallet_02_refund_nosub,access_control,20,mut,call_swap,greedy,0.0,1.1429,False,False,False
smartbugs,access_control/wallet_02_refund_nosub,access_control,21,gen,reentrancy_probe,greedy,0.0,0.0,False,False,False
smartbugs,access_control/wallet_02_refund_nosub,access_control,22,mut,arg_shuffle,greedy,0.0,0.0,False,False,False
smartbugs,access_control/wallet_02_refund_nosub,access_control,23,mut,call_swap,greedy,0.0,0.2857,False,False,False
smartbugs,access_control/wallet_02_refund_nosub,access_control,24,gen,price_oracle_probe,greedy,0.0,0.0,False,False,False
smartbugs,access_control/wallet_02_refund_nosub,access_control,25,gen,logic_error_probe,greedy,0.0,0.5714,False,False,False
smartbugs,access_control/wallet_02_refund_nosub,access_control,26,mut,value_perturb,greedy,0.0,0.0,False,False,False
smartbugs,access_control/wallet_02_refund_nosub,access_control,27,mut,call_swap,random,0.0,0.0,False,False,False
smartbugs,access_control/wallet_02_refund_nosub,access_control,28,gen,arithmetic_probe,greedy,0.0,0.0,False,False,False
smartbugs,access_control/wallet_02_refund_nosub,access_control,29,gen,access_control_probe,greedy,0.0,0.0,False,False,False
smartbugs,access_control/wallet_02_refund_nosub,access_control,30,mut,value_perturb,greedy,0.0,0.0,False,False,False
smartbugs,access_control/wallet_02_refund_nosub,access_control,31,gen,reentrancy_probe,greedy,0.0,0.0,False,False,False
smartbugs,access_control/wallet_02_refund_nosub,access_control,32,gen,logic_error_probe,random,0.0,1.7143,False,False,False
smartbugs,access_control/wallet_02_refund_nosub,access_control,33,gen,logic_error_probe,greedy,0.0,0.0,False,False,False
smartbugs,access_control/wallet_02_refund_nosub,access_control,34,gen,logic_error_probe,greedy,0.0,0.0,False,False,False
smartbugs,access_control/wallet_02_refund_nosub,access_control,35,gen,price_oracle_probe,greedy,0.0,0.0,False,False,False
smartbugs,access_control/wallet_02_refund_nosub,access_control,36,mut,call_insert,greedy,0.0,1.1429,False,False,False
smartbugs,access_control/wallet_02_refund_nosub,access_control,37,mut,call_insert,random,0.0,0.8571,False,False,False
smartbugs,access_control/wallet_02_refund_nosub,access_control,38,mut,call_insert,greedy,0.0,0.8571,False,False,False
smartbugs,access_control/wallet_02_refund_nosub,access_control,39,mut,call_swap,greedy,0.0,0.0,False,False,False
smartbugs,access_control/wallet_02_refund_nosub,access_control,40,mut,arg_shuffle,greedy,0.0,0.0,False,False,False
smartbugs,access_control/wallet_02_refund_nosub,access_control,41,gen,arithmetic_probe,greedy,0.0,0.0,False,False,False
smartbugs,access_control/wallet_02_refund_nosub,access_control,42,gen,access_control_probe,greedy,0.0,0.2857,False,False,False
smartbugs,access_control/wallet_02_refund_nosub,access_control,43,gen,arithmetic_probe,greedy,0.0,1.7143,False,False,False
smartbugs,access_control/wallet_02_refund_nosub,access_control,44,gen,arithmetic_probe,random,0.0,50.8571,True,False,True
smartbugs,access_control/wallet_02_refund_nosub,access_control,45,gen,reentrancy_probe,greedy,0.0,0.0,False,False,False
smartbugs,access_control/wallet_02_refund_nosub,access_control,46,gen,arithmetic_probe,random,0.0,0.0,False,False,False
smartbugs,access_control/wallet_02_refund_nosub,access_control,47,gen,arithmetic_probe,greedy,0.0,0.0,False,False,False
smartbugs,access_control/wallet_02_refund_nosub,access_control,48,gen,arithmetic_probe,greedy,0.0,0.0,False,False,False
smartbugs,access_control/wallet_02_refund_nosub,access_control,49,gen,arithmetic_probe,greedy,0.0,0.0,False,False,False
smartbugs,access_control/wallet_02_refund_nosub,access_control,50,gen,arithmetic_probe,greedy,0.0,0.0,False,False,False
smartbugs,access_control/wallet_02_refund_nosub,access_control,51,gen,price_oracle_probe,greedy,0.0,0.0,False,False,False
smartbugs,access_control/wallet_02_refund_nosub,access_control,52,mut,call_swap,greedy,0.0,0.0,False,False,False
smartbugs,access_control/wallet_02_refund_nosub,access_control,53,mut,call_insert,greedy,0.0,0.2857,False,False,False
smartbugs,access_control/wallet_02_refund_nosub,access_control,54,mut,call_swap,greedy,0.0,0.0,False,False,False
smartbugs,access_control/wallet_02_refund_nosub,access_control,55,mut,call_insert,greedy,0.0,0.0,False,False,False
smartbugs,access_control/wallet_02_refund_nosub,access_control,56,gen,access_control_probe,greedy,0.0,0.0,False,False,False
smartbugs,access_control/wallet_02_refund_nosub,access_control,57,mut,call_insert,greedy,0.0,0.0,False,False,False
smartbugs,access_control/wallet_02_refund_nosub,access_control,58,gen,reentrancy_probe,greedy,0.0,0.0,False,False,False
smartbugs,access_control/wallet_02_refund_nosub,access_control,59,gen,logic_error_probe,greedy,0.0,0.0,False,False,False
smartbugs,access_control/wallet_02_refund_nosub,access_control,60,mut,value_perturb,greedy,0.0,0.0,False,False,False
smartbugs,access_control/wallet_02_refund_nosub,access_control,61,gen,arithmetic_probe,greedy,0.0,0.0,False,False,False
smartbugs,access_control/wallet_02_refund_nosub,access_control,62,gen,arithmetic_probe,greedy,0.0,0.0,False,False,False
smartbugs,access_control/wallet_02_refund_nosub,access_control,63,gen,arithmetic_probe,greedy,0.0,0.0,False,False,False
smartbugs,access_control/wallet_02_refund_nosub,access_control,64,mut,arg_shuffle,greedy,0.0,0.8571,False,False,False
smartbugs,access_control/wallet_02_refund_nosub,access_control,65,mut,arg_shuffle,greedy,0.0,0.0,False,False,False
smartbugs,access_control/wallet_02_refund_nosub,access_control,66,mut,arg_shuffle,random,0.0,0.0,False,False,False
smartbugs,access_control/wallet_02_refund_nosub,access_control,67,mut,arg_shuffle,greedy,0.0,0.0,False,False,False
smartbugs,access_control/wallet_02_refund_nosub,access_control,68,mut,call_insert,greedy,0.0,0.0,False,False,False
smartbugs,access_control/wallet_02_refund_nosub,access_control,69,gen,reentrancy_probe,greedy,0.0,0.5714,False,False,False
smartbugs,access_control/wallet_02_refund_nosub,access_control,70,gen,access_control_probe,greedy,0.0,0.0,False,False,False
smartbugs,access_control/wallet_02_refund_nosub,access_control,71,gen,logic_error_probe,greedy,0.0,0.0,False,False,False
smartbugs,access_control/wallet_02_refund_nosub,access_control,72,mut,arg_shuffle,greedy,0.0,0.0,False,False,False
smartbugs,access_control/wallet_02_refund_nosub,access_control,73,gen,access_control_probe,greedy,0.0,0.0,False,False,False
smartbugs,access_control/wallet_02_refund_nosub,access_control,74,mut,call_insert,greedy,0.0,0.0,False,False,False
smartbugs,access_control/wallet_02_refund_nosub,access_control,75,gen,price_oracle_probe,greedy,0.0,0.0,False,False,False
smartbugs,access_control/wallet_02_refund_nosub,access_control,76,gen,arithmetic_probe,greedy,0.0,0.0,False,False,False
smartbugs,access_control/wallet_02_refund_nosub,access_control,77,mut,value_perturb,greedy,0.0,0.0,False,False,False
smartbugs,access_control/wallet_02_refund_nosub,access_control,78,gen,logic_error_probe,random,0.0,0.0,False,False,False
smartbugs,access_control/wallet_02_refund_nosub,access_control,79,gen,price_oracle_probe,greedy,0.0,0.0,False,False,False
smartbugs,access_control/wallet_02_refund_nosub,access_control,80,gen,reentrancy_probe,greedy,0.0,0.0,False,False,False
smartbugs,access_control/wallet_02_refund_nosub,access_control,81,gen,reentrancy_probe,greedy,0.0,0.0,False,False,False
smartbugs,access_control/wallet_02_refund_nosub,access_control,82,gen,reentrancy_probe,greedy,0.0,0.0,False,False,False
smartbugs,access_control/wallet_02_refund_nosub,access_control,83,gen,arithmetic_probe,greedy,0.0,0.0,False,False,False
smartbugs,access_control/wallet_02_refund_nosub,access_control,84,gen,price_oracle_probe,greedy,0.0,0.0,False,False,False
smartbugs,access_control/wallet_02_refund_nosub,access_control,85,gen,price_oracle_probe,greedy,0.0,0.8571,False,False,False
smartbugs,access_control/wallet_02_refund_nosub,access_control,86,gen,price_oracle_probe,greedy,0.0,0.2857,False,False,False
smartbugs,access_control/wallet_02_refund_nosub,access_control,87,mut,value_perturb,greedy,0.0,0.8571,False,False,False
smartbugs,access_control/wallet_02_refund_nosub,access_control,88,gen,reentrancy_probe,greedy,0.0,0.0,False,False,False
smartbugs,access_control/wallet_02_refund_nosub,access_control,89,mut,value_perturb,greedy,0.0,0.0,False,False,False
smartbugs,access_control/wallet_02_refund_nosub,access_control,90,mut,value_perturb,greedy,0.0,0.0,False,False,False
smartbugs,access_control/wallet_02_refund_nosub,access_control,91,mut,call_swap,greedy,0.0,0.0,False,False,False
smartbugs,access_control/wallet_02_refund_nosub,access_control,92,gen,access_control_probe,greedy,0.0,0.0,False,False,False
smartbugs,access_control/wallet_02_refund_nosub,access_control,93,gen,logic_error_probe,greedy,0.0,0.0,False,False,False
smartbugs,access_control/wallet_02_refund_nosub,access_control,94,mut,arg_shuffle,greedy,0.0,0.0,False,False,False
smartbugs,access_control/wallet_02_refund_nosub,access_control,95,mut,call_swap,greedy,0.0,0.0,False,False,False
smartbugs,access_control/wallet_02_refund_nosub,access_control,96,mut,call_insert,greedy,0.0,0.0,False,False,False
smartbugs,access_control/wallet_02_refund_nosub,access_control,97,gen,price_oracle_probe,greedy,0.0,0.0,False,False,False
smartbugs,access_control/wallet_02_refund_nosub,access_control,98,gen,price_oracle_probe,greedy,0.0,0.0,False,False,False
smartbugs,access_control/wallet_02_refund_nosub,access_control,99,gen,access_control_probe,greedy,0.0,0.0,False,False,False
smartbugs,access_control/wallet_03_wrong_constructor,access_control,0,gen,reentrancy_probe,greedy,11.0,3.3846,False,False,False
smartbugs,access_control/wallet_03_wrong_constructor,access_control,1,gen,arithmetic_probe,greedy,2.0,3.0769,False,False,False
smartbugs,access_control/wallet_03_wrong_constructor,access_control,2,gen,access_control_probe,greedy,2.0,2.4615,False,False,False
smartbugs,access_control/wallet_03_wrong_constructor,access_control,3,gen,price_oracle_probe,greedy,0.0,1.8462,False,False,False
smartbugs,access_control/wallet_03_wrong_constructor,access_control,4,gen,logic_error_probe,greedy,0.0,3.3846,False,False,False
smartbugs,access_control/wallet_03_wrong_constructor,access_control,5,mut,value_perturb,greedy,0.0,2.7692,False,False,False
smartbugs,access_control/wallet_03_wrong_constructor,access_control,6,mut,call_insert,greedy,0.0,2.4615,False,False,False
smartbugs,access_control/wallet_03_wrong_constructor,access_control,7,mut,call_swap,greedy,0.0,3.0769,False,False,False
smartbugs,access_control/wallet_03_wrong_constructor,access_control,8,mut,arg_shuffle,greedy,0.0,3.3846,False,False,False
smartbugs,access_control/wallet_03_wrong_constructor,access_control,9,gen,reentrancy_probe,greedy,0.0,0.3077,False,False,False
smartbugs,access_control/wallet_03_wrong_constructor,access_control,10,gen,arithmetic_probe,greedy,0.0,0.0,False,False,False
smartbugs,access_control/wallet_03_wrong_constructor,access_control,11,gen,access_control_probe,greedy,0.0,0.3077,False,False,False
smartbugs,access_control/wallet_03_wrong_constructor,access_control,12,gen,price_oracle_probe,greedy,0.0,0.0,False,False,False
smartbugs,access_control/wallet_03_wrong_constructor,access_control,13,gen,logic_error_probe,greedy,0.0,0.0,False,False,False
smartbugs,access_control/wallet_03_wrong_constructor,access_control,14,mut,value_perturb,greedy,0.0,0.3077,False,False,False
smartbugs,access_control/wallet_03_wrong_constructor,access_control,15,mut,call_insert,greedy,0.0,0.6154,False,False,False
smartbugs,access_control/wallet_03_wrong_constructor,access_control,16,mut,call_swap,greedy,0.0,0.3077,False,False,False
smartbugs,access_control/wallet_03_wrong_constructor,access_control,17,mut,arg_shuffle,greedy,0.0,0.0,False,False,False
smartbugs,access_control/wallet_03_wrong_constructor,access_control,18,gen,reentrancy_probe,greedy,0.0,0.0,False,False,False
smartbugs,access_control/wallet_03_wrong_constructor,access_control,19,gen,logic_error_probe,greedy,0.0,0.3077,False,False,False
smartbugs,access_control/wallet_03_wrong_constructor,access_control,20,mut,call_insert,greedy,0.0,0.0,False,False,False
smartbugs,access_control/wallet_03_wrong_constructor,access_control,21,mut,call_swap,greedy,0.0,0.0,False,False,False
smartbugs,access_control/wallet_03_wrong_constructor,access_control,22,mut,arg_shuffle,greedy,0.0,0.9231,False,False,False
smartbugs,access_control/wallet_03_wrong_constructor,access_control,23,mut,arg_shuffle,random,0.0,0.0,False,False,False
smartbugs,access_control/wallet_03_wrong_constructor,access_control,24,mut,value_perturb,greedy,0.0,1.2308,False,False,False
smartbugs,access_control/wallet_03_wrong_constructor,access_control,25,mut,value_perturb,greedy,0.0,0.0,False,False,False
smartbugs,access_control/wallet_03_wrong_constructor,access_control,26,gen,arithmetic_probe,greedy,0.0,0.6154,False,False,False
smartbugs,access_control/wallet_03_wrong_constructor,access_control,27,gen,access_control_probe,greedy,0.0,0.0,False,False,False
smartbugs,access_control/wallet_03_wrong_constructor,access_control,28,gen,arithmetic_probe,greedy,0.0,0.0,False,False,False
smartbugs,access_control/wallet_03_wrong_constructor,access_control,29,gen,logic_error_probe,random,3.0,15.6923,False,False,False
smartbugs,access_control/wallet_03_wrong_constructor,access_control,30,gen,logic_error_probe,greedy,0.0,0.0,False,False,False
smartbugs,access_control/wallet_03_wrong_constructor,access_control,31,gen,logic_error_probe,greedy,0.0,0.0,False,False,False
smartbugs,access_control/wallet_03_wrong_constructor,access_control,32,gen,logic_error_probe,greedy,0.0,0.0,False,False,False
smartbugs,access_control/wallet_03_wrong_constructor,access_control,33,gen,logic_error_probe,random,0.0,0.0,False,False,False
smartbugs,access_control/wallet_03_wrong_constructor,access_control,34,mut,value_perturb,greedy,0.0,0.3077,False,False,False
smartbugs,access_control/wallet_03_wrong_constructor,access_control,35,gen,logic_error_probe,greedy,0.0,0.0,False,False,False
smartbugs,access_control/wallet_03_wrong_constructor,access_control,36,gen,reentrancy_probe,greedy,0.0,0.3077,False,False,False
smartbugs,access_control/wallet_03_wrong_constructor,access_control,37,mut,arg_shuffle,greedy,0.0,1.2308,False,False,False
smartbugs,access_control/wallet_03_wrong_constructor,access_control,38,gen,price_oracle_probe,greedy,0.0,0.0,False,False,False
smartbugs,access_control/wallet_03_wrong_constructor,access_control,39,mut,call_insert,greedy,0.0,0.9231,False,False,False
smartbugs,access_control/wallet_03_wrong_constructor,access_control,40,mut,call_insert,greedy,0.0,0.9231,False,False,False
smartbugs,access_control/wallet_03_wrong_constructor,access_control,41,mut,call_swap,greedy,0.0,0.0,False,False,False
smartbugs,access_control/wallet_03_wrong_constructor,access_control,42,gen,reentrancy_probe,greedy,0.0,0.0,False,False,False
smartbugs,access_control/wallet_03_wrong_constructor,access_control,43,gen,access_control_probe,greedy,0.0,0.0,False,False,False
smartbugs,access_control/wallet_03_wrong_constructor,access_control,44,gen,arithmetic_probe,greedy,0.0,0.0,False,False,False
smartbugs,access_control/wallet_03_wrong_constructor,access_control,45,gen,price_oracle_probe,greedy,0.0,0.0,False,False,False
smartbugs,access_control/wallet_03_wrong_constructor,access_control,46,mut,call_swap,greedy,0.0,0.0,False,False,False
smartbugs,access_control/wallet_03_wrong_constructor,access_control,47,mut,value_perturb,random,0.0,0.0,False,False,False
smartbugs,access_control/wallet_03_wrong_constructor,access_control,48,mut,arg_shuffle,greedy,0.0,0.0,False,False,False
smartbugs,access_control/wallet_03_wrong_constructor,access_control,49,mut,arg_shuffle,greedy,0.0,0.0,False,False,False
smartbugs,access_control/wallet_03_wrong_constructor,access_control,50,gen,reentrancy_probe,greedy,0.0,0.0,False,False,False
smartbugs,access_control/wallet_03_wrong_constructor,access_control,51,mut,call_insert,greedy,0.0,0.0,False,False,False
smartbugs,access_control/wallet_03_wrong_constructor,access_control,52,mut,call_insert,greedy,0.0,0.0,False,False,False
smartbugs,access_control/wallet_03_wrong_constructor,access_control,53,gen,access_control_probe,greedy,0.0,0.0,False,False,False
smartbugs,access_control/wallet_03_wrong_constructor,access_control,54,gen,arithmetic_probe,random,0.0,0.6154,False,False,False
smartbugs,access_control/wallet_03_wrong_constructor,access_control,55,gen,logic_error_probe,greedy,0.0,0.0,False,False,False
smartbugs,access_control/wallet_03_wrong_constructor,access_control,56,gen,price_oracle_probe,greedy,0.0,0.0,False,False,False
smartbugs,access_control/wallet_03_wrong_constructor,access_control,57,mut,arg_shuffle,greedy,0.0,0.0,False,False,False
smartbugs,access_control/wallet_03_wrong_constructor,access_control,58,gen,access_control_probe,greedy,0.0,0.0,False,False,False
smartbugs,access_control/wallet_03_wrong_constructor,access_control,59,mut,value_perturb,greedy,0.0,0.9231,False,False,False
smartbugs,access_control/wallet_03_wrong_constructor,access_control,60,mut,value_perturb,greedy,0.0,0.0,False,False,False
smartbugs,access_control/wallet_03_wrong_constructor,access_control,61,mut,call_insert,greedy,0.0,0.6154,False,False,False
smartbugs,access_control/wallet_03_wrong_constructor,access_control,62,mut,call_insert,greedy,0.0,0.0,False,False,False
smartbugs,access_control/wallet_03_wrong_constructor,access_control,63,mut,value_perturb,greedy,0.0,0.0,False,False,False
smartbugs,access_control/wallet_03_wrong_constructor,access_control,64,mut,call_insert,greedy,0.0,0.0,False,False,False
smartbugs,access_control/wallet_03_wrong_constructor,access_control,65,gen,arithmetic_probe,greedy,0.0,0.0,False,False,False
smartbugs,access_control/wallet_03_wrong_constructor,access_control,66,mut,value_perturb,greedy,0.0,0.0,False,False,False
smartbugs,access_control/wallet_03_wrong_constructor,access_control,67,gen,arithmetic_probe,greedy,0.0,0.0,False,False,False
smartbugs,access_control/wallet_03_wrong_constructor,access_control,68,mut,call_swap,greedy,0.0,0.0,False,False,False
smartbugs,access_control/wallet_03_wrong_constructor,access_control,69,gen,logic_error_probe,greedy,0.0,0.0,False,False,False
smartbugs,access_control/wallet_03_wrong_constructor,access_control,70,mut,arg_shuffle,greedy,0.0,0.0,False,False,False
smartbugs,access_control/wallet_03_wrong_constructor,access_control,71,gen,reentrancy_probe,random,0.0,0.0,False,False,False
smartbugs,access_control/wallet_03_wrong_constructor,access_control,72,gen,arithmetic_probe,greedy,0.0,0.0,False,False,False
smartbugs,access_control/wallet_03_wrong_constructor,access_control,73,mut,arg_shuffle,greedy,0.0,0.0,False,False,False
smartbugs,access_control/wallet_03_wrong_constructor,access_control,74,gen,logic_error_probe,greedy,0.0,0.0,False,False,False
smartbugs,access_control/wallet_03_wrong_constructor,access_control,75,mut,call_insert,greedy,0.0,0.0,False,False,False
smartbugs,access_control/wallet_03_wrong_constructor,access_control,76,gen,price_oracle_probe,greedy,0.0,0.6154,False,False,False
smartbugs,access_control/wallet_03_wrong_constructor,access_control,77,gen,price_oracle_probe,greedy,0.0,1.5385,False,False,False
smartbugs,access_control/wallet_03_wrong_constructor,access_control,78,gen,price_oracle_probe,greedy,0.0,0.0,False,False,False
smartbugs,access_control/wallet_03_wrong_constructor,access_control,79,gen,price_oracle_probe,random,0.0,0.6154,False,False,False
smartbugs,access_control/wallet_03_wrong_constructor,access_control,80,gen,reentrancy_probe,greedy,0.0,0.0,False,False,False
smartbugs,access_control/wallet_03_wrong_constructor,access_control,81,gen,price_oracle_probe,greedy,0.0,0.0,False,False,False
smartbugs,access_control/wallet_03_wrong_constructor,access_control,82,mut,value_perturb,greedy,0.0,0.0,False,False,False
smartbugs,access_control/wallet_03_wrong_constructor,access_control,83,mut,call_insert,greedy,0.0,0.0,False,False,False
smartbugs,access_control/wallet_03_wrong_constructor,access_control,84,mut,call_swap,greedy,0.0,0.6154,False,False,False
smartbugs,access_control/wallet_03_wrong_constructor,access_control,85,mut,call_swap,greedy,0.0,0.0,False,False,False
smartbugs,access_control/wallet_03_wrong_constructor,access_control,86,mut,call_swap,greedy,0.0,0.9231,False,False,False
smartbugs,access_control/wallet_03_wrong_constructor,access_control,87,mut,call_swap,greedy,0.0,0.0,False,False,False
smartbugs,access_control/wallet_03_wrong_constructor,access_control,88,gen,access_control_probe,greedy,0.0,0.0,False,False,False
smartbugs,access_control/wallet_03_wrong_constructor,access_control,89,gen,arithmetic_probe,greedy,0.0,0.0,False,False,False
smartbugs,access_control/wallet_03_wrong_constructor,access_control,90,mut,value_perturb,greedy,0.0,0.0,False,False,False
smartbugs,access_control/wallet_03_wrong_constructor,access_control,91,mut,arg_shuffle,greedy,0.0,0.0,False,False,False
smartbugs,access_control/wallet_03_wrong_constructor,access_control,92,gen,price_oracle_probe,greedy,0.0,0.0,False,False,False
smartbugs,access_control/wallet_03_wrong_constructor,access_control,93,gen,price_oracle_probe,greedy,0.0,0.0,False,False,False
smartbugs,access_control/wallet_03_wrong_constructor,access_control,94,gen,reentrancy_probe,greedy,0.0,0.0,False,False,False
smartbugs,access_control/wallet_03_wrong_constructor,access_control,95,gen,price_oracle_probe,random,0.0,0.0,False,False,False
smartbugs,access_control/wallet_03_wrong_constructor,access_control,96,gen,price_oracle_probe,greedy,0.0,0.0,False,False,False
smartbugs,access_control/wallet_03_wrong_constructor,access_control,97,gen,logic_error_probe,greedy,0.0,0.0,False,False,False
smartbugs,access_control/wallet_03_wrong_constructor,access_control,98,mut,call_swap,greedy,0.0,0.0,False,False,False
smartbugs,access_control/wallet_03_wrong_constructor,access_control,99,mut,call_swap,greedy,0.0,0.0,False,False,False
smartbugs,access_control/wallet_04_confused_sign,access_control,0,gen,reentrancy_probe,greedy,9.0,3.0,False,False,False
smartbugs,access_control/wallet_04_confused_sign,access_control,1,gen,arithmetic_probe,greedy,1.0,1.6667,False,False,False
smartbugs,access_control/wallet_04_confused_sign,access_control,2,gen,access_control_probe,greedy,3.0,3.0,False,False,False
smartbugs,access_control/wallet_04_confused_sign,access_control,3,gen,price_oracle_probe,greedy,0.0,2.3333,False,False,False
smartbugs,access_control/wallet_04_confused_sign,access_control,4,gen,logic_error_probe,random,2.0,4.3333,False,False,False
smartbugs,access_control/wallet_04_confused_sign,access_control,5,mut,value_perturb,greedy,0.0,2.3333,False,False,False
smartbugs,access_control/wallet_04_confused_sign,access_control,6,mut,call_insert,greedy,0.0,2.6667,False,False,False
smartbugs,access_control/wallet_04_confused_sign,access_control,7,mut,call_swap,greedy,0.0,2.0,False,False,False
smartbugs,access_control/wallet_04_confused_sign,access_control,8,mut,arg_shuffle,greedy,0.0,3.0,False,False,False
smartbugs,access_control/wallet_04_confused_sign,access_control,9,gen,reentrancy_probe,greedy,0.0,0.6667,False,False,False
smartbugs,access_control/wallet_04_confused_sign,access_control,10,gen,arithmetic_probe,random,1.0,53.3333,True,False,True
smartbugs,access_control/wallet_04_confused_sign,access_control,11,gen,access_control_probe,greedy,0.0,0.0,False,False,False
smartbugs,access_control/wallet_04_confused_sign,access_control,12,gen,price_oracle_probe,greedy,0.0,0.0,False,False,False
smartbugs,access_control/wallet_04_confused_sign,access_control,13,gen,logic_error_probe,greedy,0.0,0.0,False,False,False
smartbugs,access_control/wallet_04_confused_sign,access_control,14,mut,value_perturb,greedy,0.0,1.3333,False,False,False
smartbugs,access_control/wallet_04_confused_sign,access_control,15,mut,call_insert,greedy,0.0,0.0,False,False,False
smartbugs,access_control/wallet_04_confused_sign,access_control,16,mut,call_swap,greedy,0.0,1.3333,False,False,False
smartbugs,access_control/wallet_04_confused_sign,access_control,17,mut,arg_shuffle,greedy,0.0,1.3333,False,False,False
smartbugs,access_control/wallet_04_confused_sign,access_control,18,gen,arithmetic_probe,greedy,0.0,0.0,False,False,False
smartbugs,access_control/wallet_04_confused_sign,access_control,19,gen,arithmetic_probe,greedy,0.0,0.0,False,False,False
smartbugs,access_control/wallet_04_confused_sign,access_control,20,gen,arithmetic_probe,greedy,0.0,0.0,False,False,False
smartbugs,access_control/wallet_04_confused_sign,access_control,21,gen,arithmetic_probe,random,0.0,0.0,False,False,False
smartbugs,access_control/wallet_04_confused_sign,access_control,22,gen,arithmetic_probe,random,0.0,0.0,True,False,True
smartbugs,access_control/wallet_04_confused_sign,access_control,23,gen,reentrancy_probe,greedy,0.0,0.0,False,False,False
smartbugs,access_control/wallet_04_confused_sign,access_control,24,mut,arg_shuffle,greedy,0.0,0.6667,False,False,False
smartbugs,access_control/wallet_04_confused_sign,access_control,25,gen,access_control_probe,greedy,0.0,0.0,False,False,False
smartbugs,access_control/wallet_04_confused_sign,access_control,26,mut,value_perturb,random,0.0,0.3333,False,False,False
smartbugs,access_control/wallet_04_confused_sign,access_control,27,mut,call_swap,greedy,0.0,1.3333,False,False,False
smartbugs,access_control/wallet_04_confused_sign,access_control,28,mut,call_swap,greedy,0.0,0.0,False,False,False
smartbugs,access_control/wallet_04_confused_sign,access_control,29,gen,logic_error_probe,random,0.0,0.0,False,False,False
smartbugs,access_control/wallet_04_confused_sign,access_control,30,mut,arg_shuffle,greedy,0.0,0.0,False,False,False
smartbugs,access_control/wallet_04_confused_sign,access_control,31,mut,value_perturb,greedy,0.0,0.0,False,False,False
smartbugs,access_control/wallet_04_confused_sign,access_control,32,mut,call_insert,random,0.0,0.6667,False,False,False
smartbugs,access_control/wallet_04_confused_sign,access_control,33,mut,call_insert,greedy,0.0,0.0,False,False,False
smartbugs,access_control/wallet_04_confused_sign,access_control,34,mut,call_swap,random,0.0,0.0,True,False,True
smartbugs,access_control/wallet_04_confused_sign,access_control,35,gen,price_oracle_probe,greedy,0.0,0.0,False,False,False
smartbugs,access_control/wallet_04_confused_sign,access_control,36,mut,call_insert,greedy,0.0,0.0,False,False,False
smartbugs,access_control/wallet_04_confused_sign,access_control,37,gen,reentrancy_probe,greedy,0.0,0.0,False,False,False
smartbugs,access_control/wallet_04_confused_sign,access_control,38,gen,reentrancy_probe,greedy,0.0,0.0,False,False,False
smartbugs,access_control/wallet_04_confused_sign,access_control,39,gen,logic_error_probe,greedy,0.0,0.3333,True,False,True
smartbugs,access_control/wallet_04_confused_sign,access_control,40,mut,arg_shuffle,greedy,0.0,0.0,False,False,False
smartbugs,access_control/wallet_04_confused_sign,access_control,41,gen,logic_error_probe,random,0.0,0.6667,False,False,False
smartbugs,access_control/wallet_04_confused_sign,access_control,42,gen,logic_error_probe,greedy,0.0,0.0,True,False,True
smartbugs,access_control/wallet_04_confused_sign,access_control,43,gen,arithmetic_probe,greedy,0.0,0.0,False,False,False
smartbugs,access_control/wallet_04_confused_sign,access_control,44,mut,value_perturb,greedy,0.0,0.0,False,False,False
smartbugs,access_control/wallet_04_confused_sign,access_control,45,gen,access_control_probe,greedy,0.0,0.0,False,False,False
smartbugs,access_control/wallet_04_confused_sign,access_control,46,mut,call_swap,greedy,0.0,0.0,True,False,True
smartbugs,access_control/wallet_04_confused_sign,access_control,47,gen,price_oracle_probe,greedy,0.0,0.0,False,False,False
smartbugs,access_control/wallet_04_confused_sign,access_control,48,gen,arithmetic_probe,greedy,0.0,0.0,False,False,False
smartbugs,access_control/wallet_04_confused_sign,access_control,49,gen,access_control_probe,greedy,0.0,0.0,False,False,False
smartbugs,access_control/wallet_04_confused_sign,access_control,50,gen,price_oracle_probe,greedy,0.0,0.0,False,False,False
smartbugs,access_control/wallet_04_confused_sign,access_control,51,gen,reentrancy_probe,greedy,0.0,0.0,False,False,False
smartbugs,access_control/wallet_04_confused_sign,access_control,52,mut,arg_shuffle,random,0.0,0.0,False,False,False
smartbugs,access_control/wallet_04_confused_sign,access_control,53,gen,logic_error_probe,greedy,0.0,0.0,False,False,False
smartbugs,access_control/wallet_04_confused_sign,access_control,54,gen,arithmetic_probe,greedy,0.0,0.0,True,False,True
smartbugs,access_control/wallet_04_confused_sign,access_control,55,gen,access_control_probe,random,0.0,1.6667,True,False,True
smartbugs,access_control/wallet_04_confused_sign,access_control,56,mut,value_perturb,greedy,0.0,0.0,False,False,False
smartbugs,access_control/wallet_04_confused_sign,access_control,57,mut,call_swap,greedy,0.0,0.0,False,False,False
smartbugs,access_control/wallet_04_confused_sign,access_control,58,mut,call_insert,greedy,0.0,0.0,False,False,False
smartbugs,access_control/wallet_04_confused_sign,access_control,59,gen,logic_error_probe,greedy,0.0,0.0,True,False,True
smartbugs,access_control/wallet_04_confused_sign,access_control,60,mut,arg_shuffle,greedy,0.0,0.0,False,False,False
smartbugs,access_control/wallet_04_confused_sign,access_control,61,gen,arithmetic_probe,greedy,0.0,0.0,False,False,False
smartbugs,access_control/wallet_04_confused_sign,access_control,62,mut,value_perturb,greedy,0.0,0.0,False,False,False
smartbugs,access_control/wallet_04_confused_sign,access_control,63,mut,call_insert,greedy,0.0,0.0,False,False,False
smartbugs,access_control/wallet_04_confused_sign,access_control,64,mut,call_swap,greedy,0.0,0.0,True,False,True
smartbugs,access_control/wallet_04_confused_sign,access_control,65,gen,price_oracle_probe,greedy,0.0,0.0,False,False,False
smartbugs,access_control/wallet_04_confused_sign,access_control,66,gen,access_control_probe,random,0.0,0.0,False,False,False
smartbugs,access_control/wallet_04_confused_sign,access_control,67,gen,access_control_probe,greedy,0.0,0.0,False,False,False
smartbugs,access_control/wallet_04_confused_sign,access_control,68,mut,arg_shuffle,random,0.0,0.0,False,False,False
smartbugs,access_control/wallet_04_confused_sign,access_control,69,gen,access_control_probe,greedy,0.0,0.0,False,False,False
smartbugs,access_control/wallet_04_confused_sign,access_control,70,mut,call_swap,greedy,0.0,0.0,True,False,True
smartbugs,access_control/wallet_04_confused_sign,access_control,71,gen,access_control_probe,greedy,0.0,0.0,False,False,False
smartbugs,access_control/wallet_04_confused_sign,access_control,72,gen,logic_error_probe,greedy,0.0,0.0,False,False,False
smartbugs,access_control/wallet_04_confused_sign,access_control,73,gen,reentrancy_probe,random,0.0,1.3333,True,False,True
smartbugs,access_control/wallet_04_confused_sign,access_control,74,gen,reentrancy_probe,greedy,0.0,0.0,True,False,True
smartbugs,access_control/wallet_04_confused_sign,access_control,75,gen,reentrancy_probe,greedy,0.0,0.0,False,False,False
smartbugs,access_control/wallet_04_confused_sign,access_control,76,gen,reentrancy_probe,greedy,0.0,0.0,True,False,True
smartbugs,access_control/wallet_04_confused_sign,access_control,77,gen,reentrancy_probe,greedy,0.0,0.0,False,False,False
smartbugs,access_control/wallet_04_confused_sign,access_control,78,gen,access_control_probe,greedy,0.0,0.0,False,False,False
smartbugs,access_control/wallet_04_confused_sign,access_control,79,gen,price_oracle_probe,greedy,0.0,0.0,False,False,False
smartbugs,access_control/wallet_04_confused_sign,access_control,80,mut,arg_shuffle,greedy,0.0,0.0,False,False,False
smartbugs,access_control/wallet_04_confused_sign,access_control,81,gen,price_oracle_probe,greedy,0.0,0.0,False,False,False
smartbugs,access_control/wallet_04_confused_sign,access_control,82,gen,arithmetic_probe,greedy,0.0,0.0,False,False,False
smartbugs,access_control/wallet_04_confused_sign,access_control,83,mut,value_perturb,greedy,0.0,0.0,False,False,False
smartbugs,access_control/wallet_04_confused_sign,access_control,84,mut,call_insert,greedy,0.0,0.0,False,False,False
smartbugs,access_control/wallet_04_confused_sign,access_control,85,gen,logic_error_probe,random,0.0,0.0,False,False,False
smartbugs,access_control/wallet_04_confused_sign,access_control,86,mut,value_perturb,greedy,0.0,0.0,False,False,False
smartbugs,access_control/wallet_04_confused_sign,access_control,87,mut,call_swap,random,0.0,0.0,True,False,True
smartbugs,access_control/wallet_04_confused_sign,access_control,88,gen,reentrancy_probe,greedy,0.0,0.0,False,False,False
smartbugs,access_control/wallet_04_confused_sign,access_control,89,gen,reentrancy_probe,greedy,0.0,0.0,False,False,False
smartbugs,access_control/wallet_04_confused_sign,access_control,90,mut,call_insert,random,0.0,0.0,False,False,False
smartbugs,access_control/wallet_04_confused_sign,access_control,91,gen,logic_error_probe,greedy,0.0,0.0,False,False,False
smartbugs,access_control/wallet_04_confused_sign,access_control,92,mut,arg_shuffle,greedy,0.0,0.0,False,False,False
smartbugs,access_control/wallet_04_confused_sign,access_control,93,gen,access_control_probe,greedy,0.0,0.3333,False,False,False
smartbugs,access_control/wallet_04_confused_sign,access_control,94,gen,access_control_probe,greedy,0.0,0.0,False,False,False
smartbugs,access_control/wallet_04_confused_sign,access_control,95,gen,access_control_probe,greedy,0.0,0.0,False,False,False
smartbugs,access_control/wallet_04_confused_sign,access_control,96,gen,access_control_probe,greedy,0.0,0.0,False,False,False
smartbugs,access_control/wallet_04_confused_sign,access_control,97,gen,access_control_probe,greedy,0.0,0.0,False,False,False
smartbugs,access_control/wallet_04_confused_sign,access_control,98,gen,arithmetic_probe,greedy,0.0,0.0,False,False,False
smartbugs,access_control/wallet_04_confused_sign,access_control,99,mut,value_perturb,greedy,0.0,1.0,False,False,False
smartbugs,arithmetic/BECToken,arithmetic,0,gen,reentrancy_probe,greedy,16.0,1.2308,False,False,False
smartbugs,arithmetic/BECToken,arithmetic,1,gen,arithmetic_probe,random,18.0,2.5385,False,False,False
smartbugs,arithmetic/BECToken,arithmetic,2,gen,access_control_probe,greedy,5.0,1.3077,False,False,False
smartbugs,arithmetic/BECToken,arithmetic,3,gen,price_oracle_probe,random,8.0,2.6154,False,False,False
smartbugs,arithmetic/BECToken,arithmetic,4,gen,logic_error_probe,random,5.0,2.2308,False,False,False
smartbugs,arithmetic/BECToken,arithmetic,5,mut,value_perturb,greedy,3.0,3.2308,False,False,False
smartbugs,arithmetic/BECToken,arithmetic,6,mut,call_insert,greedy,0.0,3.2308,False,False,False
smartbugs,arithmetic/BECToken,arithmetic,7,mut,call_swap,greedy,0.0,2.3846,False,False,False
smartbugs,arithmetic/BECToken,arithmetic,8,mut,arg_shuffle,greedy,0.0,2.6154,False,False,False
smartbugs,arithmetic/BECToken,arithmetic,9,gen,reentrancy_probe,greedy,0.0,0.2308,False,False,False
smartbugs,arithmetic/BECToken,arithmetic,10,gen,arithmetic_probe,greedy,0.0,0.2308,False,False,False
smartbugs,arithmetic/BECToken,arithmetic,11,gen,access_control_probe,greedy,0.0,0.0,False,False,False
smartbugs,arithmetic/BECToken,arithmetic,12,gen,price_oracle_probe,greedy,0.0,0.5385,False,False,False
smartbugs,arithmetic/BECToken,arithmetic,13,gen,logic_error_probe,greedy,0.0,0.3077,False,False,False
smartbugs,arithmetic/BECToken,arithmetic,14,mut,value_perturb,random,0.0,0.0769,False,False,False
smartbugs,arithmetic/BECToken,arithmetic,15,mut,call_insert,greedy,0.0,0.1538,False,False,False
smartbugs,arithmetic/BECToken,arithmetic,16,mut,call_swap,greedy,0.0,0.0769,False,False,False
smartbugs,arithmetic/BECToken,arithmetic,17,mut,arg_shuffle,greedy,0.0,0.3846,False,False,False
smartbugs,arithmetic/BECToken,arithmetic,18,gen,price_oracle_probe,greedy,0.0,0.0,False,False,False
smartbugs,arithmetic/BECToken,arithmetic,19,gen,price_oracle_probe,greedy,0.0,0.1538,False,False,False
smartbugs,arithmetic/BECToken,arithmetic,20,mut,call_insert,greedy,0.0,0.0,False,False,False
smartbugs,arithmetic/BECToken,arithmetic,21,mut,value_perturb,greedy,0.0,0.0,False,False,False
smartbugs,arithmetic/BECToken,arithmetic,22,mut,arg_shuffle,greedy,0.0,0.0769,False,False,False
smartbugs,arithmetic/BECToken,arithmetic,23,gen,arithmetic_probe,random,2.0,2.7692,False,False,False
smartbugs,arithmetic/BECToken,arithmetic,24,gen,arithmetic_probe,random,0.0,0.0,False,False,False
smartbugs,arithmetic/BECToken,arithmetic,25,gen,arithmetic_probe,greedy,0.0,0.0,False,False,False
smartbugs,arithmetic/BECToken,arithmetic,26,gen,access_control_probe,greedy,0.0,0.0,False,False,False
smartbugs,arithmetic/BECToken,arithmetic,27,gen,logic_error_probe,greedy,0.0,0.5385,False,False,False
smartbugs,arithmetic/BECToken,arithmetic,28,mut,arg_shuffle,greedy,0.0,0.2308,False,False,False
smartbugs,arithmetic/BECToken,arithmetic,29,mut,call_swap,greedy,0.0,0.3846,False,False,False
smartbugs,arithmetic/BECToken,arithmetic,30,gen,logic_error_probe,greedy,0.0,0.0,False,False,False
smartbugs,arithmetic/BECToken,arithmetic,31,mut,call_swap,greedy,0.0,0.0,False,False,False
smartbugs,arithmetic/BECToken,arithmetic,32,mut,call_insert,greedy,0.0,0.4615,False,False,False
smartbugs,arithmetic/BECToken,arithmetic,33,mut,call_insert,greedy,0.0,0.0,False,False,False
smartbugs,arithmetic/BECToken,arithmetic,34,gen,arithmetic_probe,greedy,0.0,0.0769,False,False,False
smartbugs,arithmetic/BECToken,arithmetic,35,gen,reentrancy_probe,greedy,0.0,0.0,False,False,False
smartbugs,arithmetic/BECToken,arithmetic,36,gen,arithmetic_probe,greedy,0.0,0.0,False,False,False
smartbugs,arithmetic/BECToken,arithmetic,37,mut,value_perturb,greedy,0.0,0.0,False,False,False
smartbugs,arithmetic/BECToken,arithmetic,38,mut,arg_shuffle,greedy,0.0,0.0,False,False,False
smartbugs,arithmetic/BECToken,arithmetic,39,gen,logic_error_probe,greedy,0.0,0.0,False,False,False
smartbugs,arithmetic/BECToken,arithmetic,40,gen,price_oracle_probe,greedy,3.0,3.2308,False,False,False
smartbugs,arithmetic/BECToken,arithmetic,41,gen,price_oracle_probe,greedy,0.0,0.0,False,False,False
smartbugs,arithmetic/BECToken,arithmetic,42,gen,price_oracle_probe,greedy,0.0,0.0,False,False,False
smartbugs,arithmetic/BECToken,arithmetic,43,gen,price_oracle_probe,greedy,0.0,0.0769,False,False,False
smartbugs,arithmetic/BECToken,arithmetic,44,gen,price_oracle_probe,greedy,0.0,0.0,False,False,False
smartbugs,arithmetic/BECToken,arithmetic,45,mut,call_swap,greedy,0.0,0.0,False,False,False
smartbugs,arithmetic/BECToken,arithmetic,46,gen,reentrancy_probe,greedy,0.0,0.0,False,False,False
smartbugs,arithmetic/BECToken,arithmetic,47,mut,value_perturb,random,0.0,0.1538,False,False,False
smartbugs,arithmetic/BECToken,arithmetic,48,mut,value_perturb,greedy,0.0,0.0769,False,False,False
smartbugs,arithmetic/BECToken,arithmetic,49,gen,access_control_probe,random,0.0,0.0,False,False,False
smartbugs,arithmetic/BECToken,arithmetic,50,mut,arg_shuffle,greedy,0.0,0.0,False,False,False
smartbugs,arithmetic/BECToken,arithmetic,51,gen,logic_error_probe,greedy,0.0,0.0,False,False,False
smartbugs,arithmetic/BECToken,arithmetic,52,gen,price_oracle_probe,greedy,0.0,0.0,False,False,False
smartbugs,arithmetic/BECToken,arithmetic,53,gen,arithmetic_probe,greedy,0.0,0.0,False,False,False
smartbugs,arithmetic/BECToken,arithmetic,54,mut,call_insert,greedy,0.0,0.0,False,False,False
smartbugs,arithmetic/BECToken,arithmetic,55,gen,access_control_probe,greedy,0.0,0.2308,False,False,False
smartbugs,arithmetic/BECToken,arithmetic,56,gen,reentrancy_probe,greedy,0.0,0.0769,False,False,False
smartbugs,arithmetic/BECToken,arithmetic,57,mut,call_insert,greedy,0.0,0.0,False,False,False
smartbugs,arithmetic/BECToken,arithmetic,58,gen,access_control_probe,greedy,0.0,0.0,False,False,False
smartbugs,arithmetic/BECToken,arithmetic,59,mut,value_perturb,greedy,0.0,0.0,False,False,False
smartbugs,arithmetic/BECToken,arithmetic,60,gen,reentrancy_probe,greedy,0.0,0.0,False,False,False
smartbugs,arithmetic/BECToken,arithmetic,61,mut,call_swap,random,0.0,0.3846,False,False,False
smartbugs,arithmetic/BECToken,arithmetic,62,mut,value_perturb,greedy,0.0,0.0,False,False,False
smartbugs,arithmetic/BECToken,arithmetic,63,mut,call_swap,greedy,0.0,0.0,False,False,False
smartbugs,arithmetic/BECToken,arithmetic,64,mut,call_swap,greedy,0.0,0.0,False,False,False
smartbugs,arithmetic/BECToken,arithmetic,65,mut,call_swap,greedy,0.0,0.0769,False,False,False
smartbugs,arithmetic/BECToken,arithmetic,66,mut,call_swap,greedy,0.0,0.2308,False,False,False
smartbugs,arithmetic/BECToken,arithmetic,67,mut,arg_shuffle,greedy,0.0,0.0769,False,False,False
smartbugs,arithmetic/BECToken,arithmetic,68,mut,arg_shuffle,greedy,0.0,0.0,False,False,False
smartbugs,arithmetic/BECToken,arithmetic,69,gen,access_control_probe,greedy,0.0,0.1538,False,False,False
smartbugs,arithmetic/BECToken,arithmetic,70,gen,access_control_probe,greedy,0.0,0.0,False,False,False
smartbugs,arithmetic/BECToken,arithmetic,71,gen,access_control_probe,greedy,0.0,0.0,False,False,False
smartbugs,arithmetic/BECToken,arithmetic,72,gen,logic_error_probe,greedy,0.0,0.0,False,False,False
smartbugs,arithmetic/BECToken,arithmetic,73,gen,price_oracle_probe,greedy,0.0,0.0,False,False,False
smartbugs,arithmetic/BECToken,arithmetic,74,gen,arithmetic_probe,greedy,0.0,0.0,False,False,False
smartbugs,arithmetic/BECToken,arithmetic,75,mut,arg_shuffle,random,0.0,0.1538,False,False,False
smartbugs,arithmetic/BECToken,arithmetic,76,mut,arg_shuffle,greedy,0.0,0.3846,False,False,False
smartbugs,arithmetic/BECToken,arithmetic,77,mut,call_swap,greedy,0.0,0.0,False,False,False
smartbugs,arithmetic/BECToken,arithmetic,78,mut,call_insert,greedy,0.0,0.0,False,False,False
smartbugs,arithmetic/BECToken,arithmetic,79,mut,call_swap,greedy,0.0,0.0769,False,False,False
smartbugs,arithmetic/BECToken,arithmetic,80,mut,call_swap,greedy,0.0,0.0,False,False,False
smartbugs,arithmetic/BECToken,arithmetic,81,mut,value_perturb,greedy,0.0,0.0,False,False,False
smartbugs,arithmetic/BECToken,arithmetic,82,mut,call_swap,greedy,0.0,0.0,False,False,False
smartbugs,arithmetic/BECToken,arithmetic,83,gen,access_control_probe,greedy,0.0,0.0,False,False,False
smartbugs,arithmetic/BECToken,arithmetic,84,gen,reentrancy_probe,greedy,0.0,0.0,False,False,False
smartbugs,arithmetic/BECToken,arithmetic,85,gen,logic_error_probe,greedy,0.0,0.0,False,False,False
smartbugs,arithmetic/BECToken,arithmetic,86,gen,price_oracle_probe,greedy,0.0,0.0769,False,False,False
smartbugs,arithmetic/BECToken,arithmetic,87,mut,arg_shuffle,greedy,0.0,0.0,False,False,False
smartbugs,arithmetic/BECToken,arithmetic,88,mut,arg_shuffle,greedy,0.0,0.0769,False,False,False
smartbugs,arithmetic/BECToken,arithmetic,89,mut,arg_shuffle,greedy,0.0,0.0,False,False,False
smartbugs,arithmetic/BECToken,arithmetic,90,gen,price_oracle_probe,greedy,0.0,0.0,False,False,False
smartbugs,arithmetic/BECToken,arithmetic,91,gen,logic_error_probe,greedy,0.0,0.0,False,False,False
smartbugs,arithmetic/BECToken,arithmetic,92,mut,arg_shuffle,greedy,0.0,0.0,False,False,False
smartbugs,arithmetic/BECToken,arithmetic,93,gen,price_oracle_probe,greedy,0.0,0.2308,False,False,False
smartbugs,arithmetic/BECToken,arithmetic,94,gen,price_oracle_probe,greedy,0.0,0.0,False,False,False
smartbugs,arithmetic/BECToken,arithmetic,95,mut,arg_shuffle,greedy,0.0,0.0,False,False,False
smartbugs,arithmetic/BECToken,arithmetic,96,gen,arithmetic_probe,random,0.0,0.0,False,False,False
smartbugs,arithmetic/BECToken,arithmetic,97,gen,access_control_probe,greedy,0.0,0.0,False,False,False
smartbugs,arithmetic/BECToken,arithmetic,98,mut,call_swap,greedy,0.0,0.3846,False,False,False
smartbugs,arithmetic/BECToken,arithmetic,99,mut,call_insert,greedy,0.0,0.0,False,False,False
smartbugs,arithmetic/token,arithmetic,0,gen,reentrancy_probe,greedy,9.0,9.5,True,False,True
smartbugs,arithmetic/token,arithmetic,1,gen,arithmetic_probe,greedy,0.0,4.0,False,False,False
smartbugs,arithmetic/token,arithmetic,2,gen,access_control_probe,greedy,0.0,4.0,False,False,False
smartbugs,arithmetic/token,arithmetic,3,gen,price_oracle_probe,greedy,0.0,4.5,True,False,True
smartbugs,arithmetic/token,arithmetic,4,gen,logic_error_probe,random,2.0,3.0,False,False,False
smartbugs,arithmetic/token,arithmetic,5,mut,value_perturb,greedy,0.0,4.0,False,False,False
smartbugs,arithmetic/token,arithmetic,6,mut,call_insert,random,0.0,4.5,True,True,False
smartbugs,arithmetic/token,arithmetic,7,mut,call_swap,greedy,0.0,4.5,True,True,False
smartbugs,arithmetic/token,arithmetic,8,mut,arg_shuffle,greedy,0.0,4.0,False,False,False
smartbugs,arithmetic/token,arithmetic,9,gen,reentrancy_probe,greedy,0.0,0.0,True,False,True
smartbugs,arithmetic/token,arithmetic,10,gen,arithmetic_probe,greedy,0.0,0.0,False,False,False
smartbugs,arithmetic/token,arithmetic,11,gen,access_control_probe,greedy,0.0,0.0,False,False,False
smartbugs,arithmetic/token,arithmetic,12,gen,price_oracle_probe,greedy,0.0,0.0,True,False,True
smartbugs,arithmetic/token,arithmetic,13,gen,logic_error_probe,greedy,0.0,2.5,True,False,True
smartbugs,arithmetic/token,arithmetic,14,mut,value_perturb,greedy,0.0,0.5,True,True,False
smartbugs,arithmetic/token,arithmetic,15,mut,call_insert,greedy,0.0,0.0,True,True,False
smartbugs,arithmetic/token,arithmetic,16,mut,call_swap,greedy,0.0,0.0,False,False,False
smartbugs,arithmetic/token,arithmetic,17,mut,arg_shuffle,greedy,0.0,0.0,False,False,False
smartbugs,arithmetic/token,arithmetic,18,gen,reentrancy_probe,random,0.0,0.0,True,False,True
smartbugs,arithmetic/token,arithmetic,19,gen,reentrancy_probe,greedy,0.0,0.0,False,False,False
smartbugs,arithmetic/token,arithmetic,20,gen,reentrancy_probe,greedy,0.0,0.0,False,False,False
smartbugs,arithmetic/token,arithmetic,21,mut,arg_shuffle,greedy,0.0,0.0,False,False,False
smartbugs,arithmetic/token,arithmetic,22,gen,reentrancy_probe,greedy,0.0,0.0,False,False,False
smartbugs,arithmetic/token,arithmetic,23,mut,value_perturb,greedy,0.0,0.0,False,False,False
smartbugs,arithmetic/token,arithmetic,24,gen,logic_error_probe,random,0.0,0.0,True,False,True
smartbugs,arithmetic/token,arithmetic,25,gen,price_oracle_probe,greedy,0.0,0.0,False,False,False
smartbugs,arithmetic/token,arithmetic,26,mut,call_insert,greedy,0.0,0.0,True,True,False
smartbugs,arithmetic/token,arithmetic,27,mut,call_swap,greedy,0.0,0.0,False,False,False
smartbugs,arithmetic/token,arithmetic,28,mut,arg_shuffle,greedy,0.0,0.5,True,False,True
smartbugs,arithmetic/token,arithmetic,29,gen,arithmetic_probe,random,0.0,0.5,True,False,True
smartbugs,arithmetic/token,arithmetic,30,mut,call_swap,random,0.0,0.0,False,False,False
smartbugs,arithmetic/token,arithmetic,31,gen,access_control_probe,greedy,0.0,0.0,False,False,False
smartbugs,arithmetic/token,arithmetic,32,gen,logic_error_probe,random,0.0,0.0,True,False,True
smartbugs,arithmetic/token,arithmetic,33,gen,arithmetic_probe,greedy,0.0,0.0,False,False,False
smartbugs,arithmetic/token,arithmetic,34,mut,value_perturb,greedy,0.0,0.0,False,True,False
smartbugs,arithmetic/token,arithmetic,35,gen,price_oracle_probe,random,0.0,1.0,True,False,True
smartbugs,arithmetic/token,arithmetic,36,gen,price_oracle_probe,greedy,0.0,0.0,False,False,False
smartbugs,arithmetic/token,arithmetic,37,mut,call_insert,greedy,0.0,0.0,True,True,False
smartbugs,arithmetic/token,arithmetic,38,gen,access_control_probe,greedy,0.0,0.0,False,False,False
smartbugs,arithmetic/token,arithmetic,39,gen,logic_error_probe,random,0.0,0.0,True,False,True
smartbugs,arithmetic/token,arithmetic,40,mut,arg_shuffle,greedy,0.0,1.0,False,False,False
smartbugs,arithmetic/token,arithmetic,41,gen,arithmetic_probe,greedy,0.0,0.0,False,False,False
smartbugs,arithmetic/token,arithmetic,42,mut,value_perturb,random,0.0,1.0,False,False,False
smartbugs,arithmetic/token,arithmetic,43,mut,call_insert,greedy,0.0,0.0,True,True,False
smartbugs,arithmetic/token,arithmetic,44,mut,call_swap,greedy,0.0,0.0,True,True,False
smartbugs,arithmetic/token,arithmetic,45,gen,reentrancy_probe,greedy,0.0,0.0,False,False,False
smartbugs,arithmetic/token,arithmetic,46,gen,access_control_probe,random,0.0,0.5,True,False,True
smartbugs,arithmetic/token,arithmetic,47,gen,logic_error_probe,greedy,0.0,0.0,False,False,False
smartbugs,arithmetic/token,arithmetic,48,gen,price_oracle_probe,greedy,0.0,0.0,False,False,False
smartbugs,arithmetic/token,arithmetic,49,gen,price_oracle_probe,greedy,0.0,0.0,True,False,True
smartbugs,arithmetic/token,arithmetic,50,gen,reentrancy_probe,greedy,0.0,0.0,False,False,False
smartbugs,arithmetic/token,arithmetic,51,mut,arg_shuffle,greedy,0.0,0.0,False,False,False
smartbugs,arithmetic/token,arithmetic,52,mut,arg_shuffle,greedy,0.0,0.0,True,True,False
smartbugs,arithmetic/token,arithmetic,53,mut,value_perturb,greedy,0.0,0.0,False,False,False
smartbugs,arithmetic/token,arithmetic,54,mut,value_perturb,greedy,0.0,0.0,False,False,False
smartbugs,arithmetic/token,arithmetic,55,gen,arithmetic_probe,random,0.0,1.0,True,False,True
smartbugs,arithmetic/token,arithmetic,56,gen,arithmetic_probe,greedy,0.0,0.0,False,False,False
smartbugs,arithmetic/token,arithmetic,57,gen,arithmetic_probe,random,0.0,0.0,False,False,False
smartbugs,arithmetic/token,arithmetic,58,gen,access_control_probe,greedy,0.0,0.0,False,False,False
smartbugs,arithmetic/token,arithmetic,59,gen,arithmetic_probe,greedy,0.0,0.0,False,False,False
smartbugs,arithmetic/token,arithmetic,60,gen,access_control_probe,greedy,0.0,0.0,False,False,False
smartbugs,arithmetic/token,arithmetic,61,mut,arg_shuffle,greedy,0.0,0.0,True,True,False
smartbugs,arithmetic/token,arithmetic,62,mut,value_perturb,greedy,0.0,0.0,True,True,False
smartbugs,arithmetic/token,arithmetic,63,mut,call_insert,greedy,0.0,0.0,False,False,False
smartbugs,arithmetic/token,arithmetic,64,mut,call_swap,greedy,0.0,1.0,True,True,False
smartbugs,arithmetic/token,arithmetic,65,mut,call_swap,greedy,0.0,0.0,True,False,True
smartbugs,arithmetic/token,arithmetic,66,mut,call_swap,greedy,0.0,0.0,False,False,False
smartbugs,arithmetic/token,arithmetic,67,mut,call_swap,greedy,0.0,0.0,False,True,False
smartbugs,arithmetic/token,arithmetic,68,gen,arithmetic_probe,greedy,0.0,0.0,False,False,False
smartbugs,arithmetic/token,arithmetic,69,mut,call_swap,greedy,0.0,0.0,True,False,True
smartbugs,arithmetic/token,arithmetic,70,gen,logic_error_probe,greedy,0.0,0.0,False,False,False
smartbugs,arithmetic/token,arithmetic,71,gen,price_oracle_probe,greedy,0.0,0.0,False,False,False
smartbugs,arithmetic/token,arithmetic,72,gen,access_control_probe,greedy,0.0,0.0,False,False,False
smartbugs,arithmetic/token,arithmetic,73,gen,price_oracle_probe,greedy,0.0,0.0,False,False,False
smartbugs,arithmetic/token,arithmetic,74,mut,arg_shuffle,greedy,0.0,0.0,True,False,True
smartbugs,arithmetic/token,arithmetic,75,gen,access_control_probe,greedy,0.0,0.0,False,False,False
smartbugs,arithmetic/token,arithmetic,76,mut,value_perturb,greedy,0.0,0.0,True,True,False
smartbugs,arithmetic/token,arithmetic,77,mut,call_insert,greedy,0.0,0.0,True,True,False
smartbugs,arithmetic/token,arithmetic,78,gen,logic_error_probe,random,0.0,0.0,True,False,True
smartbugs,arithmetic/token,arithmetic,79,mut,arg_shuffle,fallback_other,0.0,0.0,False,True,False
smartbugs,arithmetic/token,arithmetic,80,mut,value_perturb,random,0.0,0.0,False,False,False
smartbugs,arithmetic/token,arithmetic,81,gen,reentrancy_probe,greedy,0.0,0.0,False,False,False
smartbugs,arithmetic/token,arithmetic,82,mut,call_insert,greedy,0.0,0.0,True,True,False
smartbugs,arithmetic/token,arithmetic,83,gen,arithmetic_probe,greedy,0.0,0.0,False,False,False
smartbugs,arithmetic/token,arithmetic,84,mut,call_swap,random,0.0,0.0,False,False,False
smartbugs,arithmetic/token,arithmetic,85,gen,logic_error_probe,greedy,0.0,0.0,False,False,False
smartbugs,arithmetic/token,arithmetic,86,gen,price_oracle_probe,greedy,0.0,0.0,False,False,False
smartbugs,arithmetic/token,arithmetic,87,mut,call_swap,greedy,0.0,0.0,True,True,False
smartbugs,arithmetic/token,arithmetic,88,gen,access_control_probe,greedy,0.0,0.0,False,False,False
smartbugs,arithmetic/token,arithmetic,89,gen,reentrancy_probe,greedy,0.0,0.0,False,False,False
smartbugs,arithmetic/token,arithmetic,90,mut,call_insert,random,0.0,1.0,True,True,False
smartbugs,arithmetic/token,arithmetic,91,mut,call_insert,greedy,0.0,0.0,True,True,False
smartbugs,arithmetic/token,arithmetic,92,mut,call_swap,greedy,0.0,0.0,True,True,False
smartbugs,arithmetic/token,arithmetic,93,gen,arithmetic_probe,greedy,0.0,0.0,True,False,True
smartbugs,arithmetic/token,arithmetic,94,gen,logic_error_probe,random,0.0,0.0,False,False,False
smartbugs,arithmetic/token,arithmetic,95,mut,arg_shuffle,greedy,0.0,0.0,False,False,False
smartbugs,arithmetic/token,arithmetic,96,mut,value_perturb,greedy,0.0,0.0,True,True,False
smartbugs,arithmetic/token,arithmetic,97,gen,reentrancy_probe,greedy,0.0,0.0,False,False,False
smartbugs,arithmetic/token,arithmetic,98,gen,arithmetic_probe,greedy,0.0,0.0,True,False,True
smartbugs,arithmetic/token,arithmetic,99,gen,logic_error_probe,greedy,0.0,0.0,False,False,False
smartbugs,arithmetic/tokensalechallenge,arithmetic,0,gen,reentrancy_probe,greedy,10.0,8.6364,True,False,True
smartbugs,arithmetic/tokensalechallenge,arithmetic,1,gen,arithmetic_probe,greedy,0.0,2.5455,False,False,False
smartbugs,arithmetic/tokensalechallenge,arithmetic,2,gen,access_control_probe,greedy,0.0,2.5455,False,False,False
smartbugs,arithmetic/tokensalechallenge,arithmetic,3,gen,price_oracle_probe,random,5.0,4.7273,False,False,False
smartbugs,arithmetic/tokensalechallenge,arithmetic,4,gen,logic_error_probe,random,0.0,2.5455,False,False,False
smartbugs,arithmetic/tokensalechallenge,arithmetic,5,mut,value_perturb,random,0.0,2.5455,False,False,False
smartbugs,arithmetic/tokensalechallenge,arithmetic,6,mut,call_insert,random,0.0,3.6364,True,True,False
smartbugs,arithmetic/tokensalechallenge,arithmetic,7,mut,call_swap,greedy,0.0,4.0,False,False,False
smartbugs,arithmetic/tokensalechallenge,arithmetic,8,mut,arg_shuffle,greedy,0.0,3.6364,True,True,False
smartbugs,arithmetic/tokensalechallenge,arithmetic,9,gen,reentrancy_probe,random,0.0,1.8182,False,False,False
smartbugs,arithmetic/tokensalechallenge,arithmetic,10,gen,arithmetic_probe,random,0.0,2.1818,False,False,False
smartbugs,arithmetic/tokensalechallenge,arithmetic,11,gen,access_control_probe,greedy,0.0,0.0,False,False,False
smartbugs,arithmetic/tokensalechallenge,arithmetic,12,gen,price_oracle_probe,random,0.0,0.0,False,False,False
smartbugs,arithmetic/tokensalechallenge,arithmetic,13,gen,logic_error_probe,greedy,0.0,0.0,False,False,False
smartbugs,arithmetic/tokensalechallenge,arithmetic,14,mut,value_perturb,greedy,0.0,2.1818,False,False,False
smartbugs,arithmetic/tokensalechallenge,arithmetic,15,mut,call_insert,greedy,0.0,0.0,True,True,False
smartbugs,arithmetic/tokensalechallenge,arithmetic,16,mut,call_swap,greedy,0.0,0.7273,False,False,False
smartbugs,arithmetic/tokensalechallenge,arithmetic,17,mut,arg_shuffle,greedy,0.0,0.0,True,True,False
smartbugs,arithmetic/tokensalechallenge,arithmetic,18,gen,reentrancy_probe,greedy,0.0,0.0,False,False,False
smartbugs,arithmetic/tokensalechallenge,arithmetic,19,mut,call_insert,greedy,0.0,0.0,True,True,False
smartbugs,arithmetic/tokensalechallenge,arithmetic,20,gen,reentrancy_probe,greedy,2.0,10.1818,False,False,False
smartbugs,arithmetic/tokensalechallenge,arithmetic,21,gen,reentrancy_probe,greedy,0.0,0.0,False,False,False
smartbugs,arithmetic/tokensalechallenge,arithmetic,22,gen,reentrancy_probe,greedy,0.0,0.0,False,False,False
smartbugs,arithmetic/tokensalechallenge,arithmetic,23,gen,reentrancy_probe,greedy,0.0,0.0,False,False,False
smartbugs,arithmetic/tokensalechallenge,arithmetic,24,gen,reentrancy_probe,random,0.0,0.0,False,False,False
smartbugs,arithmetic/tokensalechallenge,arithmetic,25,gen,reentrancy_probe,random,0.0,0.0,False,False,False
smartbugs,arithmetic/tokensalechallenge,arithmetic,26,gen,arithmetic_probe,greedy,0.0,0.0,False,False,False
smartbugs,arithmetic/tokensalechallenge,arithmetic,27,gen,arithmetic_probe,greedy,0.0,0.0,False,False,False
smartbugs,arithmetic/tokensalechallenge,arithmetic,28,mut,value_perturb,greedy,0.0,1.0909,False,False,False
smartbugs,arithmetic/tokensalechallenge,arithmetic,29,mut,value_perturb,greedy,0.0,0.0,False,False,False
smartbugs,arithmetic/tokensalechallenge,arithmetic,30,gen,arithmetic_probe,greedy,0.0,0.3636,False,False,False
smartbugs,arithmetic/tokensalechallenge,arithmetic,31,mut,call_swap,greedy,0.0,0.0,False,False,False
smartbugs,arithmetic/tokensalechallenge,arithmetic,32,gen,price_oracle_probe,greedy,0.0,0.0,False,False,False
smartbugs,arithmetic/tokensalechallenge,arithmetic,33,mut,arg_shuffle,greedy,0.0,0.0,False,False,False
smartbugs,arithmetic/tokensalechallenge,arithmetic,34,mut,value_perturb,greedy,0.0,0.0,False,False,False
smartbugs,arithmetic/tokensalechallenge,arithmetic,35,mut,call_swap,greedy,0.0,0.0,False,False,False
smartbugs,arithmetic/tokensalechallenge,arithmetic,36,gen,access_control_probe,random,0.0,2.1818,False,False,False
smartbugs,arithmetic/tokensalechallenge,arithmetic,37,gen,access_control_probe,greedy,0.0,0.0,False,False,False
smartbugs,arithmetic/tokensalechallenge,arithmetic,38,gen,access_control_probe,greedy,0.0,0.0,False,False,False
smartbugs,arithmetic/tokensalechallenge,arithmetic,39,gen,logic_error_probe,greedy,0.0,0.0,False,False,False
smartbugs,arithmetic/tokensalechallenge,arithmetic,40,gen,price_oracle_probe,greedy,0.0,0.0,False,False,False
smartbugs,arithmetic/tokensalechallenge,arithmetic,41,mut,call_insert,greedy,0.0,1.0909,False,False,False
smartbugs,arithmetic/tokensalechallenge,arithmetic,42,mut,call_insert,random,0.0,0.0,False,False,False
smartbugs,arithmetic/tokensalechallenge,arithmetic,43,mut,arg_shuffle,greedy,0.0,0.0,True,True,False
smartbugs,arithmetic/tokensalechallenge,arithmetic,44,mut,call_swap,greedy,0.0,0.0,False,False,False
smartbugs,arithmetic/tokensalechallenge,arithmetic,45,gen,logic_error_probe,greedy,0.0,0.3636,False,False,False
smartbugs,arithmetic/tokensalechallenge,arithmetic,46,gen,reentrancy_probe,greedy,0.0,0.0,True,False,True
smartbugs,arithmetic/tokensalechallenge,arithmetic,47,gen,reentrancy_probe,greedy,0.0,0.0,False,False,False
smartbugs,arithmetic/tokensalechallenge,arithmetic,48,gen,logic_error_probe,random,0.0,2.1818,False,False,False
smartbugs,arithmetic/tokensalechallenge,arithmetic,49,gen,price_oracle_probe,greedy,0.0,0.0,False,False,False
smartbugs,arithmetic/tokensalechallenge,arithmetic,50,mut,arg_shuffle,greedy,0.0,0.0,False,False,False
smartbugs,arithmetic/tokensalechallenge,arithmetic,51,gen,arithmetic_probe,greedy,0.0,0.0,False,False,False
smartbugs,arithmetic/tokensalechallenge,arithmetic,52,gen,access_control_probe,greedy,0.0,0.0,False,False,False
smartbugs,arithmetic/tokensalechallenge,arithmetic,53,mut,call_insert,greedy,0.0,0.0,False,False,False
smartbugs,arithmetic/tokensalechallenge,arithmetic,54,gen,arithmetic_probe,greedy,0.0,0.3636,True,False,True
smartbugs,arithmetic/tokensalechallenge,arithmetic,55,gen,arithmetic_probe,random,0.0,0.0,False,False,False
smartbugs,arithmetic/tokensalechallenge,arithmetic,56,mut,value_perturb,greedy,0.0,0.0,False,False,False
smartbugs,arithmetic/tokensalechallenge,arithmetic,57,mut,call_insert,greedy,0.0,0.0,True,True,False
smartbugs,arithmetic/tokensalechallenge,arithmetic,58,gen,price_oracle_probe,greedy,0.0,0.0,False,False,False
smartbugs,arithmetic/tokensalechallenge,arithmetic,59,gen,logic_error_probe,greedy,0.0,0.0,False,False,False
smartbugs,arithmetic/tokensalechallenge,arithmetic,60,gen,logic_error_probe,greedy,0.0,0.0,False,False,False
smartbugs,arithmetic/tokensalechallenge,arithmetic,61,mut,arg_shuffle,greedy,0.0,0.0,False,False,False
smartbugs,arithmetic/tokensalechallenge,arithmetic,62,gen,logic_error_probe,greedy,0.0,0.0,False,False,False
smartbugs,arithmetic/tokensalechallenge,arithmetic,63,gen,arithmetic_probe,greedy,0.0,0.0,False,False,False
smartbugs,arithmetic/tokensalechallenge,arithmetic,64,gen,access_control_probe,greedy,0.0,0.3636,False,False,False
smartbugs,arithmetic/tokensalechallenge,arithmetic,65,gen,access_control_probe,greedy,0.0,0.0,False,False,False
smartbugs,arithmetic/tokensalechallenge,arithmetic,66,gen,access_control_probe,random,0.0,0.7273,False,False,False
smartbugs,arithmetic/tokensalechallenge,arithmetic,67,gen,access_control_probe,greedy,0.0,0.0,False,False,False
smartbugs,arithmetic/tokensalechallenge,arithmetic,68,mut,value_perturb,greedy,0.0,0.0,False,False,False
smartbugs,arithmetic/tokensalechallenge,arithmetic,69,mut,call_swap,greedy,0.0,0.0,False,False,False
smartbugs,arithmetic/tokensalechallenge,arithmetic,70,gen,logic_error_probe,greedy,0.0,0.0,False,False,False
smartbugs,arithmetic/tokensalechallenge,arithmetic,71,gen,arithmetic_probe,greedy,0.0,0.0,False,False,False
smartbugs,arithmetic/tokensalechallenge,arithmetic,72,mut,call_insert,greedy,0.0,0.0,False,False,False
smartbugs,arithmetic/tokensalechallenge,arithmetic,73,mut,value_perturb,greedy,0.0,0.0,False,False,False
smartbugs,arithmetic/tokensalechallenge,arithmetic,74,mut,call_swap,random,0.0,0.0,False,False,False
smartbugs,arithmetic/tokensalechallenge,arithmetic,75,gen,logic_error_probe,random,0.0,0.0,False,False,False
smartbugs,arithmetic/tokensalechallenge,arithmetic,76,gen,price_oracle_probe,greedy,0.0,0.0,False,False,False
smartbugs,arithmetic/tokensalechallenge,arithmetic,77,mut,arg_shuffle,greedy,0.0,0.0,False,False,False
smartbugs,arithmetic/tokensalechallenge,arithmetic,78,gen,access_control_probe,greedy,0.0,0.0,False,False,False
smartbugs,arithmetic/tokensalechallenge,arithmetic,79,gen,access_control_probe,greedy,0.0,0.0,False,False,False
smartbugs,arithmetic/tokensalechallenge,arithmetic,80,gen,access_control_probe,greedy,0.0,0.0,False,False,False
smartbugs,arithmetic/tokensalechallenge,arithmetic,81,mut,call_insert,greedy,0.0,0.0,False,False,False
smartbugs,arithmetic/tokensalechallenge,arithmetic,82,gen,reentrancy_probe,greedy,0.0,0.0,False,False,False
smartbugs,arithmetic/tokensalechallenge,arithmetic,83,gen,access_control_probe,greedy,0.0,0.0,False,False,False
smartbugs,arithmetic/tokensalechallenge,arithmetic,84,mut,value_perturb,greedy,0.0,0.3636,True,True,False
smartbugs,arithmetic/tokensalechallenge,arithmetic,85,mut,value_perturb,greedy,0.0,0.0,False,False,False
smartbugs,arithmetic/tokensalechallenge,arithmetic,86,mut,call_swap,greedy,0.0,0.0,False,False,False
smartbugs,arithmetic/tokensalechallenge,arithmetic,87,gen,price_oracle_probe,greedy,0.0,0.0,False,False,False
smartbugs,arithmetic/tokensalechallenge,arithmetic,88,gen,arithmetic_probe,greedy,0.0,0.0,True,False,True
smartbugs,arithmetic/tokensalechallenge,arithmetic,89,mut,arg_shuffle,random,0.0,1.0909,False,False,False
smartbugs,arithmetic/tokensalechallenge,arithmetic,90,mut,arg_shuffle,greedy,0.0,0.0,False,False,False
smartbugs,arithmetic/tokensalechallenge,arithmetic,91,mut,arg_shuffle,greedy,0.0,0.0,False,False,False
smartbugs,arithmetic/tokensalechallenge,arithmetic,92,mut,call_insert,greedy,0.0,0.7273,False,True,False
smartbugs,arithmetic/tokensalechallenge,arithmetic,93,gen,reentrancy_probe,greedy,0.0,0.0,False,False,False
smartbugs,arithmetic/tokensalechallenge,arithmetic,94,mut,call_swap,greedy,0.0,0.0,False,False,False
smartbugs,arithmetic/tokensalechallenge,arithmetic,95,gen,logic_error_probe,greedy,0.0,0.0,False,False,False
smartbugs,arithmetic/tokensalechallenge,arithmetic,96,mut,value_perturb,greedy,0.0,0.0,True,True,False
smartbugs,arithmetic/tokensalechallenge,arithmetic,97,mut,value_perturb,greedy,0.0,0.0,True,True,False
smartbugs,arithmetic/tokensalechallenge,arithmetic,98,mut,value_perturb,greedy,0.0,0.0,False,False,False
smartbugs,arithmetic/tokensalechallenge,arithmetic,99,gen,price_oracle_probe,greedy,0.0,0.0,False,False,False
smartbugs,unchecked_low_level_calls/lotto,unchecked_low_level_calls,0,gen,reentrancy_probe,greedy,6.0,1.8462,False,False,False
smartbugs,unchecked_low_level_calls/lotto,unchecked_low_level_calls,1,gen,arithmetic_probe,greedy,12.0,55.5385,True,False,True
smartbugs,unchecked_low_level_calls/lotto,unchecked_low_level_calls,2,gen,access_control_probe,greedy,0.0,5.5385,True,False,True
smartbugs,unchecked_low_level_calls/lotto,unchecked_low_level_calls,3,gen,price_oracle_probe,greedy,0.0,2.7692,False,False,False
smartbugs,unchecked_low_level_calls/lotto,unchecked_low_level_calls,4,gen,logic_error_probe,greedy,0.0,2.7692,False,False,False
smartbugs,unchecked_low_level_calls/lotto,unchecked_low_level_calls,5,mut,value_perturb,greedy,0.0,2.7692,False,False,False
smartbugs,unchecked_low_level_calls/lotto,unchecked_low_level_calls,6,mut,call_insert,greedy,0.0,1.8462,False,False,False
smartbugs,unchecked_low_level_calls/lotto,unchecked_low_level_calls,7,mut,call_swap,greedy,0.0,2.4615,False,False,False
smartbugs,unchecked_low_level_calls/lotto,unchecked_low_level_calls,8,mut,arg_shuffle,greedy,0.0,1.8462,False,False,False
smartbugs,unchecked_low_level_calls/lotto,unchecked_low_level_calls,9,gen,reentrancy_probe,greedy,1.0,1.8462,False,False,False
smartbugs,unchecked_low_level_calls/lotto,unchecked_low_level_calls,10,gen,arithmetic_probe,greedy,0.0,0.0,True,False,True
smartbugs,unchecked_low_level_calls/lotto,unchecked_low_level_calls,11,gen,access_control_probe,random,1.0,0.6154,True,False,True
smartbugs,unchecked_low_level_calls/lotto,unchecked_low_level_calls,12,gen,price_oracle_probe,greedy,0.0,1.5385,True,False,True
smartbugs,unchecked_low_level_calls/lotto,unchecked_low_level_calls,13,gen,logic_error_probe,greedy,0.0,1.5385,True,False,True
smartbugs,unchecked_low_level_calls/lotto,unchecked_low_level_calls,14,mut,value_perturb,greedy,0.0,0.0,False,False,False
smartbugs,unchecked_low_level_calls/lotto,unchecked_low_level_calls,15,mut,call_insert,greedy,0.0,4.0,True,True,False
smartbugs,unchecked_low_level_calls/lotto,unchecked_low_level_calls,16,mut,call_swap,greedy,0.0,2.1538,False,False,False
smartbugs,unchecked_low_level_calls/lotto,unchecked_low_level_calls,17,mut,arg_shuffle,greedy,0.0,0.9231,False,False,False
smartbugs,unchecked_low_level_calls/lotto,unchecked_low_level_calls,18,gen,arithmetic_probe,random,0.0,0.3077,True,False,True
smartbugs,unchecked_low_level_calls/lotto,unchecked_low_level_calls,19,gen,arithmetic_probe,random,0.0,0.0,True,False,True
smartbugs,unchecked_low_level_calls/lotto,unchecked_low_level_calls,20,mut,value_perturb,greedy,0.0,2.7692,True,True,False
smartbugs,unchecked_low_level_calls/lotto,unchecked_low_level_calls,21,gen,arithmetic_probe,greedy,0.0,0.0,True,False,True
smartbugs,unchecked_low_level_calls/lotto,unchecked_low_level_calls,22,gen,arithmetic_probe,greedy,0.0,0.0,True,False,True
smartbugs,unchecked_low_level_calls/lotto,unchecked_low_level_calls,23,gen,access_control_probe,greedy,0.0,0.0,False,False,False
smartbugs,unchecked_low_level_calls/lotto,unchecked_low_level_calls,24,mut,arg_shuffle,greedy,0.0,0.0,False,False,False
smartbugs,unchecked_low_level_calls/lotto,unchecked_low_level_calls,25,mut,call_insert,greedy,0.0,0.0,True,True,False
smartbugs,unchecked_low_level_calls/lotto,unchecked_low_level_calls,26,mut,value_perturb,greedy,0.0,0.0,False,False,False
smartbugs,unchecked_low_level_calls/lotto,unchecked_low_level_calls,27,mut,call_swap,greedy,0.0,0.9231,False,False,False
smartbugs,unchecked_low_level_calls/lotto,unchecked_low_level_calls,28,gen,price_oracle_probe,greedy,0.0,0.0,False,False,False
smartbugs,unchecked_low_level_calls/lotto,unchecked_low_level_calls,29,gen,logic_error_probe,random,0.0,0.9231,True,False,True
smartbugs,unchecked_low_level_calls/lotto,unchecked_low_level_calls,30,mut,arg_shuffle,greedy,0.0,1.5385,True,True,False
smartbugs,unchecked_low_level_calls/lotto,unchecked_low_level_calls,31,gen,reentrancy_probe,greedy,0.0,0.0,False,False,False
smartbugs,unchecked_low_level_calls/lotto,unchecked_low_level_calls,32,mut,call_swap,greedy,0.0,0.6154,True,True,False
smartbugs,unchecked_low_level_calls/lotto,unchecked_low_level_calls,33,mut,arg_shuffle,greedy,0.0,0.0,False,False,False
smartbugs,unchecked_low_level_calls/lotto,unchecked_low_level_calls,34,mut,call_insert,greedy,0.0,0.0,True,True,False
smartbugs,unchecked_low_level_calls/lotto,unchecked_low_level_calls,35,gen,logic_error_probe,greedy,0.0,0.0,False,False,False
smartbugs,unchecked_low_level_calls/lotto,unchecked_low_level_calls,36,mut,call_swap,greedy,0.0,0.0,True,True,False
smartbugs,unchecked_low_level_calls/lotto,unchecked_low_level_calls,37,mut,value_perturb,greedy,0.0,0.0,False,False,False
smartbugs,unchecked_low_level_calls/lotto,unchecked_low_level_calls,38,gen,arithmetic_probe,greedy,0.0,0.0,True,False,True
smartbugs,unchecked_low_level_calls/lotto,unchecked_low_level_calls,39,gen,access_control_probe,greedy,0.0,0.0,True,False,True
smartbugs,unchecked_low_level_calls/lotto,unchecked_low_level_calls,40,gen,price_oracle_probe,greedy,0.0,0.0,False,False,False
smartbugs,unchecked_low_level_calls/lotto,unchecked_low_level_calls,41,gen,reentrancy_probe,greedy,0.0,0.9231,False,False,False
smartbugs,unchecked_low_level_calls/lotto,unchecked_low_level_calls,42,gen,reentrancy_probe,random,0.0,0.6154,False,False,False
smartbugs,unchecked_low_level_calls/lotto,unchecked_low_level_calls,43,gen,reentrancy_probe,greedy,0.0,0.0,False,False,False
smartbugs,unchecked_low_level_calls/lotto,unchecked_low_level_calls,44,mut,call_insert,greedy,0.0,0.3077,False,False,False
smartbugs,unchecked_low_level_calls/lotto,unchecked_low_level_calls,45,gen,logic_error_probe,greedy,0.0,0.0,False,False,False
smartbugs,unchecked_low_level_calls/lotto,unchecked_low_level_calls,46,gen,access_control_probe,greedy,0.0,0.0,False,False,False
smartbugs,unchecked_low_level_calls/lotto,unchecked_low_level_calls,47,gen,price_oracle_probe,random,0.0,1.2308,False,False,False
smartbugs,unchecked_low_level_calls/lotto,unchecked_low_level_calls,48,gen,reentrancy_probe,greedy,0.0,0.3077,True,False,True
smartbugs,unchecked_low_level_calls/lotto,unchecked_low_level_calls,49,mut,arg_shuffle,greedy,0.0,0.0,False,False,False
smartbugs,unchecked_low_level_calls/lotto,unchecked_low_level_calls,50,mut,call_swap,greedy,0.0,0.0,True,False,True
smartbugs,unchecked_low_level_calls/lotto,unchecked_low_level_calls,51,gen,arithmetic_probe,random,0.0,0.0,True,False,True
smartbugs,unchecked_low_level_calls/lotto,unchecked_low_level_calls,52,mut,value_perturb,greedy,0.0,0.3077,False,False,False
smartbugs,unchecked_low_level_calls/lotto,unchecked_low_level_calls,53,mut,value_perturb,greedy,0.0,0.3077,True,True,False
smartbugs,unchecked_low_level_calls/lotto,unchecked_low_level_calls,54,mut,value_perturb,random,0.0,0.0,False,False,False
smartbugs,unchecked_low_level_calls/lotto,unchecked_low_level_calls,55,mut,call_insert,greedy,0.0,0.0,False,False,False
smartbugs,unchecked_low_level_calls/lotto,unchecked_low_level_calls,56,gen,access_control_probe,greedy,0.0,0.0,False,False,False
smartbugs,unchecked_low_level_calls/lotto,unchecked_low_level_calls,57,gen,logic_error_probe,greedy,0.0,0.0,True,False,True
smartbugs,unchecked_low_level_calls/lotto,unchecked_low_level_calls,58,gen,price_oracle_probe,greedy,0.0,0.0,False,False,False
smartbugs,unchecked_low_level_calls/lotto,unchecked_low_level_calls,59,gen,price_oracle_probe,greedy,0.0,0.0,False,False,False
smartbugs,unchecked_low_level_calls/lotto,unchecked_low_level_calls,60,gen,reentrancy_probe,greedy,0.0,0.0,False,False,False
smartbugs,unchecked_low_level_calls/lotto,unchecked_low_level_calls,61,mut,value_perturb,random,0.0,0.0,False,False,False
smartbugs,unchecked_low_level_calls/lotto,unchecked_low_level_calls,62,mut,arg_shuffle,greedy,0.0,0.0,True,True,False
smartbugs,unchecked_low_level_calls/lotto,unchecked_low_level_calls,63,mut,call_swap,greedy,0.0,0.0,False,False,False
smartbugs,unchecked_low_level_calls/lotto,unchecked_low_level_calls,64,mut,call_insert,greedy,0.0,0.0,False,False,False
smartbugs,unchecked_low_level_calls/lotto,unchecked_low_level_calls,65,gen,arithmetic_probe,greedy,0.0,0.0,False,False,False
smartbugs,unchecked_low_level_calls/lotto,unchecked_low_level_calls,66,gen,access_control_probe,greedy,0.0,0.0,True,False,True
smartbugs,unchecked_low_level_calls/lotto,unchecked_low_level_calls,67,gen,price_oracle_probe,greedy,0.0,0.0,True,False,True
smartbugs,unchecked_low_level_calls/lotto,unchecked_low_level_calls,68,gen,reentrancy_probe,greedy,0.0,0.0,True,False,True
smartbugs,unchecked_low_level_calls/lotto,unchecked_low_level_calls,69,gen,logic_error_probe,greedy,0.0,0.0,False,False,False
smartbugs,unchecked_low_level_calls/lotto,unchecked_low_level_calls,70,mut,value_perturb,greedy,0.0,0.0,False,False,False
smartbugs,unchecked_low_level_calls/lotto,unchecked_low_level_calls,71,mut,arg_shuffle,greedy,0.0,0.6154,False,False,False
smartbugs,unchecked_low_level_calls/lotto,unchecked_low_level_calls,72,mut,arg_shuffle,greedy,0.0,0.3077,False,False,False
smartbugs,unchecked_low_level_calls/lotto,unchecked_low_level_calls,73,mut,arg_shuffle,greedy,0.0,0.0,False,False,False
smartbugs,unchecked_low_level_calls/lotto,unchecked_low_level_calls,74,mut,call_swap,greedy,0.0,0.0,False,True,False
smartbugs,unchecked_low_level_calls/lotto,unchecked_low_level_calls,75,mut,call_insert,greedy,0.0,0.0,True,False,True
smartbugs,unchecked_low_level_calls/lotto,unchecked_low_level_calls,76,gen,arithmetic_probe,greedy,0.0,0.0,False,False,False
smartbugs,unchecked_low_level_calls/lotto,unchecked_low_level_calls,77,gen,price_oracle_probe,greedy,0.0,0.0,False,False,False
smartbugs,unchecked_low_level_calls/lotto,unchecked_low_level_calls,78,gen,reentrancy_probe,greedy,0.0,0.0,False,False,False
smartbugs,unchecked_low_level_calls/lotto,unchecked_low_level_calls,79,gen,logic_error_probe,greedy,0.0,0.0,False,False,False
smartbugs,unchecked_low_level_calls/lotto,unchecked_low_level_calls,80,gen,price_oracle_probe,greedy,0.0,0.0,False,False,False
smartbugs,unchecked_low_level_calls/lotto,unchecked_low_level_calls,81,gen,access_control_probe,greedy,0.0,0.0,False,False,False
smartbugs,unchecked_low_level_calls/lotto,unchecked_low_level_calls,82,mut,call_swap,greedy,0.0,0.0,False,True,False
smartbugs,unchecked_low_level_calls/lotto,unchecked_low_level_calls,83,gen,access_control_probe,greedy,0.0,0.0,False,False,False
smartbugs,unchecked_low_level_calls/lotto,unchecked_low_level_calls,84,mut,arg_shuffle,greedy,0.0,0.6154,False,False,False
smartbugs,unchecked_low_level_calls/lotto,unchecked_low_level_calls,85,mut,arg_shuffle,greedy,0.0,0.0,False,False,False
smartbugs,unchecked_low_level_calls/lotto,unchecked_low_level_calls,86,mut,arg_shuffle,greedy,0.0,0.0,False,False,False
smartbugs,unchecked_low_level_calls/lotto,unchecked_low_level_calls,87,mut,arg_shuffle,random,0.0,0.0,False,False,False
smartbugs,unchecked_low_level_calls/lotto,unchecked_low_level_calls,88,mut,arg_shuffle,random,0.0,0.0,False,False,False
smartbugs,unchecked_low_level_calls/lotto,unchecked_low_level_calls,89,mut,call_insert,greedy,0.0,0.0,True,False,True
smartbugs,unchecked_low_level_calls/lotto,unchecked_low_level_calls,90,gen,arithmetic_probe,greedy,0.0,0.0,False,False,False
smartbugs,unchecked_low_level_calls/lotto,unchecked_low_level_calls,91,gen,reentrancy_probe,greedy,0.0,0.0,False,False,False
smartbugs,unchecked_low_level_calls/lotto,unchecked_low_level_calls,92,gen,logic_error_probe,random,0.0,0.9231,True,False,True
smartbugs,unchecked_low_level_calls/lotto,unchecked_low_level_calls,93,gen,logic_error_probe,greedy,0.0,0.0,False,False,False
smartbugs,unchecked_low_level_calls/lotto,unchecked_low_level_calls,94,mut,value_perturb,greedy,0.0,0.0,False,False,False
smartbugs,unchecked_low_level_calls/lotto,unchecked_low_level_calls,95,mut,call_swap,greedy,0.0,0.0,False,False,False
smartbugs,unchecked_low_level_calls/lotto,unchecked_low_level_calls,96,mut,call_insert,random,0.0,0.0,True,True,False
smartbugs,unchecked_low_level_calls/lotto,unchecked_low_level_calls,97,gen,reentrancy_probe,greedy,0.0,0.0,False,False,False
smartbugs,unchecked_low_level_calls/lotto,unchecked_low_level_calls,98,mut,value_perturb,greedy,0.0,0.0,False,False,False
smartbugs,unchecked_low_level_calls/lotto,unchecked_low_level_calls,99,mut,arg_shuffle,greedy,0.0,0.0,False,False,False
