dataset,contract,category,iteration,kind,strategy,regime,new_bc,reward,bug,seed_bug,genuine
defihacklabs,defihacklabs/2022-10_Templedao,access_control,0,gen,reentrancy_probe,greedy,19.0,0.7451,False,False,False
defihacklabs,defihacklabs/2022-10_Templedao,access_control,1,gen,arithmetic_probe,greedy,15.0,1.0196,False,False,False
defihacklabs,defihacklabs/2022-10_Templedao,access_control,2,gen,access_control_probe,random,46.0,2.9412,False,False,False
defihacklabs,defihacklabs/2022-10_Templedao,access_control,3,gen,price_oracle_probe,greedy,2.0,0.6275,False,False,False
defihacklabs,defihacklabs/2022-10_Templedao,access_control,4,gen,logic_error_probe,greedy,0.0,0.7451,False,False,False
defihacklabs,defihacklabs/2022-10_Templedao,access_control,5,mut,value_perturb,random,0.0,0.7451,False,False,False
defihacklabs,defihacklabs/2022-10_Templedao,access_control,6,mut,call_insert,greedy,0.0,2.9412,False,False,False
defihacklabs,defihacklabs/2022-10_Templedao,access_control,7,mut,call_swap,greedy,0.0,1.0196,False,False,False
defihacklabs,defihacklabs/2022-10_Templedao,access_control,8,mut,arg_shuffle,greedy,0.0,1.0196,False,False,False
defihacklabs,defihacklabs/2022-10_Templedao,access_control,9,gen,reentrancy_probe,greedy,0.0,0.1569,False,False,False
defihacklabs,defihacklabs/2022-10_Templedao,access_control,10,gen,arithmetic_probe,greedy,0.0,0.0,False,False,False
defihacklabs,defihacklabs/2022-10_Templedao,access_control,11,gen,access_control_probe,greedy,0.0,0.1176,False,False,False
defihacklabs,defihacklabs/2022-10_Templedao,access_control,12,gen,price_oracle_probe,random,3.0,0.2353,False,False,False
defihacklabs,defihacklabs/2022-10_Templedao,access_control,13,gen,logic_error_probe,greedy,0.0,0.8627,False,False,False
defihacklabs,defihacklabs/2022-10_Templedao,access_control,14,mut,value_perturb,greedy,0.0,0.0,False,False,False
defihacklabs,defihacklabs/2022-10_Templedao,access_control,15,mut,call_insert,greedy,0.0,0.1569,False,False,False
defihacklabs,defihacklabs/2022-10_Templedao,access_control,16,mut,call_swap,random,0.0,0.2745,False,False,False
defihacklabs,defihacklabs/2022-10_Templedao,access_control,17,mut,arg_shuffle,greedy,0.0,0.3137,False,False,False
defihacklabs,defihacklabs/2022-10_Templedao,access_control,18,mut,call_insert,greedy,0.0,0.0784,False,False,False
defihacklabs,defihacklabs/2022-10_Templedao,access_control,19,gen,access_control_probe,greedy,13.0,4.7451,False,False,False
defihacklabs,defihacklabs/2022-10_Templedao,access_control,20,gen,access_control_probe,greedy,0.0,0.0,False,False,False
defihacklabs,defihacklabs/2022-10_Templedao,access_control,21,mut,call_insert,greedy,0.0,0.0,False,False,False
defihacklabs,defihacklabs/2022-10_Templedao,access_control,22,gen,access_control_probe,greedy,0.0,0.0,False,False,False
defihacklabs,defihacklabs/2022-10_Templedao,access_control,23,gen,price_oracle_probe,greedy,0.0,0.5882,False,False,False
defihacklabs,defihacklabs/2022-10_Templedao,access_control,24,gen,access_control_probe,greedy,0.0,0.0,False,False,False
defihacklabs,defihacklabs/2022-10_Templedao,access_control,25,gen,logic_error_probe,greedy,0.0,0.0,False,False,False
defihacklabs,defihacklabs/2022-10_Templedao,access_control,26,gen,price_oracle_probe,random,12.0,10.0196,True,False,True
defihacklabs,defihacklabs/2022-10_Templedao,access_control,27,gen,price_oracle_probe,greedy,0.0,0.2353,False,False,False
defihacklabs,defihacklabs/2022-10_Templedao,access_control,28,gen,price_oracle_probe,greedy,0.0,0.0,False,False,False
defihacklabs,defihacklabs/2022-10_Templedao,access_control,29,gen,price_oracle_probe,greedy,0.0,0.0,False,False,False
defihacklabs,defihacklabs/2022-10_Templedao,access_control,30,gen,price_oracle_probe,greedy,0.0,0.0,False,False,False
defihacklabs,defihacklabs/2022-10_Templedao,access_control,31,gen,price_oracle_probe,random,3.0,0.3922,False,False,False
defihacklabs,defihacklabs/2022-10_Templedao,access_control,32,gen,price_oracle_probe,greedy,0.0,0.0,False,False,False
defihacklabs,defihacklabs/2022-10_Templedao,access_control,33,mut,value_perturb,random,0.0,1.6078,True,True,False
defihacklabs,defihacklabs/2022-10_Templedao,access_control,34,gen,price_oracle_probe,greedy,0.0,0.0,False,False,False
defihacklabs,defihacklabs/2022-10_Templedao,access_control,35,gen,price_oracle_probe,greedy,0.0,0.0,False,False,False
defihacklabs,defihacklabs/2022-10_Templedao,access_control,36,gen,price_oracle_probe,greedy,2.0,0.0784,False,False,False
defihacklabs,defihacklabs/2022-10_Templedao,access_control,37,gen,price_oracle_probe,greedy,9.0,0.5098,True,False,True
defihacklabs,defihacklabs/2022-10_Templedao,access_control,38,gen,price_oracle_probe,greedy,0.0,0.0,False,False,False
defihacklabs,defihacklabs/2022-10_Templedao,access_control,39,gen,price_oracle_probe,random,4.0,0.1569,False,False,False
defihacklabs,defihacklabs/2022-10_Templedao,access_control,40,gen,price_oracle_probe,greedy,0.0,0.0,False,False,False
defihacklabs,defihacklabs/2022-10_Templedao,access_control,41,gen,price_oracle_probe,greedy,0.0,0.0,False,False,False
defihacklabs,defihacklabs/2022-10_Templedao,access_control,42,gen,price_oracle_probe,random,1.0,0.1569,False,False,False
defihacklabs,defihacklabs/2022-10_Templedao,access_control,43,gen,price_oracle_probe,greedy,0.0,0.0,False,False,False
defihacklabs,defihacklabs/2022-10_Templedao,access_control,44,gen,price_oracle_probe,random,0.0,0.0,False,False,False
defihacklabs,defihacklabs/2022-10_Templedao,access_control,45,gen,price_oracle_probe,random,4.0,0.5098,True,False,True
defihacklabs,defihacklabs/2022-10_Templedao,access_control,46,gen,price_oracle_probe,greedy,0.0,0.0,False,False,False
defihacklabs,defihacklabs/2022-10_Templedao,access_control,47,gen,price_oracle_probe,greedy,1.0,0.0392,False,False,False
defihacklabs,defihacklabs/2022-10_Templedao,access_control,48,gen,price_oracle_probe,greedy,0.0,0.0,False,False,False
defihacklabs,defihacklabs/2022-10_Templedao,access_control,49,gen,price_oracle_probe,greedy,0.0,0.0,False,False,False
defihacklabs,defihacklabs/2022-10_Templedao,access_control,50,gen,price_oracle_probe,greedy,0.0,0.0,False,False,False
defihacklabs,defihacklabs/2022-10_Templedao,access_control,51,gen,price_oracle_probe,greedy,0.0,0.0,False,False,False
defihacklabs,defihacklabs/2022-10_Templedao,access_control,52,gen,price_oracle_probe,greedy,0.0,0.0,False,False,False
defihacklabs,defihacklabs/2022-10_Templedao,access_control,53,mut,arg_shuffle,greedy,0.0,1.5686,True,True,False
defihacklabs,defihacklabs/2022-10_Templedao,access_control,54,mut,arg_shuffle,greedy,0.0,0.549,True,True,False
defihacklabs,defihacklabs/2022-10_Templedao,access_control,55,mut,value_perturb,greedy,0.0,1.7647,False,False,False
defihacklabs,defihacklabs/2022-10_Templedao,access_control,56,mut,value_perturb,greedy,0.0,0.0,False,False,False
defihacklabs,defihacklabs/2022-10_Templedao,access_control,57,mut,arg_shuffle,greedy,0.0,0.0,False,False,False
defihacklabs,defihacklabs/2022-10_Templedao,access_control,58,mut,call_swap,greedy,0.0,1.4902,True,True,False
defihacklabs,defihacklabs/2022-10_Templedao,access_control,59,mut,call_swap,greedy,0.0,0.0,True,False,True
defihacklabs,defihacklabs/2022-10_Templedao,access_control,60,gen,arithmetic_probe,greedy,0.0,0.0,False,False,False
defihacklabs,defihacklabs/2022-10_Templedao,access_control,61,mut,call_swap,greedy,0.0,0.9412,False,False,False
defihacklabs,defihacklabs/2022-10_Templedao,access_control,62,gen,access_control_probe,greedy,0.0,0.0,False,False,False
defihacklabs,defihacklabs/2022-10_Templedao,access_control,63,gen,logic_error_probe,greedy,0.0,0.0,False,False,False
defihacklabs,defihacklabs/2022-10_Templedao,access_control,64,gen,reentrancy_probe,greedy,0.0,0.5882,False,False,False
defihacklabs,defihacklabs/2022-10_Templedao,access_control,65,gen,reentrancy_probe,greedy,0.0,0.0,False,False,False
defihacklabs,defihacklabs/2022-10_Templedao,access_control,66,mut,call_insert,greedy,0.0,0.7843,True,True,False
defihacklabs,defihacklabs/2022-10_Templedao,access_control,67,mut,value_perturb,greedy,0.0,0.1569,True,True,False
defihacklabs,defihacklabs/2022-10_Templedao,access_control,68,mut,value_perturb,random,0.0,0.0,True,True,False
defihacklabs,defihacklabs/2022-10_Templedao,access_control,69,gen,reentrancy_probe,greedy,0.0,0.0,False,False,False
defihacklabs,defihacklabs/2022-10_Templedao,access_control,70,mut,arg_shuffle,greedy,0.0,0.0,False,False,False
defihacklabs,defihacklabs/2022-10_Templedao,access_control,71,gen,logic_error_probe,greedy,0.0,0.0,False,False,False
defihacklabs,defihacklabs/2022-10_Templedao,access_control,72,mut,call_swap,greedy,0.0,0.3922,True,True,False
defihacklabs,defihacklabs/2022-10_Templedao,access_control,73,mut,call_swap,greedy,0.0,0.1569,False,False,False
defihacklabs,defihacklabs/2022-10_Templedao,access_control,74,gen,reentrancy_probe,greedy,0.0,0.0,False,False,False
defihacklabs,defihacklabs/2022-10_Templedao,access_control,75,mut,call_swap,greedy,0.0,0.0,True,True,False
defihacklabs,defihacklabs/2022-10_Templedao,access_control,76,gen,access_control_probe,greedy,0.0,0.0,False,False,False
defihacklabs,defihacklabs/2022-10_Templedao,access_control,77,mut,call_insert,greedy,0.0,0.0,True,True,False
defihacklabs,defihacklabs/2022-10_Templedao,access_control,78,mut,call_swap,greedy,0.0,0.1961,False,False,False
defihacklabs,defihacklabs/2022-10_Templedao,access_control,79,mut,call_swap,greedy,0.0,0.0,False,False,False
defihacklabs,defihacklabs/2022-10_Templedao,access_control,80,gen,arithmetic_probe,greedy,0.0,0.2745,False,False,False
defihacklabs,defihacklabs/2022-10_Templedao,access_control,81,gen,arithmetic_probe,greedy,0.0,0.0,False,False,False
defihacklabs,defihacklabs/2022-10_Templedao,access_control,82,mut,call_insert,greedy,0.0,0.0,True,True,False
defihacklabs,defihacklabs/2022-10_Templedao,access_control,83,mut,value_perturb,greedy,0.0,0.0,True,True,False
defihacklabs,defihacklabs/2022-10_Templedao,access_control,84,gen,arithmetic_probe,greedy,0.0,0.0,False,False,False
defihacklabs,defihacklabs/2022-10_Templedao,access_control,85,mut,arg_shuffle,random,0.0,0.5882,True,True,False
defihacklabs,defihacklabs/2022-10_Templedao,access_control,86,mut,arg_shuffle,greedy,0.0,0.0,False,False,False
defihacklabs,defihacklabs/2022-10_Templedao,access_control,87,mut,arg_shuffle,greedy,0.0,0.0,False,False,False
defihacklabs,defihacklabs/2022-10_Templedao,access_control,88,mut,arg_shuffle,greedy,0.0,0.0,True,True,False
defihacklabs,defihacklabs/2022-10_Templedao,access_control,89,mut,call_insert,random,1.0,1.098,True,True,False
defihacklabs,defihacklabs/2022-10_Templedao,access_control,90,mut,call_insert,greedy,0.0,0.0,False,True,False
defihacklabs,defihacklabs/2022-10_Templedao,access_control,91,mut,call_insert,greedy,0.0,0.0,True,True,False
defihacklabs,defihacklabs/2022-10_Templedao,access_control,92,mut,call_insert,greedy,0.0,0.1569,True,True,False
defihacklabs,defihacklabs/2022-10_Templedao,access_control,93,mut,call_insert,greedy,0.0,0.0,True,True,False
defihacklabs,defihacklabs/2022-10_Templedao,access_control,94,mut,call_insert,greedy,0.0,0.0,True,True,False
defihacklabs,defihacklabs/2022-10_Templedao,access_control,95,mut,value_perturb,greedy,0.0,0.0,False,False,False
defihacklabs,defihacklabs/2022-10_Templedao,access_control,96,gen,access_control_probe,random,0.0,0.1569,False,False,False
defihacklabs,defihacklabs/2022-10_Templedao,access_control,97,gen,access_control_probe,greedy,0.0,0.0,False,False,False
defihacklabs,defihacklabs/2022-10_Templedao,access_control,98,gen,access_control_probe,greedy,0.0,0.0,False,False,False
defihacklabs,defihacklabs/2022-10_Templedao,access_control,99,mut,call_swap,greedy,0.0,0.0,True,True,False
defihacklabs,defihacklabs/2024-09_PLN,price_oracle_manipulation,0,gen,reentrancy_probe,greedy,37.0,0.6578,False,False,False
defihacklabs,defihacklabs/2024-09_PLN,price_oracle_manipulation,1,gen,arithmetic_probe,greedy,10.0,0.4089,False,False,False
defihacklabs,defihacklabs/2024-09_PLN,price_oracle_manipulation,2,gen,access_control_probe,greedy,11.0,0.6044,False,False,False
defihacklabs,defihacklabs/2024-09_PLN,price_oracle_manipulation,3,gen,price_oracle_probe,greedy,14.0,0.8533,False,False,False
defihacklabs,defihacklabs/2024-09_PLN,price_oracle_manipulation,4,gen,logic_error_probe,greedy,30.0,1.1022,False,False,False
defihacklabs,defihacklabs/2024-09_PLN,price_oracle_manipulation,5,mut,value_perturb,random,0.0,0.8533,False,False,False
defihacklabs,defihacklabs/2024-09_PLN,price_oracle_manipulation,6,mut,call_insert,greedy,2.0,1.1378,False,False,False
defihacklabs,defihacklabs/2024-09_PLN,price_oracle_manipulation,7,mut,call_swap,random,6.0,0.6222,False,False,False
defihacklabs,defihacklabs/2024-09_PLN,price_oracle_manipulation,8,mut,arg_shuffle,random,0.0,0.6044,False,False,False
defihacklabs,defihacklabs/2024-09_PLN,price_oracle_manipulation,9,gen,reentrancy_probe,random,18.0,0.5156,False,False,False
defihacklabs,defihacklabs/2024-09_PLN,price_oracle_manipulation,10,gen,arithmetic_probe,greedy,22.0,0.64,False,False,False
defihacklabs,defihacklabs/2024-09_PLN,price_oracle_manipulation,11,gen,access_control_probe,greedy,0.0,0.0,False,False,False
defihacklabs,defihacklabs/2024-09_PLN,price_oracle_manipulation,12,gen,price_oracle_probe,greedy,0.0,0.2133,False,False,False
defihacklabs,defihacklabs/2024-09_PLN,price_oracle_manipulation,13,gen,logic_error_probe,greedy,0.0,0.0,False,False,False
defihacklabs,defihacklabs/2024-09_PLN,price_oracle_manipulation,14,mut,value_perturb,greedy,0.0,0.5156,False,False,False
defihacklabs,defihacklabs/2024-09_PLN,price_oracle_manipulation,15,mut,call_insert,greedy,3.0,0.3733,False,False,False
defihacklabs,defihacklabs/2024-09_PLN,price_oracle_manipulation,16,mut,call_swap,greedy,0.0,0.6044,False,False,False
defihacklabs,defihacklabs/2024-09_PLN,price_oracle_manipulation,17,mut,arg_shuffle,greedy,0.0,0.4267,False,False,False
defihacklabs,defihacklabs/2024-09_PLN,price_oracle_manipulation,18,mut,call_insert,greedy,4.0,0.0711,False,False,False
defihacklabs,defihacklabs/2024-09_PLN,price_oracle_manipulation,19,mut,value_perturb,greedy,0.0,0.0,False,False,False
defihacklabs,defihacklabs/2024-09_PLN,price_oracle_manipulation,20,mut,call_swap,random,0.0,0.0,False,False,False
defihacklabs,defihacklabs/2024-09_PLN,price_oracle_manipulation,21,gen,reentrancy_probe,greedy,0.0,0.0,False,False,False
defihacklabs,defihacklabs/2024-09_PLN,price_oracle_manipulation,22,gen,arithmetic_probe,random,7.0,0.1422,False,False,False
defihacklabs,defihacklabs/2024-09_PLN,price_oracle_manipulation,23,mut,arg_shuffle,greedy,0.0,0.5689,False,False,False
defihacklabs,defihacklabs/2024-09_PLN,price_oracle_manipulation,24,mut,arg_shuffle,greedy,0.0,0.2667,False,False,False
defihacklabs,defihacklabs/2024-09_PLN,price_oracle_manipulation,25,mut,arg_shuffle,greedy,0.0,0.0,False,False,False
defihacklabs,defihacklabs/2024-09_PLN,price_oracle_manipulation,26,gen,price_oracle_probe,greedy,3.0,0.1244,False,False,False
defihacklabs,defihacklabs/2024-09_PLN,price_oracle_manipulation,27,gen,arithmetic_probe,greedy,0.0,0.5333,False,False,False
defihacklabs,defihacklabs/2024-09_PLN,price_oracle_manipulation,28,gen,arithmetic_probe,greedy,0.0,0.0,False,False,False
defihacklabs,defihacklabs/2024-09_PLN,price_oracle_manipulation,29,gen,logic_error_probe,greedy,0.0,0.0,False,False,False
defihacklabs,defihacklabs/2024-09_PLN,price_oracle_manipulation,30,mut,call_insert,greedy,0.0,0.1422,False,False,False
defihacklabs,defihacklabs/2024-09_PLN,price_oracle_manipulation,31,gen,arithmetic_probe,greedy,0.0,0.0,False,False,False
defihacklabs,defihacklabs/2024-09_PLN,price_oracle_manipulation,32,mut,value_perturb,greedy,0.0,0.1956,False,False,False
defihacklabs,defihacklabs/2024-09_PLN,price_oracle_manipulation,33,mut,call_swap,greedy,0.0,0.3733,False,False,False
defihacklabs,defihacklabs/2024-09_PLN,price_oracle_manipulation,34,mut,call_swap,greedy,0.0,0.0,False,False,False
defihacklabs,defihacklabs/2024-09_PLN,price_oracle_manipulation,35,gen,price_oracle_probe,random,6.0,1.4044,False,False,False
defihacklabs,defihacklabs/2024-09_PLN,price_oracle_manipulation,36,gen,price_oracle_probe,greedy,14.0,0.4978,False,False,False
defihacklabs,defihacklabs/2024-09_PLN,price_oracle_manipulation,37,gen,price_oracle_probe,greedy,0.0,0.0,False,False,False
defihacklabs,defihacklabs/2024-09_PLN,price_oracle_manipulation,38,gen,price_oracle_probe,greedy,0.0,0.0,False,False,False
defihacklabs,defihacklabs/2024-09_PLN,price_oracle_manipulation,39,mut,value_perturb,greedy,0.0,0.4978,False,False,False
defihacklabs,defihacklabs/2024-09_PLN,price_oracle_manipulation,40,gen,reentrancy_probe,greedy,0.0,0.0533,False,False,False
defihacklabs,defihacklabs/2024-09_PLN,price_oracle_manipulation,41,mut,call_insert,greedy,0.0,0.0,False,False,False
defihacklabs,defihacklabs/2024-09_PLN,price_oracle_manipulation,42,gen,price_oracle_probe,greedy,0.0,0.0,False,False,False
defihacklabs,defihacklabs/2024-09_PLN,price_oracle_manipulation,43,gen,access_control_probe,greedy,0.0,0.0,False,False,False
defihacklabs,defihacklabs/2024-09_PLN,price_oracle_manipulation,44,mut,call_swap,greedy,0.0,0.0,False,False,False
defihacklabs,defihacklabs/2024-09_PLN,price_oracle_manipulation,45,gen,logic_error_probe,greedy,0.0,0.0,False,False,False
defihacklabs,defihacklabs/2024-09_PLN,price_oracle_manipulation,46,gen,logic_error_probe,greedy,0.0,0.0178,False,False,False
defihacklabs,defihacklabs/2024-09_PLN,price_oracle_manipulation,47,gen,reentrancy_probe,greedy,0.0,0.0,False,False,False
defihacklabs,defihacklabs/2024-09_PLN,price_oracle_manipulation,48,mut,arg_shuffle,greedy,0.0,0.0,False,False,False
defihacklabs,defihacklabs/2024-09_PLN,price_oracle_manipulation,49,gen,logic_error_probe,greedy,0.0,0.2133,False,False,False
defihacklabs,defihacklabs/2024-09_PLN,price_oracle_manipulation,50,mut,value_perturb,random,0.0,0.0533,False,False,False
defihacklabs,defihacklabs/2024-09_PLN,price_oracle_manipulation,51,mut,value_perturb,greedy,0.0,0.0,False,False,False
defihacklabs,defihacklabs/2024-09_PLN,price_oracle_manipulation,52,mut,call_insert,greedy,0.0,0.5156,False,False,False
defihacklabs,defihacklabs/2024-09_PLN,price_oracle_manipulation,53,mut,call_insert,greedy,0.0,0.0,False,False,False
defihacklabs,defihacklabs/2024-09_PLN,price_oracle_manipulation,54,mut,call_insert,greedy,0.0,0.0,False,False,False
defihacklabs,defihacklabs/2024-09_PLN,price_oracle_manipulation,55,gen,arithmetic_probe,greedy,0.0,0.0,False,False,False
defihacklabs,defihacklabs/2024-09_PLN,price_oracle_manipulation,56,mut,arg_shuffle,greedy,0.0,0.0,False,False,False
defihacklabs,defihacklabs/2024-09_PLN,price_oracle_manipulation,57,gen,price_oracle_probe,greedy,0.0,0.0,False,False,False
defihacklabs,defihacklabs/2024-09_PLN,price_oracle_manipulation,58,gen,reentrancy_probe,greedy,0.0,0.0,False,False,False
defihacklabs,defihacklabs/2024-09_PLN,price_oracle_manipulation,59,gen,access_control_probe,greedy,0.0,0.0,False,False,False
defihacklabs,defihacklabs/2024-09_PLN,price_oracle_manipulation,60,gen,logic_error_probe,greedy,0.0,0.0,False,False,False
defihacklabs,defihacklabs/2024-09_PLN,price_oracle_manipulation,61,mut,value_perturb,greedy,0.0,0.0,False,False,False
defihacklabs,defihacklabs/2024-09_PLN,price_oracle_manipulation,62,gen,arithmetic_probe,greedy,0.0,0.0,False,False,False
defihacklabs,defihacklabs/2024-09_PLN,price_oracle_manipulation,63,gen,price_oracle_probe,random,6.0,1.7956,False,False,False
defihacklabs,defihacklabs/2024-09_PLN,price_oracle_manipulation,64,gen,price_oracle_probe,random,6.0,0.3022,False,False,False
defihacklabs,defihacklabs/2024-09_PLN,price_oracle_manipulation,65,gen,price_oracle_probe,random,6.0,0.1956,False,False,False
defihacklabs,defihacklabs/2024-09_PLN,price_oracle_manipulation,66,gen,price_oracle_probe,greedy,0.0,0.0,False,False,False
defihacklabs,defihacklabs/2024-09_PLN,price_oracle_manipulation,67,gen,logic_error_probe,greedy,0.0,0.0,False,False,False
defihacklabs,defihacklabs/2024-09_PLN,price_oracle_manipulation,68,gen,price_oracle_probe,greedy,0.0,0.0,False,False,False
defihacklabs,defihacklabs/2024-09_PLN,price_oracle_manipulation,69,gen,price_oracle_probe,random,4.0,0.1067,False,False,False
defihacklabs,defihacklabs/2024-09_PLN,price_oracle_manipulation,70,gen,price_oracle_probe,greedy,0.0,0.0,False,False,False
defihacklabs,defihacklabs/2024-09_PLN,price_oracle_manipulation,71,gen,price_oracle_probe,greedy,0.0,0.0,False,False,False
defihacklabs,defihacklabs/2024-09_PLN,price_oracle_manipulation,72,mut,call_insert,greedy,0.0,0.0,False,False,False
defihacklabs,defihacklabs/2024-09_PLN,price_oracle_manipulation,73,gen,access_control_probe,greedy,0.0,0.0,False,False,False
defihacklabs,defihacklabs/2024-09_PLN,price_oracle_manipulation,74,mut,value_perturb,greedy,0.0,0.4267,False,False,False
defihacklabs,defihacklabs/2024-09_PLN,price_oracle_manipulation,75,mut,value_perturb,greedy,0.0,0.0,False,False,False
defihacklabs,defihacklabs/2024-09_PLN,price_oracle_manipulation,76,mut,call_swap,greedy,0.0,0.0533,False,False,False
defihacklabs,defihacklabs/2024-09_PLN,price_oracle_manipulation,77,mut,call_swap,greedy,0.0,0.3378,False,False,False
defihacklabs,defihacklabs/2024-09_PLN,price_oracle_manipulation,78,mut,call_swap,greedy,0.0,0.0356,False,False,False
defihacklabs,defihacklabs/2024-09_PLN,price_oracle_manipulation,79,mut,call_swap,greedy,0.0,0.4978,False,False,False
defihacklabs,defihacklabs/2024-09_PLN,price_oracle_manipulation,80,mut,call_swap,random,3.0,0.5867,False,False,False
defihacklabs,defihacklabs/2024-09_PLN,price_oracle_manipulation,81,mut,call_swap,greedy,0.0,0.0889,False,False,False
defihacklabs,defihacklabs/2024-09_PLN,price_oracle_manipulation,82,mut,call_swap,greedy,0.0,0.0,False,False,False
defihacklabs,defihacklabs/2024-09_PLN,price_oracle_manipulation,83,mut,call_swap,greedy,0.0,0.0,False,False,False
defihacklabs,defihacklabs/2024-09_PLN,price_oracle_manipulation,84,mut,call_swap,greedy,0.0,0.0,False,False,False
defihacklabs,defihacklabs/2024-09_PLN,price_oracle_manipulation,85,mut,call_swap,greedy,0.0,0.0,False,False,False
defihacklabs,defihacklabs/2024-09_PLN,price_oracle_manipulation,86,mut,value_perturb,greedy,0.0,0.32,False,False,False
defihacklabs,defihacklabs/2024-09_PLN,price_oracle_manipulation,87,mut,value_perturb,greedy,0.0,0.0,False,False,False
defihacklabs,defihacklabs/2024-09_PLN,price_oracle_manipulation,88,mut,call_insert,greedy,0.0,0.0,False,False,False
defihacklabs,defihacklabs/2024-09_PLN,price_oracle_manipulation,89,gen,price_oracle_probe,greedy,0.0,0.0,False,False,False
defihacklabs,defihacklabs/2024-09_PLN,price_oracle_manipulation,90,mut,value_perturb,greedy,0.0,0.0,False,False,False
defihacklabs,defihacklabs/2024-09_PLN,price_oracle_manipulation,91,mut,value_perturb,greedy,0.0,0.0,False,False,False
defihacklabs,defihacklabs/2024-09_PLN,price_oracle_manipulation,92,gen,reentrancy_probe,greedy,0.0,0.0,False,False,False
defihacklabs,defihacklabs/2024-09_PLN,price_oracle_manipulation,93,mut,value_perturb,greedy,0.0,0.0,False,False,False
defihacklabs,defihacklabs/2024-09_PLN,price_oracle_manipulation,94,mut,arg_shuffle,greedy,0.0,0.0,False,False,False
defihacklabs,defihacklabs/2024-09_PLN,price_oracle_manipulation,95,gen,access_control_probe,greedy,0.0,0.0,False,False,False
defihacklabs,defihacklabs/2024-09_PLN,price_oracle_manipulation,96,gen,logic_error_probe,greedy,0.0,0.0,False,False,False
defihacklabs,defihacklabs/2024-09_PLN,price_oracle_manipulation,97,gen,arithmetic_probe,random,0.0,0.0889,False,False,False
defihacklabs,defihacklabs/2024-09_PLN,price_oracle_manipulation,98,gen,price_oracle_probe,random,6.0,1.5822,False,False,False
defihacklabs,defihacklabs/2024-09_PLN,price_oracle_manipulation,99,gen,price_oracle_probe,greedy,0.0,0.0,False,False,False
defihacklabs,defihacklabs/2022-10_BEGO,arbitrary_mint,0,gen,reentrancy_probe,random,53.0,1.9273,False,False,False
defihacklabs,defihacklabs/2022-10_BEGO,arbitrary_mint,1,gen,arithmetic_probe,greedy,0.0,0.5818,False,False,False
defihacklabs,defihacklabs/2022-10_BEGO,arbitrary_mint,2,gen,access_control_probe,greedy,0.0,0.5818,False,False,False
defihacklabs,defihacklabs/2022-10_BEGO,arbitrary_mint,3,gen,price_oracle_probe,random,26.0,1.7091,False,False,False
defihacklabs,defihacklabs/2022-10_BEGO,arbitrary_mint,4,gen,logic_error_probe,random,0.0,0.5818,False,False,False
defihacklabs,defihacklabs/2022-10_BEGO,arbitrary_mint,5,mut,value_perturb,greedy,0.0,0.5818,False,False,False
defihacklabs,defihacklabs/2022-10_BEGO,arbitrary_mint,6,mut,call_insert,random,26.0,52.0,True,False,True
defihacklabs,defihacklabs/2022-10_BEGO,arbitrary_mint,7,mut,call_swap,greedy,0.0,0.5091,False,False,False
defihacklabs,defihacklabs/2022-10_BEGO,arbitrary_mint,8,mut,arg_shuffle,random,0.0,1.7091,False,False,False
defihacklabs,defihacklabs/2022-10_BEGO,arbitrary_mint,9,gen,reentrancy_probe,greedy,0.0,0.0,False,False,False
defihacklabs,defihacklabs/2022-10_BEGO,arbitrary_mint,10,gen,arithmetic_probe,greedy,0.0,0.0,False,False,False
defihacklabs,defihacklabs/2022-10_BEGO,arbitrary_mint,11,gen,access_control_probe,greedy,0.0,0.2909,False,False,False
defihacklabs,defihacklabs/2022-10_BEGO,arbitrary_mint,12,gen,price_oracle_probe,random,11.0,1.4182,False,False,False
defihacklabs,defihacklabs/2022-10_BEGO,arbitrary_mint,13,gen,logic_error_probe,greedy,0.0,0.2909,False,False,False
defihacklabs,defihacklabs/2022-10_BEGO,arbitrary_mint,14,mut,value_perturb,greedy,0.0,1.2,False,False,False
defihacklabs,defihacklabs/2022-10_BEGO,arbitrary_mint,15,mut,call_insert,greedy,0.0,0.2909,False,False,False
defihacklabs,defihacklabs/2022-10_BEGO,arbitrary_mint,16,mut,call_swap,greedy,0.0,0.0,False,False,False
defihacklabs,defihacklabs/2022-10_BEGO,arbitrary_mint,17,mut,arg_shuffle,greedy,0.0,0.2909,False,False,False
defihacklabs,defihacklabs/2022-10_BEGO,arbitrary_mint,18,mut,call_insert,greedy,0.0,0.7636,False,False,False
defihacklabs,defihacklabs/2022-10_BEGO,arbitrary_mint,19,mut,call_insert,greedy,8.0,2.6182,False,True,False
defihacklabs,defihacklabs/2022-10_BEGO,arbitrary_mint,20,mut,call_insert,greedy,0.0,0.2909,False,False,False
defihacklabs,defihacklabs/2022-10_BEGO,arbitrary_mint,21,mut,call_insert,greedy,0.0,0.7636,False,False,False
defihacklabs,defihacklabs/2022-10_BEGO,arbitrary_mint,22,mut,call_insert,greedy,0.0,0.1091,False,False,False
defihacklabs,defihacklabs/2022-10_BEGO,arbitrary_mint,23,mut,call_insert,random,0.0,0.0,False,False,False
defihacklabs,defihacklabs/2022-10_BEGO,arbitrary_mint,24,mut,call_insert,greedy,0.0,0.0,False,False,False
defihacklabs,defihacklabs/2022-10_BEGO,arbitrary_mint,25,gen,price_oracle_probe,greedy,0.0,0.0,False,False,False
defihacklabs,defihacklabs/2022-10_BEGO,arbitrary_mint,26,gen,arithmetic_probe,greedy,1.0,1.6364,False,False,False
defihacklabs,defihacklabs/2022-10_BEGO,arbitrary_mint,27,gen,arithmetic_probe,greedy,0.0,0.2182,False,False,False
defihacklabs,defihacklabs/2022-10_BEGO,arbitrary_mint,28,mut,value_perturb,greedy,0.0,1.3455,False,False,False
defihacklabs,defihacklabs/2022-10_BEGO,arbitrary_mint,29,mut,value_perturb,greedy,0.0,0.0727,False,False,False
defihacklabs,defihacklabs/2022-10_BEGO,arbitrary_mint,30,mut,arg_shuffle,greedy,0.0,0.8,False,False,False
defihacklabs,defihacklabs/2022-10_BEGO,arbitrary_mint,31,mut,arg_shuffle,greedy,0.0,0.4727,False,False,False
defihacklabs,defihacklabs/2022-10_BEGO,arbitrary_mint,32,mut,arg_shuffle,random,0.0,0.0,False,False,False
defihacklabs,defihacklabs/2022-10_BEGO,arbitrary_mint,33,mut,value_perturb,greedy,1.0,0.8727,False,True,False
defihacklabs,defihacklabs/2022-10_BEGO,arbitrary_mint,34,mut,value_perturb,greedy,0.0,0.0,False,False,False
defihacklabs,defihacklabs/2022-10_BEGO,arbitrary_mint,35,gen,price_oracle_probe,greedy,1.0,1.0182,False,False,False
defihacklabs,defihacklabs/2022-10_BEGO,arbitrary_mint,36,mut,call_swap,greedy,0.0,0.3636,False,False,False
defihacklabs,defihacklabs/2022-10_BEGO,arbitrary_mint,37,gen,price_oracle_probe,greedy,0.0,0.0,False,False,False
defihacklabs,defihacklabs/2022-10_BEGO,arbitrary_mint,38,gen,arithmetic_probe,greedy,0.0,0.0,False,False,False
defihacklabs,defihacklabs/2022-10_BEGO,arbitrary_mint,39,gen,reentrancy_probe,random,0.0,0.4364,False,False,False
defihacklabs,defihacklabs/2022-10_BEGO,arbitrary_mint,40,gen,reentrancy_probe,random,0.0,1.2364,False,False,False
defihacklabs,defihacklabs/2022-10_BEGO,arbitrary_mint,41,mut,call_insert,greedy,0.0,0.0364,False,False,False
defihacklabs,defihacklabs/2022-10_BEGO,arbitrary_mint,42,gen,reentrancy_probe,greedy,0.0,0.0,False,False,False
defihacklabs,defihacklabs/2022-10_BEGO,arbitrary_mint,43,gen,reentrancy_probe,greedy,0.0,0.0,False,False,False
defihacklabs,defihacklabs/2022-10_BEGO,arbitrary_mint,44,gen,price_oracle_probe,greedy,0.0,0.0,False,False,False
defihacklabs,defihacklabs/2022-10_BEGO,arbitrary_mint,45,mut,arg_shuffle,greedy,0.0,0.9818,False,False,False
defihacklabs,defihacklabs/2022-10_BEGO,arbitrary_mint,46,mut,arg_shuffle,greedy,0.0,0.0,False,True,False
defihacklabs,defihacklabs/2022-10_BEGO,arbitrary_mint,47,mut,value_perturb,greedy,0.0,0.0,False,False,False
defihacklabs,defihacklabs/2022-10_BEGO,arbitrary_mint,48,gen,access_control_probe,greedy,0.0,0.0,False,False,False
defihacklabs,defihacklabs/2022-10_BEGO,arbitrary_mint,49,gen,logic_error_probe,greedy,0.0,0.2909,False,False,False
defihacklabs,defihacklabs/2022-10_BEGO,arbitrary_mint,50,gen,logic_error_probe,greedy,0.0,0.0727,False,False,False
defihacklabs,defihacklabs/2022-10_BEGO,arbitrary_mint,51,mut,arg_shuffle,greedy,0.0,0.0,False,False,False
defihacklabs,defihacklabs/2022-10_BEGO,arbitrary_mint,52,gen,arithmetic_probe,greedy,0.0,0.0,False,False,False
defihacklabs,defihacklabs/2022-10_BEGO,arbitrary_mint,53,mut,call_swap,greedy,0.0,0.5455,False,True,False
defihacklabs,defihacklabs/2022-10_BEGO,arbitrary_mint,54,mut,call_swap,greedy,0.0,0.4364,False,False,False
defihacklabs,defihacklabs/2022-10_BEGO,arbitrary_mint,55,gen,price_oracle_probe,greedy,0.0,0.0,False,False,False
defihacklabs,defihacklabs/2022-10_BEGO,arbitrary_mint,56,gen,access_control_probe,greedy,0.0,1.0545,False,False,False
defihacklabs,defihacklabs/2022-10_BEGO,arbitrary_mint,57,gen,access_control_probe,greedy,0.0,0.0,False,False,False
defihacklabs,defihacklabs/2022-10_BEGO,arbitrary_mint,58,gen,logic_error_probe,greedy,0.0,1.1636,False,False,False
defihacklabs,defihacklabs/2022-10_BEGO,arbitrary_mint,59,mut,value_perturb,greedy,0.0,0.0,False,True,False
defihacklabs,defihacklabs/2022-10_BEGO,arbitrary_mint,60,mut,arg_shuffle,greedy,0.0,0.0,False,True,False
defihacklabs,defihacklabs/2022-10_BEGO,arbitrary_mint,61,gen,arithmetic_probe,greedy,0.0,0.1818,False,False,False
defihacklabs,defihacklabs/2022-10_BEGO,arbitrary_mint,62,gen,arithmetic_probe,greedy,0.0,0.4,False,False,False
defihacklabs,defihacklabs/2022-10_BEGO,arbitrary_mint,63,gen,reentrancy_probe,greedy,0.0,0.0,False,False,False
defihacklabs,defihacklabs/2022-10_BEGO,arbitrary_mint,64,gen,price_oracle_probe,greedy,0.0,0.0,False,False,False
defihacklabs,defihacklabs/2022-10_BEGO,arbitrary_mint,65,mut,call_swap,greedy,0.0,0.9818,False,True,False
defihacklabs,defihacklabs/2022-10_BEGO,arbitrary_mint,66,mut,call_swap,greedy,0.0,0.0364,False,False,False
defihacklabs,defihacklabs/2022-10_BEGO,arbitrary_mint,67,gen,reentrancy_probe,random,0.0,0.0,False,False,False
defihacklabs,defihacklabs/2022-10_BEGO,arbitrary_mint,68,mut,call_swap,greedy,0.0,0.0,False,False,False
defihacklabs,defihacklabs/2022-10_BEGO,arbitrary_mint,69,gen,logic_error_probe,random,2.0,2.1091,False,False,False
defihacklabs,defihacklabs/2022-10_BEGO,arbitrary_mint,70,mut,value_perturb,greedy,0.0,0.0,False,True,False
defihacklabs,defihacklabs/2022-10_BEGO,arbitrary_mint,71,gen,logic_error_probe,greedy,0.0,0.0,False,False,False
defihacklabs,defihacklabs/2022-10_BEGO,arbitrary_mint,72,mut,arg_shuffle,greedy,0.0,0.0,False,False,False
defihacklabs,defihacklabs/2022-10_BEGO,arbitrary_mint,73,gen,logic_error_probe,greedy,0.0,0.0,False,False,False
defihacklabs,defihacklabs/2022-10_BEGO,arbitrary_mint,74,gen,logic_error_probe,greedy,0.0,0.0,False,False,False
defihacklabs,defihacklabs/2022-10_BEGO,arbitrary_mint,75,mut,call_swap,greedy,0.0,0.0,False,False,False
defihacklabs,defihacklabs/2022-10_BEGO,arbitrary_mint,76,gen,logic_error_probe,greedy,0.0,0.0,False,False,False
defihacklabs,defihacklabs/2022-10_BEGO,arbitrary_mint,77,gen,price_oracle_probe,greedy,0.0,0.0,False,False,False
defihacklabs,defihacklabs/2022-10_BEGO,arbitrary_mint,78,mut,call_insert,greedy,0.0,0.0364,False,False,False
defihacklabs,defihacklabs/2022-10_BEGO,arbitrary_mint,79,gen,logic_error_probe,greedy,0.0,0.0,False,False,False
defihacklabs,defihacklabs/2022-10_BEGO,arbitrary_mint,80,gen,access_control_probe,greedy,0.0,0.0,False,False,False
defihacklabs,defihacklabs/2022-10_BEGO,arbitrary_mint,81,gen,arithmetic_probe,greedy,0.0,0.0364,False,False,False
defihacklabs,defihacklabs/2022-10_BEGO,arbitrary_mint,82,mut,call_swap,greedy,0.0,0.0,False,False,False
defihacklabs,defihacklabs/2022-10_BEGO,arbitrary_mint,83,gen,arithmetic_probe,greedy,0.0,0.0,False,False,False
defihacklabs,defihacklabs/2022-10_BEGO,arbitrary_mint,84,gen,access_control_probe,greedy,0.0,0.0,False,False,False
defihacklabs,defihacklabs/2022-10_BEGO,arbitrary_mint,85,mut,call_insert,greedy,0.0,0.0,False,False,False
defihacklabs,defihacklabs/2022-10_BEGO,arbitrary_mint,86,mut,value_perturb,random,0.0,0.5091,False,False,False
defihacklabs,defihacklabs/2022-10_BEGO,arbitrary_mint,87,gen,arithmetic_probe,greedy,0.0,0.0,False,False,False
defihacklabs,defihacklabs/2022-10_BEGO,arbitrary_mint,88,gen,access_control_probe,greedy,0.0,0.0,False,False,False
defihacklabs,defihacklabs/2022-10_BEGO,arbitrary_mint,89,mut,call_insert,greedy,0.0,0.0,False,False,False
defihacklabs,defihacklabs/2022-10_BEGO,arbitrary_mint,90,gen,reentrancy_probe,greedy,0.0,0.0,False,False,False
defihacklabs,defihacklabs/2022-10_BEGO,arbitrary_mint,91,gen,reentrancy_probe,greedy,0.0,0.0,False,False,False
defihacklabs,defihacklabs/2022-10_BEGO,arbitrary_mint,92,gen,arithmetic_probe,greedy,0.0,0.0,False,False,False
defihacklabs,defihacklabs/2022-10_BEGO,arbitrary_mint,93,mut,call_insert,greedy,0.0,0.0,False,False,False
defihacklabs,defihacklabs/2022-10_BEGO,arbitrary_mint,94,mut,call_swap,greedy,0.0,0.0,False,True,False
defihacklabs,defihacklabs/2022-10_BEGO,arbitrary_mint,95,gen,logic_error_probe,greedy,0.0,0.0,False,False,False
defihacklabs,defihacklabs/2022-10_BEGO,arbitrary_mint,96,gen,access_control_probe,greedy,0.0,0.0,False,False,False
defihacklabs,defihacklabs/2022-10_BEGO,arbitrary_mint,97,gen,price_oracle_probe,greedy,0.0,0.0,False,False,False
defihacklabs,defihacklabs/2022-10_BEGO,arbitrary_mint,98,gen,access_control_probe,greedy,0.0,0.0,False,False,False
defihacklabs,defihacklabs/2022-10_BEGO,arbitrary_mint,99,mut,value_perturb,greedy,0.0,0.0,False,False,False
defihacklabs,defihacklabs/2023-05_FAPEN,business_logic,0,gen,reentrancy_probe,greedy,16.0,0.9412,False,False,False
defihacklabs,defihacklabs/2023-05_FAPEN,business_logic,1,gen,arithmetic_probe,greedy,9.0,1.1765,False,False,False
defihacklabs,defihacklabs/2023-05_FAPEN,business_logic,2,gen,access_control_probe,greedy,0.0,0.9412,False,False,False
defihacklabs,defihacklabs/2023-05_FAPEN,business_logic,3,gen,price_oracle_probe,greedy,2.0,0.8235,False,False,False
defihacklabs,defihacklabs/2023-05_FAPEN,business_logic,4,gen,logic_error_probe,random,29.0,2.9412,False,False,False
defihacklabs,defihacklabs/2023-05_FAPEN,business_logic,5,mut,value_perturb,greedy,0.0,2.9412,False,False,False
defihacklabs,defihacklabs/2023-05_FAPEN,business_logic,6,mut,call_insert,greedy,0.0,2.9412,False,False,False
defihacklabs,defihacklabs/2023-05_FAPEN,business_logic,7,mut,call_swap,greedy,0.0,0.9412,False,False,False
defihacklabs,defihacklabs/2023-05_FAPEN,business_logic,8,mut,arg_shuffle,random,0.0,2.9412,False,False,False
defihacklabs,defihacklabs/2023-05_FAPEN,business_logic,9,gen,reentrancy_probe,greedy,0.0,0.0,False,False,False
defihacklabs,defihacklabs/2023-05_FAPEN,business_logic,10,gen,arithmetic_probe,greedy,0.0,0.0,False,False,False
defihacklabs,defihacklabs/2023-05_FAPEN,business_logic,11,gen,access_control_probe,random,0.0,0.2941,False,False,False
defihacklabs,defihacklabs/2023-05_FAPEN,business_logic,12,gen,price_oracle_probe,greedy,0.0,0.0,False,False,False
defihacklabs,defihacklabs/2023-05_FAPEN,business_logic,13,gen,logic_error_probe,greedy,2.0,0.1176,False,False,False
defihacklabs,defihacklabs/2023-05_FAPEN,business_logic,14,mut,value_perturb,greedy,0.0,0.3529,False,False,False
defihacklabs,defihacklabs/2023-05_FAPEN,business_logic,15,mut,call_insert,greedy,4.0,0.2353,False,False,False
defihacklabs,defihacklabs/2023-05_FAPEN,business_logic,16,mut,call_swap,random,1.0,1.1176,False,False,False
defihacklabs,defihacklabs/2023-05_FAPEN,business_logic,17,mut,arg_shuffle,greedy,0.0,0.0,False,False,False
defihacklabs,defihacklabs/2023-05_FAPEN,business_logic,18,mut,value_perturb,greedy,0.0,0.0,False,False,False
defihacklabs,defihacklabs/2023-05_FAPEN,business_logic,19,mut,call_insert,greedy,0.0,0.0,False,False,False
defihacklabs,defihacklabs/2023-05_FAPEN,business_logic,20,mut,call_swap,greedy,0.0,0.0,False,False,False
defihacklabs,defihacklabs/2023-05_FAPEN,business_logic,21,gen,logic_error_probe,greedy,3.0,0.3529,False,False,False
defihacklabs,defihacklabs/2023-05_FAPEN,business_logic,22,mut,arg_shuffle,greedy,0.0,0.0,False,False,False
defihacklabs,defihacklabs/2023-05_FAPEN,business_logic,23,gen,logic_error_probe,random,11.0,50.8235,True,False,True
defihacklabs,defihacklabs/2023-05_FAPEN,business_logic,24,gen,logic_error_probe,greedy,0.0,0.0,False,False,False
defihacklabs,defihacklabs/2023-05_FAPEN,business_logic,25,gen,logic_error_probe,random,0.0,0.0,False,False,False
defihacklabs,defihacklabs/2023-05_FAPEN,business_logic,26,gen,logic_error_probe,greedy,0.0,0.0,False,False,False
defihacklabs,defihacklabs/2023-05_FAPEN,business_logic,27,gen,logic_error_probe,greedy,0.0,0.0,False,False,False
defihacklabs,defihacklabs/2023-05_FAPEN,business_logic,28,gen,logic_error_probe,greedy,2.0,0.1176,False,False,False
defihacklabs,defihacklabs/2023-05_FAPEN,business_logic,29,gen,logic_error_probe,greedy,0.0,0.0,False,False,False
defihacklabs,defihacklabs/2023-05_FAPEN,business_logic,30,gen,logic_error_probe,greedy,2.0,0.2353,False,False,False
defihacklabs,defihacklabs/2023-05_FAPEN,business_logic,31,gen,logic_error_probe,greedy,0.0,0.0,False,False,False
defihacklabs,defihacklabs/2023-05_FAPEN,business_logic,32,mut,arg_shuffle,greedy,0.0,0.0,False,False,False
defihacklabs,defihacklabs/2023-05_FAPEN,business_logic,33,gen,reentrancy_probe,greedy,0.0,0.0,False,False,False
defihacklabs,defihacklabs/2023-05_FAPEN,business_logic,34,gen,logic_error_probe,random,2.0,0.2353,False,False,False
defihacklabs,defihacklabs/2023-05_FAPEN,business_logic,35,gen,logic_error_probe,greedy,0.0,0.0,False,False,False
defihacklabs,defihacklabs/2023-05_FAPEN,business_logic,36,gen,logic_error_probe,greedy,0.0,0.0,False,False,False
defihacklabs,defihacklabs/2023-05_FAPEN,business_logic,37,gen,logic_error_probe,greedy,0.0,0.0,False,False,False
defihacklabs,defihacklabs/2023-05_FAPEN,business_logic,38,gen,logic_error_probe,greedy,0.0,0.0,False,False,False
defihacklabs,defihacklabs/2023-05_FAPEN,business_logic,39,gen,logic_error_probe,greedy,0.0,0.0,False,False,False
defihacklabs,defihacklabs/2023-05_FAPEN,business_logic,40,mut,value_perturb,greedy,0.0,0.0,False,False,False
defihacklabs,defihacklabs/2023-05_FAPEN,business_logic,41,mut,call_insert,greedy,0.0,0.7647,True,True,False
defihacklabs,defihacklabs/2023-05_FAPEN,business_logic,42,mut,call_insert,greedy,0.0,0.0,False,False,False
defihacklabs,defihacklabs/2023-05_FAPEN,business_logic,43,mut,call_swap,greedy,0.0,0.0,False,False,False
defihacklabs,defihacklabs/2023-05_FAPEN,business_logic,44,gen,access_control_probe,greedy,0.0,0.1765,False,False,False
defihacklabs,defihacklabs/2023-05_FAPEN,business_logic,45,mut,call_insert,greedy,0.0,0.1765,False,False,False
defihacklabs,defihacklabs/2023-05_FAPEN,business_logic,46,gen,arithmetic_probe,greedy,0.0,0.4118,False,False,False
defihacklabs,defihacklabs/2023-05_FAPEN,business_logic,47,gen,arithmetic_probe,random,0.0,0.1176,False,False,False
defihacklabs,defihacklabs/2023-05_FAPEN,business_logic,48,gen,access_control_probe,greedy,0.0,0.2941,False,False,False
defihacklabs,defihacklabs/2023-05_FAPEN,business_logic,49,gen,access_control_probe,greedy,0.0,0.0,False,False,False
defihacklabs,defihacklabs/2023-05_FAPEN,business_logic,50,mut,call_insert,greedy,0.0,0.0,False,False,False
defihacklabs,defihacklabs/2023-05_FAPEN,business_logic,51,gen,arithmetic_probe,random,3.0,3.8235,False,False,False
defihacklabs,defihacklabs/2023-05_FAPEN,business_logic,52,gen,arithmetic_probe,random,2.0,1.1176,True,False,True
defihacklabs,defihacklabs/2023-05_FAPEN,business_logic,53,gen,arithmetic_probe,greedy,0.0,0.0,False,False,False
defihacklabs,defihacklabs/2023-05_FAPEN,business_logic,54,gen,arithmetic_probe,greedy,0.0,0.0,False,False,False
defihacklabs,defihacklabs/2023-05_FAPEN,business_logic,55,gen,arithmetic_probe,random,0.0,0.4118,False,False,False
defihacklabs,defihacklabs/2023-05_FAPEN,business_logic,56,gen,arithmetic_probe,greedy,0.0,0.0,False,False,False
defihacklabs,defihacklabs/2023-05_FAPEN,business_logic,57,mut,value_perturb,greedy,0.0,0.7059,True,True,False
defihacklabs,defihacklabs/2023-05_FAPEN,business_logic,58,gen,price_oracle_probe,random,1.0,1.7353,False,False,False
defihacklabs,defihacklabs/2023-05_FAPEN,business_logic,59,gen,price_oracle_probe,greedy,0.0,0.0,False,False,False
defihacklabs,defihacklabs/2023-05_FAPEN,business_logic,60,gen,price_oracle_probe,greedy,0.0,0.0,False,False,False
defihacklabs,defihacklabs/2023-05_FAPEN,business_logic,61,gen,price_oracle_probe,greedy,0.0,0.0,False,False,False
defihacklabs,defihacklabs/2023-05_FAPEN,business_logic,62,gen,arithmetic_probe,random,0.0,0.0588,False,False,False
defihacklabs,defihacklabs/2023-05_FAPEN,business_logic,63,gen,access_control_probe,greedy,0.0,0.0,False,False,False
defihacklabs,defihacklabs/2023-05_FAPEN,business_logic,64,mut,call_swap,greedy,0.0,0.2353,False,False,False
defihacklabs,defihacklabs/2023-05_FAPEN,business_logic,65,mut,call_swap,greedy,0.0,0.0,False,False,False
defihacklabs,defihacklabs/2023-05_FAPEN,business_logic,66,mut,arg_shuffle,greedy,0.0,0.1765,False,False,False
defihacklabs,defihacklabs/2023-05_FAPEN,business_logic,67,gen,price_oracle_probe,greedy,0.0,0.0588,False,False,False
defihacklabs,defihacklabs/2023-05_FAPEN,business_logic,68,mut,value_perturb,greedy,0.0,0.1765,False,False,False
defihacklabs,defihacklabs/2023-05_FAPEN,business_logic,69,mut,value_perturb,greedy,0.0,0.0,False,False,False
defihacklabs,defihacklabs/2023-05_FAPEN,business_logic,70,gen,reentrancy_probe,greedy,0.0,0.0,False,False,False
defihacklabs,defihacklabs/2023-05_FAPEN,business_logic,71,mut,call_swap,greedy,0.0,0.0,False,False,False
defihacklabs,defihacklabs/2023-05_FAPEN,business_logic,72,mut,value_perturb,random,0.0,0.0,False,False,False
defihacklabs,defihacklabs/2023-05_FAPEN,business_logic,73,gen,price_oracle_probe,greedy,0.0,0.0,False,False,False
defihacklabs,defihacklabs/2023-05_FAPEN,business_logic,74,gen,arithmetic_probe,random,0.0,0.0,True,False,True
defihacklabs,defihacklabs/2023-05_FAPEN,business_logic,75,mut,call_insert,greedy,0.0,0.2353,False,False,False
defihacklabs,defihacklabs/2023-05_FAPEN,business_logic,76,mut,call_insert,greedy,0.0,0.1176,False,False,False
defihacklabs,defihacklabs/2023-05_FAPEN,business_logic,77,mut,call_insert,greedy,0.0,0.0,False,False,False
defihacklabs,defihacklabs/2023-05_FAPEN,business_logic,78,mut,arg_shuffle,greedy,0.0,0.1176,False,False,False
defihacklabs,defihacklabs/2023-05_FAPEN,business_logic,79,mut,value_perturb,greedy,0.0,0.0,True,True,False
defihacklabs,defihacklabs/2023-05_FAPEN,business_logic,80,mut,arg_shuffle,greedy,0.0,0.0,False,False,False
defihacklabs,defihacklabs/2023-05_FAPEN,business_logic,81,mut,call_insert,greedy,0.0,0.0,False,False,False
defihacklabs,defihacklabs/2023-05_FAPEN,business_logic,82,gen,reentrancy_probe,greedy,0.0,0.0,False,False,False
defihacklabs,defihacklabs/2023-05_FAPEN,business_logic,83,gen,access_control_probe,greedy,0.0,0.5882,False,False,False
defihacklabs,defihacklabs/2023-05_FAPEN,business_logic,84,gen,access_control_probe,random,0.0,0.5882,False,False,False
defihacklabs,defihacklabs/2023-05_FAPEN,business_logic,85,gen,access_control_probe,greedy,0.0,0.1176,False,False,False
defihacklabs,defihacklabs/2023-05_FAPEN,business_logic,86,gen,access_control_probe,random,0.0,0.0,False,False,False
defihacklabs,defihacklabs/2023-05_FAPEN,business_logic,87,mut,arg_shuffle,random,0.0,0.3529,False,False,False
defihacklabs,defihacklabs/2023-05_FAPEN,business_logic,88,mut,arg_shuffle,random,0.0,0.5294,True,True,False
defihacklabs,defihacklabs/2023-05_FAPEN,business_logic,89,mut,arg_shuffle,greedy,0.0,0.0,False,False,False
defihacklabs,defihacklabs/2023-05_FAPEN,business_logic,90,gen,arithmetic_probe,greedy,0.0,0.0,False,False,False
defihacklabs,defihacklabs/2023-05_FAPEN,business_logic,91,mut,call_insert,greedy,0.0,0.0,False,False,False
defihacklabs,defihacklabs/2023-05_FAPEN,business_logic,92,gen,reentrancy_probe,greedy,0.0,0.0,False,False,False
defihacklabs,defihacklabs/2023-05_FAPEN,business_logic,93,mut,value_perturb,greedy,0.0,0.0,False,False,False
defihacklabs,defihacklabs/2023-05_FAPEN,business_logic,94,mut,call_swap,greedy,0.0,0.4118,False,False,False
defihacklabs,defihacklabs/2023-05_FAPEN,business_logic,95,mut,call_swap,greedy,0.0,0.0,False,False,False
defihacklabs,defihacklabs/2023-05_FAPEN,business_logic,96,mut,call_swap,random,0.0,0.1765,False,False,False
defihacklabs,defihacklabs/2023-05_FAPEN,business_logic,97,mut,call_swap,greedy,0.0,0.0,False,False,False
defihacklabs,defihacklabs/2023-05_FAPEN,business_logic,98,mut,call_swap,greedy,0.0,0.0,False,False,False
defihacklabs,defihacklabs/2023-05_FAPEN,business_logic,99,gen,access_control_probe,greedy,0.0,0.0588,False,False,False
defihacklabs,defihacklabs/2024-09_WXETA,arbitrary_mint,0,gen,reentrancy_probe,random,36.0,2.4828,False,False,False
defihacklabs,defihacklabs/2024-09_WXETA,arbitrary_mint,1,gen,arithmetic_probe,greedy,0.0,1.1724,False,False,False
defihacklabs,defihacklabs/2024-09_WXETA,arbitrary_mint,2,gen,access_control_probe,greedy,0.0,1.5862,False,False,False
defihacklabs,defihacklabs/2024-09_WXETA,arbitrary_mint,3,gen,price_oracle_probe,greedy,4.0,0.8966,False,False,False
defihacklabs,defihacklabs/2024-09_WXETA,arbitrary_mint,4,gen,logic_error_probe,greedy,2.0,1.3103,False,False,False
defihacklabs,defihacklabs/2024-09_WXETA,arbitrary_mint,5,mut,value_perturb,greedy,0.0,1.3103,False,False,False
defihacklabs,defihacklabs/2024-09_WXETA,arbitrary_mint,6,mut,call_insert,greedy,3.0,1.931,False,False,False
defihacklabs,defihacklabs/2024-09_WXETA,arbitrary_mint,7,mut,call_swap,greedy,3.0,2.069,False,False,False
defihacklabs,defihacklabs/2024-09_WXETA,arbitrary_mint,8,mut,arg_shuffle,greedy,0.0,1.931,False,False,False
defihacklabs,defihacklabs/2024-09_WXETA,arbitrary_mint,9,gen,reentrancy_probe,greedy,5.0,0.5517,False,False,False
defihacklabs,defihacklabs/2024-09_WXETA,arbitrary_mint,10,gen,arithmetic_probe,greedy,0.0,0.4138,False,False,False
defihacklabs,defihacklabs/2024-09_WXETA,arbitrary_mint,11,gen,access_control_probe,greedy,0.0,0.0,False,False,False
defihacklabs,defihacklabs/2024-09_WXETA,arbitrary_mint,12,gen,price_oracle_probe,greedy,1.0,0.6207,False,False,False
defihacklabs,defihacklabs/2024-09_WXETA,arbitrary_mint,13,gen,logic_error_probe,random,0.0,0.8966,False,False,False
defihacklabs,defihacklabs/2024-09_WXETA,arbitrary_mint,14,mut,value_perturb,greedy,0.0,0.0,False,False,False
defihacklabs,defihacklabs/2024-09_WXETA,arbitrary_mint,15,mut,call_insert,greedy,4.0,0.8966,False,False,False
defihacklabs,defihacklabs/2024-09_WXETA,arbitrary_mint,16,mut,call_swap,greedy,0.0,0.2069,False,False,False
defihacklabs,defihacklabs/2024-09_WXETA,arbitrary_mint,17,mut,arg_shuffle,greedy,0.0,0.0,False,False,False
defihacklabs,defihacklabs/2024-09_WXETA,arbitrary_mint,18,mut,call_insert,greedy,1.0,0.4138,False,False,False
defihacklabs,defihacklabs/2024-09_WXETA,arbitrary_mint,19,gen,reentrancy_probe,greedy,0.0,0.0,False,False,False
defihacklabs,defihacklabs/2024-09_WXETA,arbitrary_mint,20,gen,logic_error_probe,greedy,0.0,0.0,False,False,False
defihacklabs,defihacklabs/2024-09_WXETA,arbitrary_mint,21,mut,call_insert,greedy,0.0,0.4828,False,False,False
defihacklabs,defihacklabs/2024-09_WXETA,arbitrary_mint,22,mut,call_swap,random,3.0,0.8966,False,False,False
defihacklabs,defihacklabs/2024-09_WXETA,arbitrary_mint,23,mut,call_swap,greedy,0.0,0.0,False,False,False
defihacklabs,defihacklabs/2024-09_WXETA,arbitrary_mint,24,mut,call_insert,greedy,0.0,0.069,False,False,False
defihacklabs,defihacklabs/2024-09_WXETA,arbitrary_mint,25,gen,price_oracle_probe,greedy,2.0,0.4138,False,False,False
defihacklabs,defihacklabs/2024-09_WXETA,arbitrary_mint,26,gen,arithmetic_probe,greedy,0.0,0.2759,False,False,False
defihacklabs,defihacklabs/2024-09_WXETA,arbitrary_mint,27,mut,arg_shuffle,greedy,0.0,1.1034,False,False,False
defihacklabs,defihacklabs/2024-09_WXETA,arbitrary_mint,28,mut,arg_shuffle,greedy,0.0,0.069,False,False,False
defihacklabs,defihacklabs/2024-09_WXETA,arbitrary_mint,29,gen,price_oracle_probe,greedy,0.0,0.0,False,False,False
defihacklabs,defihacklabs/2024-09_WXETA,arbitrary_mint,30,gen,reentrancy_probe,random,1.0,0.6897,False,False,False
defihacklabs,defihacklabs/2024-09_WXETA,arbitrary_mint,31,gen,reentrancy_probe,greedy,0.0,0.2069,False,False,False
defihacklabs,defihacklabs/2024-09_WXETA,arbitrary_mint,32,mut,arg_shuffle,greedy,0.0,0.0,False,False,False
defihacklabs,defihacklabs/2024-09_WXETA,arbitrary_mint,33,gen,access_control_probe,random,0.0,0.5517,False,False,False
defihacklabs,defihacklabs/2024-09_WXETA,arbitrary_mint,34,gen,access_control_probe,greedy,0.0,0.4828,False,False,False
defihacklabs,defihacklabs/2024-09_WXETA,arbitrary_mint,35,gen,access_control_probe,random,1.0,0.3448,False,False,False
defihacklabs,defihacklabs/2024-09_WXETA,arbitrary_mint,36,gen,logic_error_probe,greedy,0.0,0.0,False,False,False
defihacklabs,defihacklabs/2024-09_WXETA,arbitrary_mint,37,gen,logic_error_probe,greedy,0.0,0.1379,False,False,False
defihacklabs,defihacklabs/2024-09_WXETA,arbitrary_mint,38,gen,access_control_probe,greedy,0.0,0.0,False,False,False
defihacklabs,defihacklabs/2024-09_WXETA,arbitrary_mint,39,gen,reentrancy_probe,greedy,0.0,0.0,False,False,False
defihacklabs,defihacklabs/2024-09_WXETA,arbitrary_mint,40,gen,reentrancy_probe,greedy,0.0,0.0,False,False,False
defihacklabs,defihacklabs/2024-09_WXETA,arbitrary_mint,41,gen,arithmetic_probe,random,0.0,0.1379,False,False,False
defihacklabs,defihacklabs/2024-09_WXETA,arbitrary_mint,42,mut,call_swap,greedy,0.0,0.0,False,False,False
defihacklabs,defihacklabs/2024-09_WXETA,arbitrary_mint,43,mut,value_perturb,greedy,0.0,0.0,False,False,False
defihacklabs,defihacklabs/2024-09_WXETA,arbitrary_mint,44,mut,call_insert,greedy,1.0,0.8966,False,False,False
defihacklabs,defihacklabs/2024-09_WXETA,arbitrary_mint,45,mut,call_insert,greedy,0.0,0.0,False,False,False
defihacklabs,defihacklabs/2024-09_WXETA,arbitrary_mint,46,mut,call_insert,greedy,0.0,0.0,False,False,False
defihacklabs,defihacklabs/2024-09_WXETA,arbitrary_mint,47,gen,arithmetic_probe,greedy,0.0,0.1379,False,False,False
defihacklabs,defihacklabs/2024-09_WXETA,arbitrary_mint,48,gen,price_oracle_probe,greedy,0.0,0.0,False,False,False
defihacklabs,defihacklabs/2024-09_WXETA,arbitrary_mint,49,gen,access_control_probe,greedy,0.0,0.1379,False,False,False
defihacklabs,defihacklabs/2024-09_WXETA,arbitrary_mint,50,mut,call_swap,random,0.0,0.069,False,False,False
defihacklabs,defihacklabs/2024-09_WXETA,arbitrary_mint,51,gen,access_control_probe,greedy,0.0,0.0,False,False,False
defihacklabs,defihacklabs/2024-09_WXETA,arbitrary_mint,52,gen,logic_error_probe,greedy,0.0,0.069,False,False,False
defihacklabs,defihacklabs/2024-09_WXETA,arbitrary_mint,53,mut,call_insert,greedy,0.0,0.0,False,False,False
defihacklabs,defihacklabs/2024-09_WXETA,arbitrary_mint,54,mut,value_perturb,greedy,0.0,0.8966,False,False,False
defihacklabs,defihacklabs/2024-09_WXETA,arbitrary_mint,55,mut,value_perturb,greedy,0.0,0.0,False,False,False
defihacklabs,defihacklabs/2024-09_WXETA,arbitrary_mint,56,mut,call_swap,greedy,0.0,0.5517,False,False,False
defihacklabs,defihacklabs/2024-09_WXETA,arbitrary_mint,57,gen,reentrancy_probe,greedy,0.0,0.0,False,False,False
defihacklabs,defihacklabs/2024-09_WXETA,arbitrary_mint,58,mut,call_swap,greedy,0.0,0.0,False,False,False
defihacklabs,defihacklabs/2024-09_WXETA,arbitrary_mint,59,gen,access_control_probe,random,5.0,5.1034,False,False,False
defihacklabs,defihacklabs/2024-09_WXETA,arbitrary_mint,60,gen,reentrancy_probe,greedy,0.0,0.0,False,False,False
defihacklabs,defihacklabs/2024-09_WXETA,arbitrary_mint,61,mut,arg_shuffle,greedy,0.0,0.0,False,False,False
defihacklabs,defihacklabs/2024-09_WXETA,arbitrary_mint,62,gen,access_control_probe,greedy,0.0,0.2069,False,False,False
defihacklabs,defihacklabs/2024-09_WXETA,arbitrary_mint,63,mut,call_insert,greedy,0.0,0.0,False,False,False
defihacklabs,defihacklabs/2024-09_WXETA,arbitrary_mint,64,gen,access_control_probe,random,1.0,0.1379,False,False,False
defihacklabs,defihacklabs/2024-09_WXETA,arbitrary_mint,65,gen,access_control_probe,greedy,0.0,0.0,False,False,False
defihacklabs,defihacklabs/2024-09_WXETA,arbitrary_mint,66,gen,access_control_probe,greedy,0.0,0.0,False,False,False
defihacklabs,defihacklabs/2024-09_WXETA,arbitrary_mint,67,gen,access_control_probe,greedy,0.0,0.0,False,False,False
defihacklabs,defihacklabs/2024-09_WXETA,arbitrary_mint,68,gen,arithmetic_probe,greedy,0.0,0.6207,False,False,False
defihacklabs,defihacklabs/2024-09_WXETA,arbitrary_mint,69,gen,arithmetic_probe,greedy,0.0,0.069,False,False,False
defihacklabs,defihacklabs/2024-09_WXETA,arbitrary_mint,70,gen,arithmetic_probe,greedy,0.0,0.0,False,False,False
defihacklabs,defihacklabs/2024-09_WXETA,arbitrary_mint,71,gen,access_control_probe,greedy,0.0,0.0,False,False,False
defihacklabs,defihacklabs/2024-09_WXETA,arbitrary_mint,72,gen,arithmetic_probe,greedy,0.0,0.0,False,False,False
defihacklabs,defihacklabs/2024-09_WXETA,arbitrary_mint,73,mut,value_perturb,random,0.0,0.4828,False,False,False
defihacklabs,defihacklabs/2024-09_WXETA,arbitrary_mint,74,mut,value_perturb,greedy,0.0,0.0,False,False,False
defihacklabs,defihacklabs/2024-09_WXETA,arbitrary_mint,75,mut,value_perturb,greedy,0.0,0.0,False,False,False
defihacklabs,defihacklabs/2024-09_WXETA,arbitrary_mint,76,gen,price_oracle_probe,greedy,0.0,0.0,False,False,False
defihacklabs,defihacklabs/2024-09_WXETA,arbitrary_mint,77,mut,call_swap,greedy,0.0,0.0,False,False,False
defihacklabs,defihacklabs/2024-09_WXETA,arbitrary_mint,78,mut,value_perturb,greedy,0.0,0.0,False,False,False
defihacklabs,defihacklabs/2024-09_WXETA,arbitrary_mint,79,gen,logic_error_probe,greedy,0.0,0.0,False,False,False
defihacklabs,defihacklabs/2024-09_WXETA,arbitrary_mint,80,gen,price_oracle_probe,greedy,0.0,0.0,False,False,False
defihacklabs,defihacklabs/2024-09_WXETA,arbitrary_mint,81,mut,arg_shuffle,greedy,0.0,0.0,False,False,False
defihacklabs,defihacklabs/2024-09_WXETA,arbitrary_mint,82,gen,arithmetic_probe,random,0.0,0.4828,False,False,False
defihacklabs,defihacklabs/2024-09_WXETA,arbitrary_mint,83,gen,access_control_probe,greedy,0.0,0.0,False,False,False
defihacklabs,defihacklabs/2024-09_WXETA,arbitrary_mint,84,mut,call_swap,greedy,0.0,0.1379,False,False,False
defihacklabs,defihacklabs/2024-09_WXETA,arbitrary_mint,85,mut,call_swap,greedy,0.0,0.0,False,False,False
defihacklabs,defihacklabs/2024-09_WXETA,arbitrary_mint,86,mut,call_swap,greedy,0.0,0.0,False,False,False
defihacklabs,defihacklabs/2024-09_WXETA,arbitrary_mint,87,mut,value_perturb,greedy,0.0,0.0,False,False,False
defihacklabs,defihacklabs/2024-09_WXETA,arbitrary_mint,88,mut,call_insert,random,0.0,0.0,False,False,False
defihacklabs,defihacklabs/2024-09_WXETA,arbitrary_mint,89,mut,call_swap,greedy,0.0,0.069,False,False,False
defihacklabs,defihacklabs/2024-09_WXETA,arbitrary_mint,90,gen,price_oracle_probe,greedy,0.0,0.0,False,False,False
defihacklabs,defihacklabs/2024-09_WXETA,arbitrary_mint,91,mut,arg_shuffle,greedy,0.0,1.1034,False,False,False
defihacklabs,defihacklabs/2024-09_WXETA,arbitrary_mint,92,mut,arg_shuffle,greedy,0.0,0.0,False,False,False
defihacklabs,defihacklabs/2024-09_WXETA,arbitrary_mint,93,mut,arg_shuffle,random,0.0,0.0,False,False,False
defihacklabs,defihacklabs/2024-09_WXETA,arbitrary_mint,94,gen,arithmetic_probe,greedy,0.0,0.0,False,False,False
defihacklabs,defihacklabs/2024-09_WXETA,arbitrary_mint,95,gen,arithmetic_probe,greedy,0.0,0.0,False,False,False
defihacklabs,defihacklabs/2024-09_WXETA,arbitrary_mint,96,gen,arithmetic_probe,greedy,0.0,0.0,False,False,False
defihacklabs,defihacklabs/2024-09_WXETA,arbitrary_mint,97,gen,logic_error_probe,greedy,0.0,0.0,False,False,False
defihacklabs,defihacklabs/2024-09_WXETA,arbitrary_mint,98,gen,arithmetic_probe,greedy,0.0,0.0,False,False,False
defihacklabs,defihacklabs/2024-09_WXETA,arbitrary_mint,99,gen,logic_error_probe,greedy,0.0,0.0,False,False,False
defihacklabs,defihacklabs/2022-10_Uerii,arbitrary_mint,0,gen,reentrancy_probe,greedy,16.0,1.6,False,False,False
defihacklabs,defihacklabs/2022-10_Uerii,arbitrary_mint,1,gen,arithmetic_probe,greedy,8.0,2.2,False,False,False
defihacklabs,defihacklabs/2022-10_Uerii,arbitrary_mint,2,gen,access_control_probe,greedy,12.0,7.2,True,False,True
defihacklabs,defihacklabs/2022-10_Uerii,arbitrary_mint,3,gen,price_oracle_probe,random,3.0,2.1,False,False,False
defihacklabs,defihacklabs/2022-10_Uerii,arbitrary_mint,4,gen,logic_error_probe,greedy,0.0,2.2,True,False,True
defihacklabs,defihacklabs/2022-10_Uerii,arbitrary_mint,5,mut,value_perturb,random,0.0,1.6,False,False,False
defihacklabs,defihacklabs/2022-10_Uerii,arbitrary_mint,6,mut,call_insert,greedy,0.0,2.6,False,False,False
defihacklabs,defihacklabs/2022-10_Uerii,arbitrary_mint,7,mut,call_swap,greedy,3.0,1.8,False,False,False
defihacklabs,defihacklabs/2022-10_Uerii,arbitrary_mint,8,mut,arg_shuffle,greedy,0.0,2.1,False,False,False
defihacklabs,defihacklabs/2022-10_Uerii,arbitrary_mint,9,gen,reentrancy_probe,greedy,1.0,0.2,False,False,False
defihacklabs,defihacklabs/2022-10_Uerii,arbitrary_mint,10,gen,arithmetic_probe,greedy,1.0,0.4,False,False,False
defihacklabs,defihacklabs/2022-10_Uerii,arbitrary_mint,11,gen,access_control_probe,greedy,0.0,0.2,False,False,False
defihacklabs,defihacklabs/2022-10_Uerii,arbitrary_mint,12,gen,price_oracle_probe,greedy,0.0,0.0,False,False,False
defihacklabs,defihacklabs/2022-10_Uerii,arbitrary_mint,13,gen,logic_error_probe,greedy,0.0,0.0,True,False,True
defihacklabs,defihacklabs/2022-10_Uerii,arbitrary_mint,14,mut,value_perturb,greedy,0.0,0.7,False,False,False
defihacklabs,defihacklabs/2022-10_Uerii,arbitrary_mint,15,mut,call_insert,greedy,0.0,0.1,False,True,False
defihacklabs,defihacklabs/2022-10_Uerii,arbitrary_mint,16,mut,call_swap,greedy,1.0,1.1,False,False,False
defihacklabs,defihacklabs/2022-10_Uerii,arbitrary_mint,17,mut,arg_shuffle,greedy,0.0,1.1,True,True,False
defihacklabs,defihacklabs/2022-10_Uerii,arbitrary_mint,18,gen,access_control_probe,greedy,0.0,0.6,True,False,True
defihacklabs,defihacklabs/2022-10_Uerii,arbitrary_mint,19,gen,access_control_probe,greedy,0.0,0.6,False,False,False
defihacklabs,defihacklabs/2022-10_Uerii,arbitrary_mint,20,gen,access_control_probe,greedy,3.0,0.3,False,False,False
defihacklabs,defihacklabs/2022-10_Uerii,arbitrary_mint,21,gen,access_control_probe,greedy,0.0,0.0,False,False,False
defihacklabs,defihacklabs/2022-10_Uerii,arbitrary_mint,22,gen,access_control_probe,greedy,0.0,0.1,False,False,False
defihacklabs,defihacklabs/2022-10_Uerii,arbitrary_mint,23,gen,access_control_probe,greedy,0.0,0.0,True,False,True
defihacklabs,defihacklabs/2022-10_Uerii,arbitrary_mint,24,gen,access_control_probe,greedy,0.0,0.0,False,False,False
defihacklabs,defihacklabs/2022-10_Uerii,arbitrary_mint,25,gen,access_control_probe,greedy,0.0,0.0,False,False,False
defihacklabs,defihacklabs/2022-10_Uerii,arbitrary_mint,26,mut,arg_shuffle,greedy,0.0,0.0,True,True,False
defihacklabs,defihacklabs/2022-10_Uerii,arbitrary_mint,27,mut,call_swap,greedy,0.0,0.2,False,False,False
defihacklabs,defihacklabs/2022-10_Uerii,arbitrary_mint,28,gen,arithmetic_probe,greedy,0.0,1.2,True,False,True
defihacklabs,defihacklabs/2022-10_Uerii,arbitrary_mint,29,gen,arithmetic_probe,greedy,0.0,0.0,False,False,False
defihacklabs,defihacklabs/2022-10_Uerii,arbitrary_mint,30,mut,value_perturb,greedy,1.0,2.55,True,True,False
defihacklabs,defihacklabs/2022-10_Uerii,arbitrary_mint,31,mut,value_perturb,greedy,0.0,0.1,True,True,False
defihacklabs,defihacklabs/2022-10_Uerii,arbitrary_mint,32,mut,value_perturb,greedy,0.0,0.0,True,True,False
defihacklabs,defihacklabs/2022-10_Uerii,arbitrary_mint,33,mut,call_insert,greedy,0.0,0.3,False,False,False
defihacklabs,defihacklabs/2022-10_Uerii,arbitrary_mint,34,mut,call_swap,random,0.0,0.0,False,False,False
defihacklabs,defihacklabs/2022-10_Uerii,arbitrary_mint,35,gen,logic_error_probe,greedy,0.0,0.8,False,False,False
defihacklabs,defihacklabs/2022-10_Uerii,arbitrary_mint,36,gen,logic_error_probe,greedy,0.0,0.0,False,False,False
defihacklabs,defihacklabs/2022-10_Uerii,arbitrary_mint,37,mut,arg_shuffle,greedy,0.0,0.0,True,True,False
defihacklabs,defihacklabs/2022-10_Uerii,arbitrary_mint,38,mut,call_insert,greedy,0.0,0.2,False,False,False
defihacklabs,defihacklabs/2022-10_Uerii,arbitrary_mint,39,gen,price_oracle_probe,greedy,0.0,0.1,False,False,False
defihacklabs,defihacklabs/2022-10_Uerii,arbitrary_mint,40,gen,reentrancy_probe,greedy,0.0,0.0,False,False,False
defihacklabs,defihacklabs/2022-10_Uerii,arbitrary_mint,41,gen,arithmetic_probe,greedy,0.0,0.1,False,False,False
defihacklabs,defihacklabs/2022-10_Uerii,arbitrary_mint,42,mut,value_perturb,greedy,0.0,0.0,True,True,False
defihacklabs,defihacklabs/2022-10_Uerii,arbitrary_mint,43,mut,call_insert,greedy,0.0,0.2,False,False,False
defihacklabs,defihacklabs/2022-10_Uerii,arbitrary_mint,44,gen,price_oracle_probe,greedy,0.0,0.5,False,False,False
defihacklabs,defihacklabs/2022-10_Uerii,arbitrary_mint,45,gen,price_oracle_probe,greedy,0.0,0.0,False,False,False
defihacklabs,defihacklabs/2022-10_Uerii,arbitrary_mint,46,mut,call_swap,greedy,0.0,0.0,False,False,False
defihacklabs,defihacklabs/2022-10_Uerii,arbitrary_mint,47,gen,logic_error_probe,greedy,0.0,0.0,True,False,True
defihacklabs,defihacklabs/2022-10_Uerii,arbitrary_mint,48,gen,arithmetic_probe,greedy,0.0,0.0,False,False,False
defihacklabs,defihacklabs/2022-10_Uerii,arbitrary_mint,49,mut,arg_shuffle,greedy,0.0,0.6,False,False,False
defihacklabs,defihacklabs/2022-10_Uerii,arbitrary_mint,50,gen,reentrancy_probe,greedy,0.0,1.3,True,False,True
defihacklabs,defihacklabs/2022-10_Uerii,arbitrary_mint,51,gen,reentrancy_probe,greedy,0.0,0.0,False,False,False
defihacklabs,defihacklabs/2022-10_Uerii,arbitrary_mint,52,gen,price_oracle_probe,greedy,0.0,0.0,False,False,False
defihacklabs,defihacklabs/2022-10_Uerii,arbitrary_mint,53,gen,reentrancy_probe,random,3.0,5.9,True,False,True
defihacklabs,defihacklabs/2022-10_Uerii,arbitrary_mint,54,gen,reentrancy_probe,greedy,0.0,0.0,False,False,False
defihacklabs,defihacklabs/2022-10_Uerii,arbitrary_mint,55,gen,reentrancy_probe,greedy,0.0,0.0,False,False,False
defihacklabs,defihacklabs/2022-10_Uerii,arbitrary_mint,56,gen,reentrancy_probe,greedy,0.0,0.0,False,False,False
defihacklabs,defihacklabs/2022-10_Uerii,arbitrary_mint,57,gen,reentrancy_probe,greedy,0.0,0.0,False,False,False
defihacklabs,defihacklabs/2022-10_Uerii,arbitrary_mint,58,mut,value_perturb,greedy,0.0,0.0,False,False,False
defihacklabs,defihacklabs/2022-10_Uerii,arbitrary_mint,59,mut,call_insert,greedy,0.0,1.0,True,True,False
defihacklabs,defihacklabs/2022-10_Uerii,arbitrary_mint,60,gen,arithmetic_probe,random,2.0,2.5,False,False,False
defihacklabs,defihacklabs/2022-10_Uerii,arbitrary_mint,61,gen,arithmetic_probe,greedy,0.0,0.0,False,False,False
defihacklabs,defihacklabs/2022-10_Uerii,arbitrary_mint,62,gen,arithmetic_probe,greedy,0.0,0.0,False,False,False
defihacklabs,defihacklabs/2022-10_Uerii,arbitrary_mint,63,mut,call_insert,greedy,0.0,0.0,False,False,False
defihacklabs,defihacklabs/2022-10_Uerii,arbitrary_mint,64,gen,arithmetic_probe,greedy,0.0,0.0,False,False,False
defihacklabs,defihacklabs/2022-10_Uerii,arbitrary_mint,65,mut,call_insert,greedy,0.0,0.0,True,True,False
defihacklabs,defihacklabs/2022-10_Uerii,arbitrary_mint,66,mut,arg_shuffle,greedy,0.0,0.8,True,True,False
defihacklabs,defihacklabs/2022-10_Uerii,arbitrary_mint,67,mut,arg_shuffle,greedy,0.0,0.0,True,True,False
defihacklabs,defihacklabs/2022-10_Uerii,arbitrary_mint,68,mut,arg_shuffle,random,0.0,0.0,False,False,False
defihacklabs,defihacklabs/2022-10_Uerii,arbitrary_mint,69,gen,reentrancy_probe,greedy,0.0,0.0,False,False,False
defihacklabs,defihacklabs/2022-10_Uerii,arbitrary_mint,70,gen,arithmetic_probe,greedy,0.0,0.0,False,False,False
defihacklabs,defihacklabs/2022-10_Uerii,arbitrary_mint,71,mut,call_swap,greedy,0.0,1.0,True,True,False
defihacklabs,defihacklabs/2022-10_Uerii,arbitrary_mint,72,mut,call_swap,greedy,0.0,0.0,False,True,False
defihacklabs,defihacklabs/2022-10_Uerii,arbitrary_mint,73,mut,call_insert,greedy,0.0,0.1,False,True,False
defihacklabs,defihacklabs/2022-10_Uerii,arbitrary_mint,74,mut,arg_shuffle,greedy,0.0,0.2,False,True,False
defihacklabs,defihacklabs/2022-10_Uerii,arbitrary_mint,75,mut,arg_shuffle,random,0.0,0.0,True,True,False
defihacklabs,defihacklabs/2022-10_Uerii,arbitrary_mint,76,mut,call_insert,greedy,0.0,0.6,True,True,False
defihacklabs,defihacklabs/2022-10_Uerii,arbitrary_mint,77,mut,value_perturb,greedy,0.0,0.0,False,True,False
defihacklabs,defihacklabs/2022-10_Uerii,arbitrary_mint,78,gen,logic_error_probe,greedy,0.0,0.0,False,False,False
defihacklabs,defihacklabs/2022-10_Uerii,arbitrary_mint,79,gen,arithmetic_probe,greedy,0.0,0.0,False,False,False
defihacklabs,defihacklabs/2022-10_Uerii,arbitrary_mint,80,gen,price_oracle_probe,greedy,0.0,0.3,False,False,False
defihacklabs,defihacklabs/2022-10_Uerii,arbitrary_mint,81,gen,price_oracle_probe,greedy,0.0,0.0,False,False,False
defihacklabs,defihacklabs/2022-10_Uerii,arbitrary_mint,82,gen,price_oracle_probe,greedy,0.0,0.0,False,False,False
defihacklabs,defihacklabs/2022-10_Uerii,arbitrary_mint,83,mut,call_swap,greedy,0.0,0.0,True,True,False
defihacklabs,defihacklabs/2022-10_Uerii,arbitrary_mint,84,mut,call_swap,greedy,0.0,0.0,True,True,False
defihacklabs,defihacklabs/2022-10_Uerii,arbitrary_mint,85,gen,reentrancy_probe,random,0.0,0.4,False,False,False
defihacklabs,defihacklabs/2022-10_Uerii,arbitrary_mint,86,mut,call_swap,random,0.0,0.3,True,False,True
defihacklabs,defihacklabs/2022-10_Uerii,arbitrary_mint,87,gen,reentrancy_probe,greedy,0.0,0.0,False,False,False
defihacklabs,defihacklabs/2022-10_Uerii,arbitrary_mint,88,mut,call_insert,greedy,0.0,0.1,True,True,False
defihacklabs,defihacklabs/2022-10_Uerii,arbitrary_mint,89,mut,call_swap,random,0.0,0.0,False,True,False
defihacklabs,defihacklabs/2022-10_Uerii,arbitrary_mint,90,mut,call_insert,greedy,0.0,0.0,False,True,False
defihacklabs,defihacklabs/2022-10_Uerii,arbitrary_mint,91,gen,reentrancy_probe,greedy,0.0,0.0,True,False,True
defihacklabs,defihacklabs/2022-10_Uerii,arbitrary_mint,92,mut,call_swap,greedy,0.0,0.0,True,True,False
defihacklabs,defihacklabs/2022-10_Uerii,arbitrary_mint,93,mut,call_insert,greedy,0.0,0.0,False,False,False
defihacklabs,defihacklabs/2022-10_Uerii,arbitrary_mint,94,gen,reentrancy_probe,greedy,0.0,0.0,False,False,False
defihacklabs,defihacklabs/2022-10_Uerii,arbitrary_mint,95,gen,price_oracle_probe,greedy,0.0,0.0,False,False,False
defihacklabs,defihacklabs/2022-10_Uerii,arbitrary_mint,96,gen,logic_error_probe,greedy,0.0,0.1,False,False,False
defihacklabs,defihacklabs/2022-10_Uerii,arbitrary_mint,97,gen,price_oracle_probe,random,0.0,1.5,False,False,False
defihacklabs,defihacklabs/2022-10_Uerii,arbitrary_mint,98,gen,logic_error_probe,greedy,0.0,0.3,False,False,False
defihacklabs,defihacklabs/2022-10_Uerii,arbitrary_mint,99,gen,logic_error_probe,greedy,0.0,0.5,False,False,False
defihacklabs,defihacklabs/2022-03_Umbrella,business_logic,0,gen,reentrancy_probe,random,38.0,1.3451,False,False,False
defihacklabs,defihacklabs/2022-03_Umbrella,business_logic,1,gen,arithmetic_probe,random,5.0,0.8496,False,False,False
defihacklabs,defihacklabs/2022-03_Umbrella,business_logic,2,gen,access_control_probe,greedy,4.0,0.6372,False,False,False
defihacklabs,defihacklabs/2022-03_Umbrella,business_logic,3,gen,price_oracle_probe,greedy,14.0,0.9558,False,False,False
defihacklabs,defihacklabs/2022-03_Umbrella,business_logic,4,gen,logic_error_probe,random,15.0,1.0619,False,False,False
defihacklabs,defihacklabs/2022-03_Umbrella,business_logic,5,mut,value_perturb,greedy,0.0,1.3451,False,False,False
defihacklabs,defihacklabs/2022-03_Umbrella,business_logic,6,mut,call_insert,greedy,9.0,1.8053,False,False,False
defihacklabs,defihacklabs/2022-03_Umbrella,business_logic,7,mut,call_swap,random,1.0,0.4602,False,False,False
defihacklabs,defihacklabs/2022-03_Umbrella,business_logic,8,mut,arg_shuffle,greedy,0.0,1.0619,False,False,False
defihacklabs,defihacklabs/2022-03_Umbrella,business_logic,9,gen,reentrancy_probe,greedy,0.0,0.0,False,False,False
defihacklabs,defihacklabs/2022-03_Umbrella,business_logic,10,gen,arithmetic_probe,random,4.0,0.7788,False,False,False
defihacklabs,defihacklabs/2022-03_Umbrella,business_logic,11,gen,access_control_probe,greedy,0.0,0.0,False,False,False
defihacklabs,defihacklabs/2022-03_Umbrella,business_logic,12,gen,price_oracle_probe,random,9.0,0.9912,False,False,False
defihacklabs,defihacklabs/2022-03_Umbrella,business_logic,13,gen,logic_error_probe,greedy,0.0,0.6726,False,False,False
defihacklabs,defihacklabs/2022-03_Umbrella,business_logic,14,mut,value_perturb,greedy,0.0,0.531,False,False,False
defihacklabs,defihacklabs/2022-03_Umbrella,business_logic,15,mut,call_insert,greedy,0.0,0.2832,False,False,False
defihacklabs,defihacklabs/2022-03_Umbrella,business_logic,16,mut,call_swap,random,0.0,0.3894,False,False,False
defihacklabs,defihacklabs/2022-03_Umbrella,business_logic,17,mut,arg_shuffle,greedy,0.0,0.5664,False,False,False
defihacklabs,defihacklabs/2022-03_Umbrella,business_logic,18,gen,price_oracle_probe,greedy,0.0,0.177,False,False,False
defihacklabs,defihacklabs/2022-03_Umbrella,business_logic,19,gen,arithmetic_probe,random,8.0,3.115,False,False,False
defihacklabs,defihacklabs/2022-03_Umbrella,business_logic,20,gen,arithmetic_probe,greedy,0.0,0.0,False,False,False
defihacklabs,defihacklabs/2022-03_Umbrella,business_logic,21,mut,arg_shuffle,greedy,0.0,0.708,False,False,False
defihacklabs,defihacklabs/2022-03_Umbrella,business_logic,22,gen,arithmetic_probe,greedy,0.0,0.0,False,False,False
defihacklabs,defihacklabs/2022-03_Umbrella,business_logic,23,mut,arg_shuffle,greedy,0.0,0.0708,False,False,False
defihacklabs,defihacklabs/2022-03_Umbrella,business_logic,24,gen,logic_error_probe,random,0.0,0.177,False,False,False
defihacklabs,defihacklabs/2022-03_Umbrella,business_logic,25,mut,value_perturb,random,0.0,0.4248,False,False,False
defihacklabs,defihacklabs/2022-03_Umbrella,business_logic,26,mut,call_insert,greedy,0.0,0.177,False,False,False
defihacklabs,defihacklabs/2022-03_Umbrella,business_logic,27,gen,access_control_probe,greedy,0.0,0.0,False,False,False
defihacklabs,defihacklabs/2022-03_Umbrella,business_logic,28,mut,value_perturb,greedy,0.0,0.0,False,False,False
defihacklabs,defihacklabs/2022-03_Umbrella,business_logic,29,gen,arithmetic_probe,greedy,0.0,0.0,False,False,False
defihacklabs,defihacklabs/2022-03_Umbrella,business_logic,30,gen,price_oracle_probe,greedy,6.0,7.3363,True,False,True
defihacklabs,defihacklabs/2022-03_Umbrella,business_logic,31,gen,price_oracle_probe,greedy,0.0,0.0,False,False,False
defihacklabs,defihacklabs/2022-03_Umbrella,business_logic,32,gen,price_oracle_probe,greedy,1.0,0.0354,False,False,False
defihacklabs,defihacklabs/2022-03_Umbrella,business_logic,33,gen,reentrancy_probe,greedy,0.0,0.4602,False,False,False
defihacklabs,defihacklabs/2022-03_Umbrella,business_logic,34,gen,price_oracle_probe,greedy,0.0,0.0,False,False,False
defihacklabs,defihacklabs/2022-03_Umbrella,business_logic,35,gen,price_oracle_probe,greedy,0.0,0.0,False,False,False
defihacklabs,defihacklabs/2022-03_Umbrella,business_logic,36,mut,call_insert,greedy,0.0,0.2124,False,False,False
defihacklabs,defihacklabs/2022-03_Umbrella,business_logic,37,mut,value_perturb,greedy,0.0,0.354,True,True,False
defihacklabs,defihacklabs/2022-03_Umbrella,business_logic,38,gen,price_oracle_probe,random,4.0,1.5221,True,False,True
defihacklabs,defihacklabs/2022-03_Umbrella,business_logic,39,gen,price_oracle_probe,greedy,2.0,0.1062,False,False,False
defihacklabs,defihacklabs/2022-03_Umbrella,business_logic,40,gen,price_oracle_probe,greedy,0.0,0.0,False,False,False
defihacklabs,defihacklabs/2022-03_Umbrella,business_logic,41,gen,price_oracle_probe,greedy,0.0,0.0,False,False,False
defihacklabs,defihacklabs/2022-03_Umbrella,business_logic,42,gen,price_oracle_probe,greedy,0.0,0.0,False,False,False
defihacklabs,defihacklabs/2022-03_Umbrella,business_logic,43,gen,price_oracle_probe,random,0.0,0.2478,False,False,False
defihacklabs,defihacklabs/2022-03_Umbrella,business_logic,44,mut,call_insert,random,0.0,0.8142,True,True,False
defihacklabs,defihacklabs/2022-03_Umbrella,business_logic,45,gen,price_oracle_probe,random,4.0,1.2035,False,False,False
defihacklabs,defihacklabs/2022-03_Umbrella,business_logic,46,gen,price_oracle_probe,greedy,0.0,0.0,False,False,False
defihacklabs,defihacklabs/2022-03_Umbrella,business_logic,47,gen,price_oracle_probe,greedy,0.0,0.0,False,False,False
defihacklabs,defihacklabs/2022-03_Umbrella,business_logic,48,gen,price_oracle_probe,greedy,0.0,0.0,False,False,False
defihacklabs,defihacklabs/2022-03_Umbrella,business_logic,49,gen,price_oracle_probe,greedy,0.0,0.0,False,False,False
defihacklabs,defihacklabs/2022-03_Umbrella,business_logic,50,gen,price_oracle_probe,greedy,0.0,0.0,False,False,False
defihacklabs,defihacklabs/2022-03_Umbrella,business_logic,51,mut,call_insert,greedy,0.0,0.0,False,False,False
defihacklabs,defihacklabs/2022-03_Umbrella,business_logic,52,gen,reentrancy_probe,greedy,0.0,0.0,False,False,False
defihacklabs,defihacklabs/2022-03_Umbrella,business_logic,53,gen,logic_error_probe,greedy,0.0,0.0,False,False,False
defihacklabs,defihacklabs/2022-03_Umbrella,business_logic,54,mut,arg_shuffle,random,0.0,0.708,False,True,False
defihacklabs,defihacklabs/2022-03_Umbrella,business_logic,55,gen,logic_error_probe,greedy,0.0,0.1416,False,False,False
defihacklabs,defihacklabs/2022-03_Umbrella,business_logic,56,gen,reentrancy_probe,greedy,1.0,0.3894,False,False,False
defihacklabs,defihacklabs/2022-03_Umbrella,business_logic,57,mut,call_swap,greedy,0.0,1.3451,True,True,False
defihacklabs,defihacklabs/2022-03_Umbrella,business_logic,58,gen,access_control_probe,greedy,0.0,0.0,False,False,False
defihacklabs,defihacklabs/2022-03_Umbrella,business_logic,59,mut,call_swap,greedy,0.0,0.0708,True,True,False
defihacklabs,defihacklabs/2022-03_Umbrella,business_logic,60,mut,call_swap,greedy,0.0,0.0,True,True,False
defihacklabs,defihacklabs/2022-03_Umbrella,business_logic,61,gen,reentrancy_probe,greedy,0.0,0.3186,False,False,False
defihacklabs,defihacklabs/2022-03_Umbrella,business_logic,62,gen,reentrancy_probe,greedy,0.0,0.0,False,False,False
defihacklabs,defihacklabs/2022-03_Umbrella,business_logic,63,gen,arithmetic_probe,greedy,0.0,0.0,False,False,False
defihacklabs,defihacklabs/2022-03_Umbrella,business_logic,64,gen,access_control_probe,greedy,0.0,0.0,False,False,False
defihacklabs,defihacklabs/2022-03_Umbrella,business_logic,65,mut,arg_shuffle,random,0.0,0.1416,True,True,False
defihacklabs,defihacklabs/2022-03_Umbrella,business_logic,66,mut,call_swap,greedy,0.0,0.4602,True,True,False
defihacklabs,defihacklabs/2022-03_Umbrella,business_logic,67,mut,arg_shuffle,greedy,0.0,0.0,False,False,False
defihacklabs,defihacklabs/2022-03_Umbrella,business_logic,68,gen,logic_error_probe,greedy,0.0,0.5664,True,False,True
defihacklabs,defihacklabs/2022-03_Umbrella,business_logic,69,gen,reentrancy_probe,greedy,0.0,0.0,False,False,False
defihacklabs,defihacklabs/2022-03_Umbrella,business_logic,70,mut,value_perturb,greedy,0.0,0.0,True,True,False
defihacklabs,defihacklabs/2022-03_Umbrella,business_logic,71,mut,call_insert,greedy,0.0,0.0,False,False,False
defihacklabs,defihacklabs/2022-03_Umbrella,business_logic,72,gen,arithmetic_probe,greedy,0.0,0.0,False,False,False
defihacklabs,defihacklabs/2022-03_Umbrella,business_logic,73,mut,arg_shuffle,greedy,0.0,0.0,False,False,False
defihacklabs,defihacklabs/2022-03_Umbrella,business_logic,74,gen,reentrancy_probe,greedy,0.0,0.0,False,False,False
defihacklabs,defihacklabs/2022-03_Umbrella,business_logic,75,mut,value_perturb,greedy,0.0,0.177,True,True,False
defihacklabs,defihacklabs/2022-03_Umbrella,business_logic,76,mut,value_perturb,greedy,0.0,0.2832,True,True,False
defihacklabs,defihacklabs/2022-03_Umbrella,business_logic,77,mut,value_perturb,greedy,0.0,0.0,False,False,False
defihacklabs,defihacklabs/2022-03_Umbrella,business_logic,78,mut,call_swap,greedy,0.0,0.0,False,False,False
defihacklabs,defihacklabs/2022-03_Umbrella,business_logic,79,gen,logic_error_probe,greedy,0.0,0.0,False,False,False
defihacklabs,defihacklabs/2022-03_Umbrella,business_logic,80,mut,call_swap,greedy,0.0,0.0354,False,False,False
defihacklabs,defihacklabs/2022-03_Umbrella,business_logic,81,mut,value_perturb,greedy,0.0,0.0,True,True,False
defihacklabs,defihacklabs/2022-03_Umbrella,business_logic,82,gen,reentrancy_probe,greedy,0.0,0.0,False,False,False
defihacklabs,defihacklabs/2022-03_Umbrella,business_logic,83,gen,logic_error_probe,greedy,0.0,0.2124,False,False,False
defihacklabs,defihacklabs/2022-03_Umbrella,business_logic,84,gen,logic_error_probe,greedy,0.0,0.0,False,False,False
defihacklabs,defihacklabs/2022-03_Umbrella,business_logic,85,gen,logic_error_probe,greedy,0.0,0.0,False,False,False
defihacklabs,defihacklabs/2022-03_Umbrella,business_logic,86,mut,call_insert,greedy,0.0,0.1062,False,False,False
defihacklabs,defihacklabs/2022-03_Umbrella,business_logic,87,mut,call_insert,greedy,0.0,0.0708,True,True,False
defihacklabs,defihacklabs/2022-03_Umbrella,business_logic,88,mut,call_insert,greedy,0.0,0.0,True,True,False
defihacklabs,defihacklabs/2022-03_Umbrella,business_logic,89,mut,call_swap,greedy,0.0,0.0,False,False,False
defihacklabs,defihacklabs/2022-03_Umbrella,business_logic,90,mut,arg_shuffle,greedy,0.0,0.0,False,False,False
defihacklabs,defihacklabs/2022-03_Umbrella,business_logic,91,mut,call_insert,greedy,0.0,0.1416,True,True,False
defihacklabs,defihacklabs/2022-03_Umbrella,business_logic,92,gen,logic_error_probe,greedy,0.0,0.0,False,False,False
defihacklabs,defihacklabs/2022-03_Umbrella,business_logic,93,mut,arg_shuffle,greedy,0.0,0.0,False,False,False
defihacklabs,defihacklabs/2022-03_Umbrella,business_logic,94,mut,call_swap,greedy,0.0,0.0,False,False,False
defihacklabs,defihacklabs/2022-03_Umbrella,business_logic,95,gen,arithmetic_probe,greedy,0.0,0.0708,False,False,False
defihacklabs,defihacklabs/2022-03_Umbrella,business_logic,96,gen,arithmetic_probe,random,0.0,0.5664,True,False,True
defihacklabs,defihacklabs/2022-03_Umbrella,business_logic,97,gen,arithmetic_probe,greedy,0.0,0.177,False,False,False
defihacklabs,defihacklabs/2022-03_Umbrella,business_logic,98,gen,arithmetic_probe,greedy,0.0,0.0,False,False,False
defihacklabs,defihacklabs/2022-03_Umbrella,business_logic,99,gen,arithmetic_probe,random,0.0,0.3186,False,False,False
defihacklabs,defihacklabs/2022-03_CompoundTusd,business_logic,0,gen,reentrancy_probe,random,112.0,0.9314,False,False,False
defihacklabs,defihacklabs/2022-03_CompoundTusd,business_logic,1,gen,arithmetic_probe,greedy,23.0,0.5489,False,False,False
defihacklabs,defihacklabs/2022-03_CompoundTusd,business_logic,2,gen,access_control_probe,random,66.0,1.1476,False,False,False
defihacklabs,defihacklabs/2022-03_CompoundTusd,business_logic,3,gen,price_oracle_probe,random,16.0,0.5988,False,False,False
defihacklabs,defihacklabs/2022-03_CompoundTusd,business_logic,4,gen,logic_error_probe,greedy,0.0,0.2744,False,False,False
defihacklabs,defihacklabs/2022-03_CompoundTusd,business_logic,5,mut,value_perturb,greedy,0.0,1.1476,False,False,False
defihacklabs,defihacklabs/2022-03_CompoundTusd,business_logic,6,mut,call_insert,random,0.0,1.0728,False,False,False
defihacklabs,defihacklabs/2022-03_CompoundTusd,business_logic,7,mut,call_swap,random,0.0,0.973,False,False,False
defihacklabs,defihacklabs/2022-03_CompoundTusd,business_logic,8,mut,arg_shuffle,greedy,0.0,0.5988,False,False,False
defihacklabs,defihacklabs/2022-03_CompoundTusd,business_logic,9,gen,reentrancy_probe,greedy,0.0,0.1414,False,False,False
defihacklabs,defihacklabs/2022-03_CompoundTusd,business_logic,10,gen,arithmetic_probe,greedy,0.0,0.0,False,False,False
defihacklabs,defihacklabs/2022-03_CompoundTusd,business_logic,11,gen,access_control_probe,greedy,0.0,0.0166,False,False,False
defihacklabs,defihacklabs/2022-03_CompoundTusd,business_logic,12,gen,price_oracle_probe,random,8.0,0.0915,False,False,False
defihacklabs,defihacklabs/2022-03_CompoundTusd,business_logic,13,gen,logic_error_probe,random,45.0,51.3555,True,False,True
defihacklabs,defihacklabs/2022-03_CompoundTusd,business_logic,14,mut,value_perturb,greedy,0.0,0.5821,True,True,False
defihacklabs,defihacklabs/2022-03_CompoundTusd,business_logic,15,mut,call_insert,greedy,0.0,0.0,False,False,False
defihacklabs,defihacklabs/2022-03_CompoundTusd,business_logic,16,mut,call_swap,greedy,0.0,0.1746,False,False,False
defihacklabs,defihacklabs/2022-03_CompoundTusd,business_logic,17,mut,arg_shuffle,greedy,0.0,0.9397,True,True,False
defihacklabs,defihacklabs/2022-03_CompoundTusd,business_logic,18,mut,arg_shuffle,greedy,0.0,0.0333,False,False,False
defihacklabs,defihacklabs/2022-03_CompoundTusd,business_logic,19,gen,logic_error_probe,greedy,3.0,0.2121,False,False,False
defihacklabs,defihacklabs/2022-03_CompoundTusd,business_logic,20,gen,logic_error_probe,greedy,0.0,0.0,False,False,False
defihacklabs,defihacklabs/2022-03_CompoundTusd,business_logic,21,mut,arg_shuffle,greedy,0.0,0.0,False,False,False
defihacklabs,defihacklabs/2022-03_CompoundTusd,business_logic,22,gen,logic_error_probe,greedy,0.0,0.0,False,False,False
defihacklabs,defihacklabs/2022-03_CompoundTusd,business_logic,23,gen,logic_error_probe,greedy,0.0,0.0665,False,False,False
defihacklabs,defihacklabs/2022-03_CompoundTusd,business_logic,24,gen,logic_error_probe,greedy,0.0,0.0,False,False,False
defihacklabs,defihacklabs/2022-03_CompoundTusd,business_logic,25,gen,logic_error_probe,greedy,0.0,0.0,False,False,False
defihacklabs,defihacklabs/2022-03_CompoundTusd,business_logic,26,mut,value_perturb,random,0.0,0.0166,False,False,False
defihacklabs,defihacklabs/2022-03_CompoundTusd,business_logic,27,mut,call_swap,greedy,0.0,0.5821,True,True,False
defihacklabs,defihacklabs/2022-03_CompoundTusd,business_logic,28,mut,call_swap,greedy,0.0,0.0,False,False,False
defihacklabs,defihacklabs/2022-03_CompoundTusd,business_logic,29,gen,access_control_probe,greedy,0.0,0.0499,False,False,False
defihacklabs,defihacklabs/2022-03_CompoundTusd,business_logic,30,mut,arg_shuffle,random,0.0,0.0,True,True,False
defihacklabs,defihacklabs/2022-03_CompoundTusd,business_logic,31,gen,reentrancy_probe,random,5.0,0.6195,False,False,False
defihacklabs,defihacklabs/2022-03_CompoundTusd,business_logic,32,gen,access_control_probe,greedy,1.0,0.0665,False,False,False
defihacklabs,defihacklabs/2022-03_CompoundTusd,business_logic,33,gen,reentrancy_probe,greedy,0.0,0.0,False,False,False
defihacklabs,defihacklabs/2022-03_CompoundTusd,business_logic,34,gen,arithmetic_probe,greedy,0.0,0.0416,False,False,False
defihacklabs,defihacklabs/2022-03_CompoundTusd,business_logic,35,mut,call_insert,greedy,0.0,0.4906,False,False,False
defihacklabs,defihacklabs/2022-03_CompoundTusd,business_logic,36,mut,call_insert,random,0.0,0.0,False,False,False
defihacklabs,defihacklabs/2022-03_CompoundTusd,business_logic,37,mut,value_perturb,greedy,0.0,0.0,False,False,False
defihacklabs,defihacklabs/2022-03_CompoundTusd,business_logic,38,gen,reentrancy_probe,greedy,0.0,0.158,False,False,False
defihacklabs,defihacklabs/2022-03_CompoundTusd,business_logic,39,mut,call_swap,greedy,0.0,0.0,False,False,False
defihacklabs,defihacklabs/2022-03_CompoundTusd,business_logic,40,gen,logic_error_probe,greedy,0.0,0.0,False,False,False
defihacklabs,defihacklabs/2022-03_CompoundTusd,business_logic,41,gen,price_oracle_probe,greedy,0.0,0.0333,False,False,False
defihacklabs,defihacklabs/2022-03_CompoundTusd,business_logic,42,gen,reentrancy_probe,greedy,0.0,0.0,False,False,False
defihacklabs,defihacklabs/2022-03_CompoundTusd,business_logic,43,mut,call_insert,greedy,0.0,0.0,False,False,False
defihacklabs,defihacklabs/2022-03_CompoundTusd,business_logic,44,mut,value_perturb,random,0.0,0.0,False,False,False
defihacklabs,defihacklabs/2022-03_CompoundTusd,business_logic,45,gen,access_control_probe,greedy,13.0,0.973,False,False,False
defihacklabs,defihacklabs/2022-03_CompoundTusd,business_logic,46,gen,access_control_probe,greedy,0.0,0.0,False,False,False
defihacklabs,defihacklabs/2022-03_CompoundTusd,business_logic,47,gen,access_control_probe,greedy,0.0,0.0,False,False,False
defihacklabs,defihacklabs/2022-03_CompoundTusd,business_logic,48,gen,access_control_probe,random,3.0,0.1497,False,False,False
defihacklabs,defihacklabs/2022-03_CompoundTusd,business_logic,49,gen,access_control_probe,greedy,0.0,0.0,False,False,False
defihacklabs,defihacklabs/2022-03_CompoundTusd,business_logic,50,gen,price_oracle_probe,greedy,0.0,0.2412,False,False,False
defihacklabs,defihacklabs/2022-03_CompoundTusd,business_logic,51,gen,price_oracle_probe,greedy,0.0,0.0,False,False,False
defihacklabs,defihacklabs/2022-03_CompoundTusd,business_logic,52,gen,logic_error_probe,greedy,0.0,0.0,False,False,False
defihacklabs,defihacklabs/2022-03_CompoundTusd,business_logic,53,gen,reentrancy_probe,greedy,0.0,0.0,False,False,False
defihacklabs,defihacklabs/2022-03_CompoundTusd,business_logic,54,gen,arithmetic_probe,greedy,0.0,0.0998,False,False,False
defihacklabs,defihacklabs/2022-03_CompoundTusd,business_logic,55,gen,arithmetic_probe,greedy,0.0,0.0,False,False,False
defihacklabs,defihacklabs/2022-03_CompoundTusd,business_logic,56,gen,price_oracle_probe,greedy,0.0,0.0333,False,False,False
defihacklabs,defihacklabs/2022-03_CompoundTusd,business_logic,57,gen,access_control_probe,greedy,8.0,0.6653,False,False,False
defihacklabs,defihacklabs/2022-03_CompoundTusd,business_logic,58,gen,access_control_probe,greedy,0.0,0.0,False,False,False
defihacklabs,defihacklabs/2022-03_CompoundTusd,business_logic,59,gen,access_control_probe,greedy,0.0,0.0915,False,False,False
defihacklabs,defihacklabs/2022-03_CompoundTusd,business_logic,60,gen,access_control_probe,greedy,0.0,0.0,False,False,False
defihacklabs,defihacklabs/2022-03_CompoundTusd,business_logic,61,gen,access_control_probe,greedy,0.0,0.0,False,False,False
defihacklabs,defihacklabs/2022-03_CompoundTusd,business_logic,62,mut,value_perturb,greedy,0.0,0.0,False,False,False
defihacklabs,defihacklabs/2022-03_CompoundTusd,business_logic,63,gen,reentrancy_probe,greedy,0.0,0.0,False,False,False
defihacklabs,defihacklabs/2022-03_CompoundTusd,business_logic,64,gen,price_oracle_probe,greedy,0.0,0.0,False,False,False
defihacklabs,defihacklabs/2022-03_CompoundTusd,business_logic,65,mut,call_swap,greedy,0.0,0.2911,False,False,False
defihacklabs,defihacklabs/2022-03_CompoundTusd,business_logic,66,mut,call_swap,greedy,0.0,0.0166,False,False,False
defihacklabs,defihacklabs/2022-03_CompoundTusd,business_logic,67,mut,call_swap,greedy,0.0,0.0,True,True,False
defihacklabs,defihacklabs/2022-03_CompoundTusd,business_logic,68,gen,logic_error_probe,greedy,0.0,0.0,False,False,False
defihacklabs,defihacklabs/2022-03_CompoundTusd,business_logic,69,mut,call_swap,greedy,0.0,0.0,True,True,False
defihacklabs,defihacklabs/2022-03_CompoundTusd,business_logic,70,mut,call_insert,greedy,0.0,0.0,False,False,False
defihacklabs,defihacklabs/2022-03_CompoundTusd,business_logic,71,mut,call_insert,greedy,0.0,0.0,False,False,False
defihacklabs,defihacklabs/2022-03_CompoundTusd,business_logic,72,gen,arithmetic_probe,greedy,0.0,0.0,False,False,False
defihacklabs,defihacklabs/2022-03_CompoundTusd,business_logic,73,mut,arg_shuffle,random,2.0,0.4657,False,False,False
defihacklabs,defihacklabs/2022-03_CompoundTusd,business_logic,74,mut,call_swap,greedy,0.0,0.0,True,True,False
defihacklabs,defihacklabs/2022-03_CompoundTusd,business_logic,75,mut,arg_shuffle,greedy,0.0,0.0,False,False,False
defihacklabs,defihacklabs/2022-03_CompoundTusd,business_logic,76,mut,arg_shuffle,greedy,0.0,0.0,False,False,False
defihacklabs,defihacklabs/2022-03_CompoundTusd,business_logic,77,gen,logic_error_probe,greedy,0.0,0.0,False,False,False
defihacklabs,defihacklabs/2022-03_CompoundTusd,business_logic,78,mut,arg_shuffle,greedy,0.0,0.0665,True,True,False
defihacklabs,defihacklabs/2022-03_CompoundTusd,business_logic,79,mut,arg_shuffle,greedy,0.0,0.0,False,False,False
defihacklabs,defihacklabs/2022-03_CompoundTusd,business_logic,80,gen,reentrancy_probe,greedy,0.0,0.0,False,False,False
defihacklabs,defihacklabs/2022-03_CompoundTusd,business_logic,81,gen,price_oracle_probe,greedy,0.0,0.0,False,False,False
defihacklabs,defihacklabs/2022-03_CompoundTusd,business_logic,82,gen,access_control_probe,greedy,0.0,0.0,False,False,False
defihacklabs,defihacklabs/2022-03_CompoundTusd,business_logic,83,mut,arg_shuffle,greedy,0.0,0.0,False,False,False
defihacklabs,defihacklabs/2022-03_CompoundTusd,business_logic,84,mut,value_perturb,random,0.0,0.0,True,True,False
defihacklabs,defihacklabs/2022-03_CompoundTusd,business_logic,85,gen,logic_error_probe,greedy,0.0,0.0,False,False,False
defihacklabs,defihacklabs/2022-03_CompoundTusd,business_logic,86,mut,call_insert,random,0.0,0.0166,False,False,False
defihacklabs,defihacklabs/2022-03_CompoundTusd,business_logic,87,mut,call_insert,greedy,0.0,0.0,False,False,False
defihacklabs,defihacklabs/2022-03_CompoundTusd,business_logic,88,mut,call_swap,greedy,0.0,0.0582,False,False,False
defihacklabs,defihacklabs/2022-03_CompoundTusd,business_logic,89,mut,call_swap,greedy,6.0,0.4823,False,False,False
defihacklabs,defihacklabs/2022-03_CompoundTusd,business_logic,90,mut,call_swap,greedy,0.0,0.0249,False,False,False
defihacklabs,defihacklabs/2022-03_CompoundTusd,business_logic,91,mut,call_swap,greedy,0.0,0.0,False,False,False
defihacklabs,defihacklabs/2022-03_CompoundTusd,business_logic,92,mut,call_swap,greedy,0.0,0.0,False,False,False
defihacklabs,defihacklabs/2022-03_CompoundTusd,business_logic,93,mut,call_swap,greedy,0.0,0.0,False,False,False
defihacklabs,defihacklabs/2022-03_CompoundTusd,business_logic,94,mut,call_swap,greedy,0.0,0.0,False,False,False
defihacklabs,defihacklabs/2022-03_CompoundTusd,business_logic,95,gen,arithmetic_probe,greedy,0.0,0.0,False,False,False
defihacklabs,defihacklabs/2022-03_CompoundTusd,business_logic,96,mut,value_perturb,greedy,0.0,0.0,True,True,False
defihacklabs,defihacklabs/2022-03_CompoundTusd,business_logic,97,gen,access_control_probe,greedy,0.0,0.0,False,False,False
defihacklabs,defihacklabs/2022-03_CompoundTusd,business_logic,98,gen,price_oracle_probe,greedy,0.0,0.0,False,False,False
defihacklabs,defihacklabs/2022-03_CompoundTusd,business_logic,99,mut,arg_shuffle,greedy,0.0,0.0,False,False,False
defihacklabs,defihacklabs/2023-05_Melo,arbitrary_mint,0,gen,reentrancy_probe,greedy,16.0,1.3617,False,False,False
defihacklabs,defihacklabs/2023-05_Melo,arbitrary_mint,1,gen,arithmetic_probe,greedy,11.0,2.2979,False,False,False
defihacklabs,defihacklabs/2023-05_Melo,arbitrary_mint,2,gen,access_control_probe,random,4.0,2.2128,False,False,False
defihacklabs,defihacklabs/2023-05_Melo,arbitrary_mint,3,gen,price_oracle_probe,greedy,0.0,0.4255,False,False,False
defihacklabs,defihacklabs/2023-05_Melo,arbitrary_mint,4,gen,logic_error_probe,greedy,10.0,1.617,False,False,False
defihacklabs,defihacklabs/2023-05_Melo,arbitrary_mint,5,mut,value_perturb,greedy,0.0,2.2979,False,False,False
defihacklabs,defihacklabs/2023-05_Melo,arbitrary_mint,6,mut,call_insert,greedy,0.0,1.3617,False,False,False
defihacklabs,defihacklabs/2023-05_Melo,arbitrary_mint,7,mut,call_swap,greedy,0.0,2.2979,False,False,False
defihacklabs,defihacklabs/2023-05_Melo,arbitrary_mint,8,mut,arg_shuffle,greedy,8.0,2.383,False,False,False
defihacklabs,defihacklabs/2023-05_Melo,arbitrary_mint,9,gen,reentrancy_probe,greedy,0.0,0.9362,False,False,False
defihacklabs,defihacklabs/2023-05_Melo,arbitrary_mint,10,gen,arithmetic_probe,greedy,1.0,0.2553,False,False,False
defihacklabs,defihacklabs/2023-05_Melo,arbitrary_mint,11,gen,access_control_probe,greedy,0.0,0.0,False,False,False
defihacklabs,defihacklabs/2023-05_Melo,arbitrary_mint,12,gen,price_oracle_probe,greedy,0.0,1.0213,False,False,False
defihacklabs,defihacklabs/2023-05_Melo,arbitrary_mint,13,gen,logic_error_probe,greedy,1.0,0.766,False,False,False
defihacklabs,defihacklabs/2023-05_Melo,arbitrary_mint,14,mut,value_perturb,random,0.0,0.1702,False,False,False
defihacklabs,defihacklabs/2023-05_Melo,arbitrary_mint,15,mut,call_insert,greedy,0.0,1.9574,False,False,False
defihacklabs,defihacklabs/2023-05_Melo,arbitrary_mint,16,mut,call_swap,greedy,0.0,0.8511,False,False,False
defihacklabs,defihacklabs/2023-05_Melo,arbitrary_mint,17,mut,arg_shuffle,greedy,0.0,0.4255,False,False,False
defihacklabs,defihacklabs/2023-05_Melo,arbitrary_mint,18,mut,arg_shuffle,greedy,0.0,0.0,False,False,False
defihacklabs,defihacklabs/2023-05_Melo,arbitrary_mint,19,mut,call_insert,greedy,0.0,0.766,False,False,False
defihacklabs,defihacklabs/2023-05_Melo,arbitrary_mint,20,mut,call_insert,greedy,0.0,0.0,False,False,False
defihacklabs,defihacklabs/2023-05_Melo,arbitrary_mint,21,mut,call_swap,greedy,0.0,0.2553,False,False,False
defihacklabs,defihacklabs/2023-05_Melo,arbitrary_mint,22,gen,reentrancy_probe,greedy,0.0,0.0,False,False,False
defihacklabs,defihacklabs/2023-05_Melo,arbitrary_mint,23,gen,logic_error_probe,greedy,6.0,55.7021,True,False,True
defihacklabs,defihacklabs/2023-05_Melo,arbitrary_mint,24,gen,logic_error_probe,greedy,0.0,0.0,False,False,False
defihacklabs,defihacklabs/2023-05_Melo,arbitrary_mint,25,gen,logic_error_probe,greedy,2.0,0.1702,False,False,False
defihacklabs,defihacklabs/2023-05_Melo,arbitrary_mint,26,mut,call_swap,greedy,0.0,0.1702,False,False,False
defihacklabs,defihacklabs/2023-05_Melo,arbitrary_mint,27,gen,logic_error_probe,greedy,0.0,0.0,False,False,False
defihacklabs,defihacklabs/2023-05_Melo,arbitrary_mint,28,gen,arithmetic_probe,random,3.0,1.617,False,False,False
defihacklabs,defihacklabs/2023-05_Melo,arbitrary_mint,29,gen,logic_error_probe,greedy,0.0,0.5957,False,False,False
defihacklabs,defihacklabs/2023-05_Melo,arbitrary_mint,30,gen,logic_error_probe,greedy,0.0,0.0,False,False,False
defihacklabs,defihacklabs/2023-05_Melo,arbitrary_mint,31,gen,logic_error_probe,greedy,0.0,0.0,False,False,False
defihacklabs,defihacklabs/2023-05_Melo,arbitrary_mint,32,gen,logic_error_probe,greedy,1.0,0.1702,False,False,False
defihacklabs,defihacklabs/2023-05_Melo,arbitrary_mint,33,gen,logic_error_probe,greedy,0.0,0.0,False,False,False
defihacklabs,defihacklabs/2023-05_Melo,arbitrary_mint,34,gen,logic_error_probe,greedy,0.0,0.0,False,False,False
defihacklabs,defihacklabs/2023-05_Melo,arbitrary_mint,35,gen,logic_error_probe,random,0.0,0.9362,False,False,False
defihacklabs,defihacklabs/2023-05_Melo,arbitrary_mint,36,gen,logic_error_probe,greedy,0.0,0.0,False,False,False
defihacklabs,defihacklabs/2023-05_Melo,arbitrary_mint,37,gen,logic_error_probe,greedy,0.0,0.1702,False,False,False
defihacklabs,defihacklabs/2023-05_Melo,arbitrary_mint,38,gen,arithmetic_probe,greedy,0.0,0.6809,False,False,False
defihacklabs,defihacklabs/2023-05_Melo,arbitrary_mint,39,gen,arithmetic_probe,greedy,0.0,0.0,False,False,False
defihacklabs,defihacklabs/2023-05_Melo,arbitrary_mint,40,mut,value_perturb,greedy,0.0,0.0,False,False,False
defihacklabs,defihacklabs/2023-05_Melo,arbitrary_mint,41,gen,price_oracle_probe,greedy,0.0,1.617,False,False,False
defihacklabs,defihacklabs/2023-05_Melo,arbitrary_mint,42,gen,price_oracle_probe,greedy,0.0,0.6809,True,False,True
defihacklabs,defihacklabs/2023-05_Melo,arbitrary_mint,43,gen,price_oracle_probe,greedy,0.0,0.0,True,False,True
defihacklabs,defihacklabs/2023-05_Melo,arbitrary_mint,44,gen,access_control_probe,greedy,0.0,0.0,False,False,False
defihacklabs,defihacklabs/2023-05_Melo,arbitrary_mint,45,mut,call_insert,greedy,0.0,0.0,False,False,False
defihacklabs,defihacklabs/2023-05_Melo,arbitrary_mint,46,gen,arithmetic_probe,greedy,0.0,0.0,False,False,False
defihacklabs,defihacklabs/2023-05_Melo,arbitrary_mint,47,gen,arithmetic_probe,random,0.0,0.1702,False,False,False
defihacklabs,defihacklabs/2023-05_Melo,arbitrary_mint,48,gen,reentrancy_probe,random,0.0,1.1915,False,False,False
defihacklabs,defihacklabs/2023-05_Melo,arbitrary_mint,49,gen,reentrancy_probe,greedy,0.0,0.0,False,False,False
defihacklabs,defihacklabs/2023-05_Melo,arbitrary_mint,50,mut,arg_shuffle,greedy,0.0,1.4468,True,True,False
defihacklabs,defihacklabs/2023-05_Melo,arbitrary_mint,51,mut,arg_shuffle,greedy,0.0,0.3404,False,False,False
defihacklabs,defihacklabs/2023-05_Melo,arbitrary_mint,52,mut,arg_shuffle,greedy,0.0,0.0,False,False,False
defihacklabs,defihacklabs/2023-05_Melo,arbitrary_mint,53,gen,reentrancy_probe,greedy,0.0,0.0851,False,False,False
defihacklabs,defihacklabs/2023-05_Melo,arbitrary_mint,54,mut,call_swap,random,0.0,0.0851,False,False,False
defihacklabs,defihacklabs/2023-05_Melo,arbitrary_mint,55,mut,value_perturb,greedy,0.0,0.0,False,False,False
defihacklabs,defihacklabs/2023-05_Melo,arbitrary_mint,56,gen,access_control_probe,greedy,0.0,0.0,False,False,False
defihacklabs,defihacklabs/2023-05_Melo,arbitrary_mint,57,gen,access_control_probe,random,0.0,0.9362,False,False,False
defihacklabs,defihacklabs/2023-05_Melo,arbitrary_mint,58,mut,value_perturb,random,0.0,0.8511,False,False,False
defihacklabs,defihacklabs/2023-05_Melo,arbitrary_mint,59,gen,access_control_probe,greedy,0.0,0.0,False,False,False
defihacklabs,defihacklabs/2023-05_Melo,arbitrary_mint,60,gen,price_oracle_probe,greedy,0.0,0.0,True,False,True
defihacklabs,defihacklabs/2023-05_Melo,arbitrary_mint,61,gen,arithmetic_probe,greedy,0.0,0.0,False,False,False
defihacklabs,defihacklabs/2023-05_Melo,arbitrary_mint,62,gen,price_oracle_probe,greedy,0.0,0.0,False,False,False
defihacklabs,defihacklabs/2023-05_Melo,arbitrary_mint,63,gen,logic_error_probe,greedy,0.0,0.0,False,False,False
defihacklabs,defihacklabs/2023-05_Melo,arbitrary_mint,64,mut,arg_shuffle,greedy,0.0,0.0,False,False,False
defihacklabs,defihacklabs/2023-05_Melo,arbitrary_mint,65,mut,call_insert,greedy,0.0,0.0,False,False,False
defihacklabs,defihacklabs/2023-05_Melo,arbitrary_mint,66,gen,reentrancy_probe,greedy,0.0,0.0,False,False,False
defihacklabs,defihacklabs/2023-05_Melo,arbitrary_mint,67,mut,call_swap,random,0.0,0.1702,False,False,False
defihacklabs,defihacklabs/2023-05_Melo,arbitrary_mint,68,mut,call_swap,greedy,0.0,0.0,False,False,False
defihacklabs,defihacklabs/2023-05_Melo,arbitrary_mint,69,mut,value_perturb,random,0.0,0.5957,True,True,False
defihacklabs,defihacklabs/2023-05_Melo,arbitrary_mint,70,mut,value_perturb,greedy,0.0,0.0,True,True,False
defihacklabs,defihacklabs/2023-05_Melo,arbitrary_mint,71,mut,value_perturb,greedy,0.0,0.0,False,False,False
defihacklabs,defihacklabs/2023-05_Melo,arbitrary_mint,72,gen,logic_error_probe,greedy,0.0,0.0,False,False,False
defihacklabs,defihacklabs/2023-05_Melo,arbitrary_mint,73,gen,access_control_probe,greedy,0.0,0.0,False,False,False
defihacklabs,defihacklabs/2023-05_Melo,arbitrary_mint,74,mut,value_perturb,greedy,0.0,0.0,False,False,False
defihacklabs,defihacklabs/2023-05_Melo,arbitrary_mint,75,mut,arg_shuffle,greedy,0.0,0.0,False,False,False
defihacklabs,defihacklabs/2023-05_Melo,arbitrary_mint,76,mut,call_swap,random,0.0,0.5957,True,True,False
defihacklabs,defihacklabs/2023-05_Melo,arbitrary_mint,77,mut,call_swap,greedy,0.0,0.0,False,False,False
defihacklabs,defihacklabs/2023-05_Melo,arbitrary_mint,78,mut,call_swap,random,0.0,0.2553,False,False,False
defihacklabs,defihacklabs/2023-05_Melo,arbitrary_mint,79,gen,access_control_probe,greedy,0.0,0.0,False,False,False
defihacklabs,defihacklabs/2023-05_Melo,arbitrary_mint,80,mut,call_insert,greedy,0.0,0.0,False,False,False
defihacklabs,defihacklabs/2023-05_Melo,arbitrary_mint,81,gen,reentrancy_probe,greedy,0.0,0.0,False,False,False
defihacklabs,defihacklabs/2023-05_Melo,arbitrary_mint,82,gen,price_oracle_probe,random,0.0,1.2766,False,False,False
defihacklabs,defihacklabs/2023-05_Melo,arbitrary_mint,83,gen,price_oracle_probe,greedy,0.0,0.1702,False,False,False
defihacklabs,defihacklabs/2023-05_Melo,arbitrary_mint,84,gen,price_oracle_probe,greedy,0.0,0.0,False,False,False
defihacklabs,defihacklabs/2023-05_Melo,arbitrary_mint,85,mut,value_perturb,greedy,0.0,0.0,False,False,False
defihacklabs,defihacklabs/2023-05_Melo,arbitrary_mint,86,gen,arithmetic_probe,greedy,0.0,0.0,False,False,False
defihacklabs,defihacklabs/2023-05_Melo,arbitrary_mint,87,mut,arg_shuffle,greedy,0.0,0.0,False,False,False
defihacklabs,defihacklabs/2023-05_Melo,arbitrary_mint,88,gen,access_control_probe,greedy,1.0,1.3617,False,False,False
defihacklabs,defihacklabs/2023-05_Melo,arbitrary_mint,89,gen,access_control_probe,greedy,0.0,0.0,False,False,False
defihacklabs,defihacklabs/2023-05_Melo,arbitrary_mint,90,gen,access_control_probe,greedy,0.0,0.0,False,False,False
defihacklabs,defihacklabs/2023-05_Melo,arbitrary_mint,91,gen,access_control_probe,greedy,0.0,1.1915,True,False,True
defihacklabs,defihacklabs/2023-05_Melo,arbitrary_mint,92,gen,access_control_probe,greedy,0.0,0.0,False,False,False
defihacklabs,defihacklabs/2023-05_Melo,arbitrary_mint,93,gen,access_control_probe,greedy,0.0,0.0,False,False,False
defihacklabs,defihacklabs/2023-05_Melo,arbitrary_mint,94,mut,call_swap,greedy,0.0,0.0851,False,False,False
defihacklabs,defihacklabs/2023-05_Melo,arbitrary_mint,95,gen,price_oracle_probe,greedy,0.0,0.0,False,False,False
defihacklabs,defihacklabs/2023-05_Melo,arbitrary_mint,96,mut,call_swap,greedy,0.0,0.0,False,False,False
defihacklabs,defihacklabs/2023-05_Melo,arbitrary_mint,97,gen,price_oracle_probe,greedy,0.0,0.0,False,False,False
defihacklabs,defihacklabs/2023-05_Melo,arbitrary_mint,98,mut,call_swap,greedy,0.0,0.0851,False,False,False
defihacklabs,defihacklabs/2023-05_Melo,arbitrary_mint,99,mut,call_swap,greedy,0.0,0.0,True,True,False
defihacklabs,defihacklabs/2022-04_cftoken,access_control,0,gen,reentrancy_probe,greedy,45.0,1.1688,False,False,False
defihacklabs,defihacklabs/2022-04_cftoken,access_control,1,gen,arithmetic_probe,random,17.0,0.9351,False,False,False
defihacklabs,defihacklabs/2022-04_cftoken,access_control,2,gen,access_control_probe,greedy,4.0,0.3636,False,False,False
defihacklabs,defihacklabs/2022-04_cftoken,access_control,3,gen,price_oracle_probe,greedy,1.0,0.5974,False,False,False
defihacklabs,defihacklabs/2022-04_cftoken,access_control,4,gen,logic_error_probe,random,23.0,1.3247,False,False,False
defihacklabs,defihacklabs/2022-04_cftoken,access_control,5,mut,value_perturb,greedy,0.0,0.6753,False,False,False
defihacklabs,defihacklabs/2022-04_cftoken,access_control,6,mut,call_insert,random,1.0,0.4156,False,False,False
defihacklabs,defihacklabs/2022-04_cftoken,access_control,7,mut,call_swap,greedy,4.0,0.4675,False,False,False
defihacklabs,defihacklabs/2022-04_cftoken,access_control,8,mut,arg_shuffle,greedy,0.0,1.5844,False,False,False
defihacklabs,defihacklabs/2022-04_cftoken,access_control,9,gen,reentrancy_probe,greedy,0.0,0.0,False,False,False
defihacklabs,defihacklabs/2022-04_cftoken,access_control,10,gen,arithmetic_probe,random,13.0,0.3896,False,False,False
defihacklabs,defihacklabs/2022-04_cftoken,access_control,11,gen,access_control_probe,greedy,0.0,0.0,False,False,False
defihacklabs,defihacklabs/2022-04_cftoken,access_control,12,gen,price_oracle_probe,greedy,0.0,0.0,False,False,False
defihacklabs,defihacklabs/2022-04_cftoken,access_control,13,gen,logic_error_probe,greedy,0.0,0.4675,False,False,False
defihacklabs,defihacklabs/2022-04_cftoken,access_control,14,mut,value_perturb,greedy,0.0,0.4156,False,False,False
defihacklabs,defihacklabs/2022-04_cftoken,access_control,15,mut,call_insert,random,1.0,0.1039,False,False,False
defihacklabs,defihacklabs/2022-04_cftoken,access_control,16,mut,call_swap,greedy,0.0,1.2208,False,False,False
defihacklabs,defihacklabs/2022-04_cftoken,access_control,17,mut,arg_shuffle,greedy,0.0,0.3636,False,False,False
defihacklabs,defihacklabs/2022-04_cftoken,access_control,18,gen,logic_error_probe,greedy,11.0,0.3117,False,False,False
defihacklabs,defihacklabs/2022-04_cftoken,access_control,19,gen,logic_error_probe,greedy,0.0,0.0,False,False,False
defihacklabs,defihacklabs/2022-04_cftoken,access_control,20,mut,call_swap,greedy,0.0,0.2857,False,False,False
defihacklabs,defihacklabs/2022-04_cftoken,access_control,21,mut,arg_shuffle,greedy,0.0,0.0,False,False,False
defihacklabs,defihacklabs/2022-04_cftoken,access_control,22,mut,call_swap,greedy,0.0,0.0519,False,False,False
defihacklabs,defihacklabs/2022-04_cftoken,access_control,23,gen,arithmetic_probe,random,16.0,1.4805,False,False,False
defihacklabs,defihacklabs/2022-04_cftoken,access_control,24,mut,arg_shuffle,greedy,0.0,0.0,False,False,False
defihacklabs,defihacklabs/2022-04_cftoken,access_control,25,gen,arithmetic_probe,greedy,0.0,0.0,False,False,False
defihacklabs,defihacklabs/2022-04_cftoken,access_control,26,gen,arithmetic_probe,greedy,1.0,0.026,False,False,False
defihacklabs,defihacklabs/2022-04_cftoken,access_control,27,mut,value_perturb,greedy,0.0,0.0,False,False,False
defihacklabs,defihacklabs/2022-04_cftoken,access_control,28,gen,reentrancy_probe,greedy,0.0,0.0,False,False,False
defihacklabs,defihacklabs/2022-04_cftoken,access_control,29,mut,call_swap,greedy,0.0,0.0,False,False,False
defihacklabs,defihacklabs/2022-04_cftoken,access_control,30,mut,value_perturb,greedy,0.0,1.3766,False,False,False
defihacklabs,defihacklabs/2022-04_cftoken,access_control,31,mut,value_perturb,greedy,0.0,0.0,False,False,False
defihacklabs,defihacklabs/2022-04_cftoken,access_control,32,gen,arithmetic_probe,greedy,1.0,0.4026,False,False,False
defihacklabs,defihacklabs/2022-04_cftoken,access_control,33,gen,arithmetic_probe,greedy,0.0,0.0,False,False,False
defihacklabs,defihacklabs/2022-04_cftoken,access_control,34,gen,logic_error_probe,greedy,0.0,0.0,False,False,False
defihacklabs,defihacklabs/2022-04_cftoken,access_control,35,gen,arithmetic_probe,greedy,0.0,0.0,False,False,False
defihacklabs,defihacklabs/2022-04_cftoken,access_control,36,mut,call_insert,greedy,8.0,1.6883,False,False,False
defihacklabs,defihacklabs/2022-04_cftoken,access_control,37,mut,call_insert,greedy,0.0,0.8312,False,False,False
defihacklabs,defihacklabs/2022-04_cftoken,access_control,38,mut,call_insert,greedy,0.0,0.0,False,False,False
defihacklabs,defihacklabs/2022-04_cftoken,access_control,39,mut,call_insert,greedy,0.0,0.0,False,False,False
defihacklabs,defihacklabs/2022-04_cftoken,access_control,40,mut,call_insert,greedy,0.0,0.0,False,False,False
defihacklabs,defihacklabs/2022-04_cftoken,access_control,41,gen,logic_error_probe,greedy,0.0,0.0,False,False,False
defihacklabs,defihacklabs/2022-04_cftoken,access_control,42,mut,value_perturb,greedy,0.0,0.3117,False,False,False
defihacklabs,defihacklabs/2022-04_cftoken,access_control,43,mut,value_perturb,greedy,0.0,0.5455,False,False,False
defihacklabs,defihacklabs/2022-04_cftoken,access_control,44,mut,value_perturb,greedy,0.0,0.0,False,False,False
defihacklabs,defihacklabs/2022-04_cftoken,access_control,45,mut,value_perturb,greedy,0.0,0.0,False,False,False
defihacklabs,defihacklabs/2022-04_cftoken,access_control,46,gen,price_oracle_probe,random,3.0,1.2987,False,False,False
defihacklabs,defihacklabs/2022-04_cftoken,access_control,47,gen,price_oracle_probe,greedy,0.0,0.0,False,False,False
defihacklabs,defihacklabs/2022-04_cftoken,access_control,48,gen,price_oracle_probe,greedy,0.0,0.8052,False,False,False
defihacklabs,defihacklabs/2022-04_cftoken,access_control,49,gen,price_oracle_probe,greedy,0.0,0.0,False,False,False
defihacklabs,defihacklabs/2022-04_cftoken,access_control,50,gen,price_oracle_probe,greedy,0.0,0.0,False,False,False
defihacklabs,defihacklabs/2022-04_cftoken,access_control,51,gen,reentrancy_probe,greedy,0.0,0.0,False,False,False
defihacklabs,defihacklabs/2022-04_cftoken,access_control,52,gen,price_oracle_probe,greedy,0.0,0.0,False,False,False
defihacklabs,defihacklabs/2022-04_cftoken,access_control,53,mut,arg_shuffle,greedy,0.0,0.0,False,False,False
defihacklabs,defihacklabs/2022-04_cftoken,access_control,54,mut,call_swap,random,5.0,0.2078,False,False,False
defihacklabs,defihacklabs/2022-04_cftoken,access_control,55,mut,call_swap,random,2.0,0.4416,False,False,False
defihacklabs,defihacklabs/2022-04_cftoken,access_control,56,mut,call_swap,random,0.0,0.5195,False,False,False
defihacklabs,defihacklabs/2022-04_cftoken,access_control,57,mut,call_swap,greedy,0.0,0.0,False,False,False
defihacklabs,defihacklabs/2022-04_cftoken,access_control,58,mut,value_perturb,random,0.0,0.0,False,False,False
defihacklabs,defihacklabs/2022-04_cftoken,access_control,59,mut,call_swap,greedy,0.0,0.0,False,False,False
defihacklabs,defihacklabs/2022-04_cftoken,access_control,60,mut,call_insert,greedy,0.0,0.0,False,False,False
defihacklabs,defihacklabs/2022-04_cftoken,access_control,61,mut,call_swap,greedy,0.0,0.0,False,False,False
defihacklabs,defihacklabs/2022-04_cftoken,access_control,62,gen,access_control_probe,greedy,0.0,0.0,False,False,False
defihacklabs,defihacklabs/2022-04_cftoken,access_control,63,gen,logic_error_probe,greedy,0.0,0.0,False,False,False
defihacklabs,defihacklabs/2022-04_cftoken,access_control,64,gen,arithmetic_probe,greedy,0.0,0.0,False,False,False
defihacklabs,defihacklabs/2022-04_cftoken,access_control,65,gen,access_control_probe,greedy,0.0,0.0,False,False,False
defihacklabs,defihacklabs/2022-04_cftoken,access_control,66,gen,reentrancy_probe,greedy,0.0,0.026,False,False,False
defihacklabs,defihacklabs/2022-04_cftoken,access_control,67,mut,call_swap,greedy,0.0,0.0,False,False,False
defihacklabs,defihacklabs/2022-04_cftoken,access_control,68,gen,reentrancy_probe,random,0.0,0.3896,False,False,False
defihacklabs,defihacklabs/2022-04_cftoken,access_control,69,gen,arithmetic_probe,greedy,0.0,0.0,False,False,False
defihacklabs,defihacklabs/2022-04_cftoken,access_control,70,gen,arithmetic_probe,greedy,0.0,0.0,False,False,False
defihacklabs,defihacklabs/2022-04_cftoken,access_control,71,gen,price_oracle_probe,random,6.0,0.4416,False,False,False
defihacklabs,defihacklabs/2022-04_cftoken,access_control,72,gen,price_oracle_probe,greedy,0.0,0.0,False,False,False
defihacklabs,defihacklabs/2022-04_cftoken,access_control,73,gen,price_oracle_probe,greedy,0.0,0.0,False,False,False
defihacklabs,defihacklabs/2022-04_cftoken,access_control,74,gen,price_oracle_probe,greedy,0.0,0.0,False,False,False
defihacklabs,defihacklabs/2022-04_cftoken,access_control,75,mut,arg_shuffle,random,0.0,0.3377,False,False,False
defihacklabs,defihacklabs/2022-04_cftoken,access_control,76,mut,arg_shuffle,greedy,0.0,0.0,False,False,False
defihacklabs,defihacklabs/2022-04_cftoken,access_control,77,mut,arg_shuffle,greedy,0.0,0.6753,False,False,False
defihacklabs,defihacklabs/2022-04_cftoken,access_control,78,mut,arg_shuffle,greedy,0.0,0.0,False,False,False
defihacklabs,defihacklabs/2022-04_cftoken,access_control,79,mut,arg_shuffle,greedy,0.0,0.0,False,False,False
defihacklabs,defihacklabs/2022-04_cftoken,access_control,80,gen,reentrancy_probe,greedy,0.0,0.0,False,False,False
defihacklabs,defihacklabs/2022-04_cftoken,access_control,81,gen,reentrancy_probe,greedy,0.0,0.0,False,False,False
defihacklabs,defihacklabs/2022-04_cftoken,access_control,82,gen,price_oracle_probe,greedy,0.0,0.0,False,False,False
defihacklabs,defihacklabs/2022-04_cftoken,access_control,83,gen,logic_error_probe,random,5.0,1.5065,False,False,False
defihacklabs,defihacklabs/2022-04_cftoken,access_control,84,gen,logic_error_probe,greedy,0.0,0.0779,False,False,False
defihacklabs,defihacklabs/2022-04_cftoken,access_control,85,gen,logic_error_probe,greedy,0.0,0.0,False,False,False
defihacklabs,defihacklabs/2022-04_cftoken,access_control,86,gen,logic_error_probe,greedy,0.0,0.0,False,False,False
defihacklabs,defihacklabs/2022-04_cftoken,access_control,87,gen,logic_error_probe,greedy,0.0,0.0,False,False,False
defihacklabs,defihacklabs/2022-04_cftoken,access_control,88,gen,logic_error_probe,greedy,0.0,0.0,False,False,False
defihacklabs,defihacklabs/2022-04_cftoken,access_control,89,gen,reentrancy_probe,greedy,0.0,0.0,False,False,False
defihacklabs,defihacklabs/2022-04_cftoken,access_control,90,mut,arg_shuffle,greedy,0.0,0.1818,False,False,False
defihacklabs,defihacklabs/2022-04_cftoken,access_control,91,mut,arg_shuffle,greedy,0.0,0.0,False,False,False
defihacklabs,defihacklabs/2022-04_cftoken,access_control,92,mut,arg_shuffle,greedy,0.0,0.0,False,False,False
defihacklabs,defihacklabs/2022-04_cftoken,access_control,93,mut,arg_shuffle,greedy,0.0,0.0,False,False,False
defihacklabs,defihacklabs/2022-04_cftoken,access_control,94,mut,call_insert,greedy,0.0,0.026,False,False,False
defihacklabs,defihacklabs/2022-04_cftoken,access_control,95,mut,call_insert,greedy,0.0,0.0,False,False,False
defihacklabs,defihacklabs/2022-04_cftoken,access_control,96,mut,value_perturb,greedy,0.0,0.0,False,False,False
defihacklabs,defihacklabs/2022-04_cftoken,access_control,97,mut,arg_shuffle,greedy,0.0,0.0,False,False,False
defihacklabs,defihacklabs/2022-04_cftoken,access_control,98,gen,access_control_probe,greedy,0.0,0.0,False,False,False
defihacklabs,defihacklabs/2022-04_cftoken,access_control,99,gen,price_oracle_probe,greedy,0.0,0.0,False,False,False
defihacklabs,defihacklabs/2018-04_BEC,business_logic,0,gen,reentrancy_probe,greedy,22.0,1.1579,False,False,False
defihacklabs,defihacklabs/2018-04_BEC,business_logic,1,gen,arithmetic_probe,greedy,5.0,1.1053,False,False,False
defihacklabs,defihacklabs/2018-04_BEC,business_logic,2,gen,access_control_probe,greedy,8.0,1.5263,False,False,False
defihacklabs,defihacklabs/2018-04_BEC,business_logic,3,gen,price_oracle_probe,greedy,0.0,1.1579,False,False,False
defihacklabs,defihacklabs/2018-04_BEC,business_logic,4,gen,logic_error_probe,greedy,1.0,1.0526,False,False,False
defihacklabs,defihacklabs/2018-04_BEC,business_logic,5,mut,value_perturb,random,0.0,1.1579,False,False,False
defihacklabs,defihacklabs/2018-04_BEC,business_logic,6,mut,call_insert,greedy,9.0,1.0526,False,False,False
defihacklabs,defihacklabs/2018-04_BEC,business_logic,7,mut,call_swap,greedy,0.0,0.7368,False,False,False
defihacklabs,defihacklabs/2018-04_BEC,business_logic,8,mut,arg_shuffle,greedy,0.0,1.5263,False,False,False
defihacklabs,defihacklabs/2018-04_BEC,business_logic,9,gen,reentrancy_probe,greedy,0.0,0.0,False,False,False
defihacklabs,defihacklabs/2018-04_BEC,business_logic,10,gen,arithmetic_probe,greedy,0.0,0.3158,False,False,False
defihacklabs,defihacklabs/2018-04_BEC,business_logic,11,gen,access_control_probe,greedy,1.0,0.0526,False,False,False
defihacklabs,defihacklabs/2018-04_BEC,business_logic,12,gen,price_oracle_probe,greedy,3.0,0.1579,False,False,False
defihacklabs,defihacklabs/2018-04_BEC,business_logic,13,gen,logic_error_probe,greedy,0.0,0.1579,False,False,False
defihacklabs,defihacklabs/2018-04_BEC,business_logic,14,mut,value_perturb,greedy,0.0,0.4211,False,False,False
defihacklabs,defihacklabs/2018-04_BEC,business_logic,15,mut,call_insert,greedy,0.0,0.0,False,False,False
defihacklabs,defihacklabs/2018-04_BEC,business_logic,16,mut,call_swap,greedy,0.0,0.0,False,False,False
defihacklabs,defihacklabs/2018-04_BEC,business_logic,17,mut,arg_shuffle,greedy,0.0,0.4737,False,False,False
defihacklabs,defihacklabs/2018-04_BEC,business_logic,18,mut,arg_shuffle,random,0.0,0.0,False,False,False
defihacklabs,defihacklabs/2018-04_BEC,business_logic,19,mut,value_perturb,greedy,0.0,0.0526,False,False,False
defihacklabs,defihacklabs/2018-04_BEC,business_logic,20,gen,arithmetic_probe,greedy,0.0,0.0,False,False,False
defihacklabs,defihacklabs/2018-04_BEC,business_logic,21,gen,access_control_probe,greedy,0.0,0.0526,False,False,False
defihacklabs,defihacklabs/2018-04_BEC,business_logic,22,mut,call_insert,greedy,0.0,0.5789,False,False,False
defihacklabs,defihacklabs/2018-04_BEC,business_logic,23,mut,call_insert,random,0.0,0.0,False,False,False
defihacklabs,defihacklabs/2018-04_BEC,business_logic,24,gen,price_oracle_probe,greedy,0.0,0.0526,False,False,False
defihacklabs,defihacklabs/2018-04_BEC,business_logic,25,gen,logic_error_probe,greedy,0.0,0.0,False,False,False
defihacklabs,defihacklabs/2018-04_BEC,business_logic,26,mut,arg_shuffle,greedy,0.0,0.0,False,False,False
defihacklabs,defihacklabs/2018-04_BEC,business_logic,27,gen,price_oracle_probe,greedy,0.0,0.3684,False,False,False
defihacklabs,defihacklabs/2018-04_BEC,business_logic,28,mut,call_swap,greedy,0.0,0.8947,False,False,False
defihacklabs,defihacklabs/2018-04_BEC,business_logic,29,mut,call_swap,greedy,0.0,0.2632,False,False,False
defihacklabs,defihacklabs/2018-04_BEC,business_logic,30,mut,call_swap,random,0.0,0.0,False,False,False
defihacklabs,defihacklabs/2018-04_BEC,business_logic,31,gen,reentrancy_probe,greedy,0.0,0.0,False,False,False
defihacklabs,defihacklabs/2018-04_BEC,business_logic,32,gen,price_oracle_probe,random,4.0,3.5789,False,False,False
defihacklabs,defihacklabs/2018-04_BEC,business_logic,33,gen,price_oracle_probe,greedy,0.0,0.0,False,False,False
defihacklabs,defihacklabs/2018-04_BEC,business_logic,34,gen,price_oracle_probe,greedy,0.0,0.0,False,False,False
defihacklabs,defihacklabs/2018-04_BEC,business_logic,35,gen,price_oracle_probe,greedy,0.0,0.0,False,False,False
defihacklabs,defihacklabs/2018-04_BEC,business_logic,36,mut,value_perturb,greedy,0.0,0.1579,False,False,False
defihacklabs,defihacklabs/2018-04_BEC,business_logic,37,gen,price_oracle_probe,greedy,0.0,0.1579,False,False,False
defihacklabs,defihacklabs/2018-04_BEC,business_logic,38,gen,access_control_probe,greedy,0.0,0.4211,False,False,False
defihacklabs,defihacklabs/2018-04_BEC,business_logic,39,gen,access_control_probe,greedy,0.0,0.0,False,False,False
defihacklabs,defihacklabs/2018-04_BEC,business_logic,40,gen,arithmetic_probe,random,4.0,2.4737,False,False,False
defihacklabs,defihacklabs/2018-04_BEC,business_logic,41,gen,arithmetic_probe,greedy,0.0,0.0,False,False,False
defihacklabs,defihacklabs/2018-04_BEC,business_logic,42,gen,arithmetic_probe,greedy,0.0,0.1579,False,False,False
defihacklabs,defihacklabs/2018-04_BEC,business_logic,43,gen,arithmetic_probe,greedy,3.0,0.3684,False,False,False
defihacklabs,defihacklabs/2018-04_BEC,business_logic,44,gen,arithmetic_probe,random,7.0,0.3684,False,False,False
defihacklabs,defihacklabs/2018-04_BEC,business_logic,45,gen,arithmetic_probe,greedy,0.0,0.0,False,False,False
defihacklabs,defihacklabs/2018-04_BEC,business_logic,46,mut,value_perturb,greedy,0.0,0.0,False,False,False
defihacklabs,defihacklabs/2018-04_BEC,business_logic,47,mut,call_insert,greedy,0.0,0.0,False,False,False
defihacklabs,defihacklabs/2018-04_BEC,business_logic,48,gen,price_oracle_probe,greedy,0.0,0.0,False,False,False
defihacklabs,defihacklabs/2018-04_BEC,business_logic,49,gen,logic_error_probe,random,5.0,0.3684,False,False,False
defihacklabs,defihacklabs/2018-04_BEC,business_logic,50,gen,logic_error_probe,greedy,0.0,0.4737,False,False,False
defihacklabs,defihacklabs/2018-04_BEC,business_logic,51,gen,arithmetic_probe,greedy,0.0,0.0,False,False,False
defihacklabs,defihacklabs/2018-04_BEC,business_logic,52,mut,call_insert,greedy,0.0,0.3684,False,False,False
defihacklabs,defihacklabs/2018-04_BEC,business_logic,53,gen,reentrancy_probe,greedy,0.0,0.0526,False,False,False
defihacklabs,defihacklabs/2018-04_BEC,business_logic,54,gen,logic_error_probe,greedy,0.0,0.0526,False,False,False
defihacklabs,defihacklabs/2018-04_BEC,business_logic,55,gen,logic_error_probe,greedy,0.0,0.0,False,False,False
defihacklabs,defihacklabs/2018-04_BEC,business_logic,56,gen,access_control_probe,greedy,0.0,0.0,False,False,False
defihacklabs,defihacklabs/2018-04_BEC,business_logic,57,mut,arg_shuffle,greedy,0.0,0.0,False,False,False
defihacklabs,defihacklabs/2018-04_BEC,business_logic,58,gen,logic_error_probe,greedy,0.0,0.3684,False,False,False
defihacklabs,defihacklabs/2018-04_BEC,business_logic,59,gen,logic_error_probe,greedy,0.0,0.0,False,False,False
defihacklabs,defihacklabs/2018-04_BEC,business_logic,60,mut,call_swap,greedy,0.0,0.3684,False,False,False
defihacklabs,defihacklabs/2018-04_BEC,business_logic,61,mut,call_swap,greedy,0.0,0.3684,False,False,False
defihacklabs,defihacklabs/2018-04_BEC,business_logic,62,mut,call_swap,greedy,0.0,0.0,False,False,False
defihacklabs,defihacklabs/2018-04_BEC,business_logic,63,mut,call_swap,greedy,0.0,0.0526,False,False,False
defihacklabs,defihacklabs/2018-04_BEC,business_logic,64,gen,arithmetic_probe,greedy,0.0,0.0526,False,False,False
defihacklabs,defihacklabs/2018-04_BEC,business_logic,65,mut,call_insert,greedy,0.0,0.0,False,False,False
defihacklabs,defihacklabs/2018-04_BEC,business_logic,66,mut,call_swap,random,0.0,0.1579,False,False,False
defihacklabs,defihacklabs/2018-04_BEC,business_logic,67,mut,call_insert,greedy,0.0,0.0,False,False,False
defihacklabs,defihacklabs/2018-04_BEC,business_logic,68,gen,reentrancy_probe,greedy,0.0,0.0,False,False,False
defihacklabs,defihacklabs/2018-04_BEC,business_logic,69,gen,access_control_probe,greedy,0.0,0.0,False,False,False
defihacklabs,defihacklabs/2018-04_BEC,business_logic,70,gen,arithmetic_probe,greedy,0.0,0.0,False,False,False
defihacklabs,defihacklabs/2018-04_BEC,business_logic,71,gen,logic_error_probe,greedy,0.0,0.0,False,False,False
defihacklabs,defihacklabs/2018-04_BEC,business_logic,72,mut,value_perturb,greedy,0.0,0.0,False,False,False
defihacklabs,defihacklabs/2018-04_BEC,business_logic,73,gen,price_oracle_probe,random,16.0,13.5789,False,False,False
defihacklabs,defihacklabs/2018-04_BEC,business_logic,74,gen,arithmetic_probe,greedy,0.0,0.0,False,False,False
defihacklabs,defihacklabs/2018-04_BEC,business_logic,75,gen,price_oracle_probe,greedy,0.0,0.0,False,False,False
defihacklabs,defihacklabs/2018-04_BEC,business_logic,76,gen,price_oracle_probe,greedy,0.0,0.0,False,False,False
defihacklabs,defihacklabs/2018-04_BEC,business_logic,77,gen,price_oracle_probe,greedy,0.0,0.0,False,False,False
defihacklabs,defihacklabs/2018-04_BEC,business_logic,78,gen,price_oracle_probe,greedy,0.0,0.0,False,False,False
defihacklabs,defihacklabs/2018-04_BEC,business_logic,79,mut,call_swap,greedy,0.0,0.0526,False,False,False
defihacklabs,defihacklabs/2018-04_BEC,business_logic,80,gen,price_oracle_probe,greedy,0.0,0.0,False,False,False
defihacklabs,defihacklabs/2018-04_BEC,business_logic,81,mut,call_swap,greedy,0.0,0.0,False,False,False
defihacklabs,defihacklabs/2018-04_BEC,business_logic,82,gen,reentrancy_probe,greedy,0.0,0.0,False,False,False
defihacklabs,defihacklabs/2018-04_BEC,business_logic,83,mut,arg_shuffle,greedy,0.0,0.0,False,False,False
defihacklabs,defihacklabs/2018-04_BEC,business_logic,84,gen,logic_error_probe,greedy,0.0,0.0,False,False,False
defihacklabs,defihacklabs/2018-04_BEC,business_logic,85,mut,call_insert,greedy,0.0,0.0526,False,False,False
defihacklabs,defihacklabs/2018-04_BEC,business_logic,86,mut,call_insert,greedy,0.0,0.0,False,False,False
defihacklabs,defihacklabs/2018-04_BEC,business_logic,87,mut,call_swap,greedy,0.0,0.0,False,False,False
defihacklabs,defihacklabs/2018-04_BEC,business_logic,88,mut,value_perturb,greedy,0.0,0.0,False,False,False
defihacklabs,defihacklabs/2018-04_BEC,business_logic,89,mut,call_insert,greedy,0.0,0.0526,False,False,False
defihacklabs,defihacklabs/2018-04_BEC,business_logic,90,gen,access_control_probe,greedy,0.0,0.1053,False,False,False
defihacklabs,defihacklabs/2018-04_BEC,business_logic,91,gen,price_oracle_probe,greedy,0.0,0.0,False,False,False
defihacklabs,defihacklabs/2018-04_BEC,business_logic,92,gen,access_control_probe,greedy,0.0,0.0,False,False,False
defihacklabs,defihacklabs/2018-04_BEC,business_logic,93,gen,price_oracle_probe,greedy,0.0,0.0,False,False,False
defihacklabs,defihacklabs/2018-04_BEC,business_logic,94,gen,access_control_probe,greedy,0.0,0.0,False,False,False
defihacklabs,defihacklabs/2018-04_BEC,business_logic,95,gen,price_oracle_probe,greedy,0.0,0.0,False,False,False
defihacklabs,defihacklabs/2018-04_BEC,business_logic,96,mut,arg_shuffle,greedy,0.0,0.0,False,False,False
defihacklabs,defihacklabs/2018-04_BEC,business_logic,97,gen,access_control_probe,greedy,0.0,0.0,False,False,False
defihacklabs,defihacklabs/2018-04_BEC,business_logic,98,gen,logic_error_probe,greedy,0.0,0.0,False,False,False
defihacklabs,defihacklabs/2018-04_BEC,business_logic,99,gen,reentrancy_probe,greedy,0.0,0.0,False,False,False
defihacklabs,defihacklabs/2020-06_Bancor,access_control,0,gen,reentrancy_probe,greedy,39.0,0.6094,False,False,False
defihacklabs,defihacklabs/2020-06_Bancor,access_control,1,gen,arithmetic_probe,greedy,1.0,0.5781,False,False,False
defihacklabs,defihacklabs/2020-06_Bancor,access_control,2,gen,access_control_probe,greedy,2.0,0.5938,False,False,False
defihacklabs,defihacklabs/2020-06_Bancor,access_control,3,gen,price_oracle_probe,random,21.0,0.8594,False,False,False
defihacklabs,defihacklabs/2020-06_Bancor,access_control,4,gen,logic_error_probe,greedy,3.0,0.6094,False,False,False
defihacklabs,defihacklabs/2020-06_Bancor,access_control,5,mut,value_perturb,greedy,0.0,0.6094,False,False,False
defihacklabs,defihacklabs/2020-06_Bancor,access_control,6,mut,call_insert,greedy,0.0,0.5312,False,False,False
defihacklabs,defihacklabs/2020-06_Bancor,access_control,7,mut,call_swap,greedy,0.0,0.5938,False,False,False
defihacklabs,defihacklabs/2020-06_Bancor,access_control,8,mut,arg_shuffle,random,1.0,0.625,False,False,False
defihacklabs,defihacklabs/2020-06_Bancor,access_control,9,gen,reentrancy_probe,greedy,0.0,0.0,False,False,False
defihacklabs,defihacklabs/2020-06_Bancor,access_control,10,gen,arithmetic_probe,random,11.0,0.3438,False,False,False
defihacklabs,defihacklabs/2020-06_Bancor,access_control,11,gen,access_control_probe,greedy,0.0,0.0,False,False,False
defihacklabs,defihacklabs/2020-06_Bancor,access_control,12,gen,price_oracle_probe,greedy,1.0,0.0469,False,False,False
defihacklabs,defihacklabs/2020-06_Bancor,access_control,13,gen,logic_error_probe,greedy,0.0,0.0469,False,False,False
defihacklabs,defihacklabs/2020-06_Bancor,access_control,14,mut,value_perturb,greedy,0.0,0.0,False,False,False
defihacklabs,defihacklabs/2020-06_Bancor,access_control,15,mut,call_insert,greedy,0.0,0.125,False,False,False
defihacklabs,defihacklabs/2020-06_Bancor,access_control,16,mut,call_swap,greedy,0.0,0.3438,False,False,False
defihacklabs,defihacklabs/2020-06_Bancor,access_control,17,mut,arg_shuffle,greedy,0.0,0.2656,False,False,False
defihacklabs,defihacklabs/2020-06_Bancor,access_control,18,mut,call_swap,greedy,0.0,0.0,False,False,False
defihacklabs,defihacklabs/2020-06_Bancor,access_control,19,gen,arithmetic_probe,greedy,0.0,0.0,False,False,False
defihacklabs,defihacklabs/2020-06_Bancor,access_control,20,mut,arg_shuffle,random,0.0,0.0625,False,False,False
defihacklabs,defihacklabs/2020-06_Bancor,access_control,21,gen,price_oracle_probe,greedy,0.0,0.0312,False,False,False
defihacklabs,defihacklabs/2020-06_Bancor,access_control,22,mut,call_insert,greedy,0.0,0.0,False,False,False
defihacklabs,defihacklabs/2020-06_Bancor,access_control,23,gen,logic_error_probe,greedy,0.0,0.0156,False,False,False
defihacklabs,defihacklabs/2020-06_Bancor,access_control,24,mut,arg_shuffle,greedy,0.0,0.0156,False,False,False
defihacklabs,defihacklabs/2020-06_Bancor,access_control,25,mut,call_swap,greedy,0.0,0.0156,False,False,False
defihacklabs,defihacklabs/2020-06_Bancor,access_control,26,gen,arithmetic_probe,greedy,0.0,0.0,False,False,False
defihacklabs,defihacklabs/2020-06_Bancor,access_control,27,gen,reentrancy_probe,greedy,2.0,0.4531,False,False,False
defihacklabs,defihacklabs/2020-06_Bancor,access_control,28,gen,price_oracle_probe,greedy,0.0,0.0,False,False,False
defihacklabs,defihacklabs/2020-06_Bancor,access_control,29,mut,call_swap,greedy,0.0,0.0156,False,False,False
defihacklabs,defihacklabs/2020-06_Bancor,access_control,30,gen,reentrancy_probe,random,14.0,0.3438,False,False,False
defihacklabs,defihacklabs/2020-06_Bancor,access_control,31,gen,reentrancy_probe,greedy,2.0,0.0781,False,False,False
defihacklabs,defihacklabs/2020-06_Bancor,access_control,32,gen,reentrancy_probe,greedy,0.0,0.0,False,False,False
defihacklabs,defihacklabs/2020-06_Bancor,access_control,33,gen,price_oracle_probe,greedy,0.0,0.0,False,False,False
defihacklabs,defihacklabs/2020-06_Bancor,access_control,34,mut,value_perturb,greedy,0.0,0.0938,False,False,False
defihacklabs,defihacklabs/2020-06_Bancor,access_control,35,gen,access_control_probe,greedy,0.0,0.0,False,False,False
defihacklabs,defihacklabs/2020-06_Bancor,access_control,36,mut,value_perturb,random,0.0,0.0,False,False,False
defihacklabs,defihacklabs/2020-06_Bancor,access_control,37,gen,reentrancy_probe,greedy,0.0,0.0312,False,False,False
defihacklabs,defihacklabs/2020-06_Bancor,access_control,38,mut,call_insert,greedy,0.0,0.2031,False,False,False
defihacklabs,defihacklabs/2020-06_Bancor,access_control,39,mut,call_insert,greedy,4.0,0.7969,False,False,False
defihacklabs,defihacklabs/2020-06_Bancor,access_control,40,mut,call_insert,greedy,1.0,0.0156,False,False,False
defihacklabs,defihacklabs/2020-06_Bancor,access_control,41,mut,call_insert,greedy,0.0,0.0,False,False,False
defihacklabs,defihacklabs/2020-06_Bancor,access_control,42,mut,call_swap,greedy,0.0,0.1406,False,False,False
defihacklabs,defihacklabs/2020-06_Bancor,access_control,43,mut,call_insert,greedy,0.0,0.0,False,False,False
defihacklabs,defihacklabs/2020-06_Bancor,access_control,44,mut,call_insert,greedy,0.0,0.0,False,False,False
defihacklabs,defihacklabs/2020-06_Bancor,access_control,45,gen,logic_error_probe,greedy,0.0,0.0,False,False,False
defihacklabs,defihacklabs/2020-06_Bancor,access_control,46,mut,arg_shuffle,greedy,0.0,0.0469,False,False,False
defihacklabs,defihacklabs/2020-06_Bancor,access_control,47,mut,call_swap,greedy,0.0,0.0625,False,False,False
defihacklabs,defihacklabs/2020-06_Bancor,access_control,48,gen,arithmetic_probe,greedy,0.0,0.1094,False,False,False
defihacklabs,defihacklabs/2020-06_Bancor,access_control,49,gen,arithmetic_probe,random,2.0,0.3438,False,False,False
defihacklabs,defihacklabs/2020-06_Bancor,access_control,50,gen,arithmetic_probe,greedy,0.0,0.0156,False,False,False
defihacklabs,defihacklabs/2020-06_Bancor,access_control,51,gen,arithmetic_probe,greedy,0.0,0.0,False,False,False
defihacklabs,defihacklabs/2020-06_Bancor,access_control,52,mut,call_swap,greedy,0.0,0.0312,False,False,False
defihacklabs,defihacklabs/2020-06_Bancor,access_control,53,gen,access_control_probe,random,2.0,0.2656,False,False,False
defihacklabs,defihacklabs/2020-06_Bancor,access_control,54,gen,access_control_probe,random,2.0,0.0781,False,False,False
defihacklabs,defihacklabs/2020-06_Bancor,access_control,55,gen,access_control_probe,greedy,2.0,0.0312,False,False,False
defihacklabs,defihacklabs/2020-06_Bancor,access_control,56,gen,access_control_probe,greedy,0.0,0.0,False,False,False
defihacklabs,defihacklabs/2020-06_Bancor,access_control,57,mut,arg_shuffle,greedy,0.0,0.0,False,False,False
defihacklabs,defihacklabs/2020-06_Bancor,access_control,58,gen,reentrancy_probe,greedy,1.0,0.0469,False,False,False
defihacklabs,defihacklabs/2020-06_Bancor,access_control,59,mut,value_perturb,greedy,0.0,0.0,False,False,False
defihacklabs,defihacklabs/2020-06_Bancor,access_control,60,mut,call_insert,greedy,0.0,0.0156,False,False,False
defihacklabs,defihacklabs/2020-06_Bancor,access_control,61,gen,arithmetic_probe,greedy,0.0,0.0,False,False,False
defihacklabs,defihacklabs/2020-06_Bancor,access_control,62,gen,reentrancy_probe,greedy,0.0,0.0156,False,False,False
defihacklabs,defihacklabs/2020-06_Bancor,access_control,63,mut,call_swap,greedy,0.0,0.0156,False,False,False
defihacklabs,defihacklabs/2020-06_Bancor,access_control,64,gen,logic_error_probe,greedy,0.0,0.0,False,False,False
defihacklabs,defihacklabs/2020-06_Bancor,access_control,65,gen,access_control_probe,greedy,0.0,0.0312,False,False,False
defihacklabs,defihacklabs/2020-06_Bancor,access_control,66,gen,reentrancy_probe,greedy,0.0,0.0,False,False,False
defihacklabs,defihacklabs/2020-06_Bancor,access_control,67,gen,access_control_probe,greedy,0.0,0.0,False,False,False
defihacklabs,defihacklabs/2020-06_Bancor,access_control,68,mut,call_swap,greedy,0.0,0.0,False,False,False
defihacklabs,defihacklabs/2020-06_Bancor,access_control,69,gen,price_oracle_probe,greedy,0.0,0.0625,False,False,False
defihacklabs,defihacklabs/2020-06_Bancor,access_control,70,gen,price_oracle_probe,greedy,0.0,0.0,False,False,False
defihacklabs,defihacklabs/2020-06_Bancor,access_control,71,gen,arithmetic_probe,greedy,0.0,0.0,False,False,False
defihacklabs,defihacklabs/2020-06_Bancor,access_control,72,gen,logic_error_probe,greedy,0.0,0.0,False,False,False
defihacklabs,defihacklabs/2020-06_Bancor,access_control,73,mut,call_insert,greedy,0.0,0.2188,False,False,False
defihacklabs,defihacklabs/2020-06_Bancor,access_control,74,gen,reentrancy_probe,greedy,0.0,0.0,False,False,False
defihacklabs,defihacklabs/2020-06_Bancor,access_control,75,mut,arg_shuffle,greedy,0.0,0.0625,False,False,False
defihacklabs,defihacklabs/2020-06_Bancor,access_control,76,mut,arg_shuffle,greedy,0.0,0.0,False,False,False
defihacklabs,defihacklabs/2020-06_Bancor,access_control,77,mut,value_perturb,greedy,0.0,0.0938,False,False,False
defihacklabs,defihacklabs/2020-06_Bancor,access_control,78,mut,value_perturb,greedy,0.0,0.0,False,False,False
defihacklabs,defihacklabs/2020-06_Bancor,access_control,79,mut,value_perturb,greedy,0.0,0.0,False,False,False
defihacklabs,defihacklabs/2020-06_Bancor,access_control,80,mut,arg_shuffle,greedy,0.0,0.0,False,False,False
defihacklabs,defihacklabs/2020-06_Bancor,access_control,81,gen,access_control_probe,fallback_other,8.0,2.2344,False,False,False
defihacklabs,defihacklabs/2020-06_Bancor,access_control,82,gen,price_oracle_probe,greedy,0.0,0.0,False,False,False
defihacklabs,defihacklabs/2020-06_Bancor,access_control,83,gen,logic_error_probe,greedy,0.0,0.0312,False,False,False
defihacklabs,defihacklabs/2020-06_Bancor,access_control,84,gen,access_control_probe,random,0.0,0.1094,False,False,False
defihacklabs,defihacklabs/2020-06_Bancor,access_control,85,gen,access_control_probe,greedy,0.0,0.0,False,False,False
defihacklabs,defihacklabs/2020-06_Bancor,access_control,86,gen,access_control_probe,greedy,0.0,0.0,False,False,False
defihacklabs,defihacklabs/2020-06_Bancor,access_control,87,gen,access_control_probe,greedy,0.0,0.0,False,False,False
defihacklabs,defihacklabs/2020-06_Bancor,access_control,88,gen,access_control_probe,greedy,0.0,0.0,False,False,False
defihacklabs,defihacklabs/2020-06_Bancor,access_control,89,mut,call_insert,random,0.0,0.2344,False,False,False
defihacklabs,defihacklabs/2020-06_Bancor,access_control,90,mut,value_perturb,greedy,0.0,0.0,False,False,False
defihacklabs,defihacklabs/2020-06_Bancor,access_control,91,mut,call_insert,greedy,0.0,0.0,False,False,False
defihacklabs,defihacklabs/2020-06_Bancor,access_control,92,mut,call_insert,random,0.0,0.0312,False,False,False
defihacklabs,defihacklabs/2020-06_Bancor,access_control,93,mut,call_insert,greedy,1.0,0.1797,False,False,False
defihacklabs,defihacklabs/2020-06_Bancor,access_control,94,mut,call_insert,greedy,0.0,0.0,False,False,False
defihacklabs,defihacklabs/2020-06_Bancor,access_control,95,mut,call_insert,random,0.0,0.0,False,False,False
defihacklabs,defihacklabs/2020-06_Bancor,access_control,96,mut,call_insert,greedy,0.0,0.0,False,False,False
defihacklabs,defihacklabs/2020-06_Bancor,access_control,97,gen,logic_error_probe,greedy,0.0,0.0312,False,False,False
defihacklabs,defihacklabs/2020-06_Bancor,access_control,98,gen,logic_error_probe,greedy,0.0,0.0,False,False,False
defihacklabs,defihacklabs/2020-06_Bancor,access_control,99,gen,access_control_probe,greedy,0.0,0.0156,False,False,False
defihacklabs,defihacklabs/2024-02_SwarmMarkets,arbitrary_mint,0,gen,reentrancy_probe,random,53.0,1.945,False,False,False
defihacklabs,defihacklabs/2024-02_SwarmMarkets,arbitrary_mint,1,gen,arithmetic_probe,random,5.0,0.4771,False,False,False
defihacklabs,defihacklabs/2024-02_SwarmMarkets,arbitrary_mint,2,gen,access_control_probe,greedy,5.0,0.5872,False,False,False
defihacklabs,defihacklabs/2024-02_SwarmMarkets,arbitrary_mint,3,gen,price_oracle_probe,greedy,6.0,0.6239,False,False,False
defihacklabs,defihacklabs/2024-02_SwarmMarkets,arbitrary_mint,4,gen,logic_error_probe,greedy,5.0,0.5872,False,False,False
defihacklabs,defihacklabs/2024-02_SwarmMarkets,arbitrary_mint,5,mut,value_perturb,greedy,5.0,0.6972,False,False,False
defihacklabs,defihacklabs/2024-02_SwarmMarkets,arbitrary_mint,6,mut,call_insert,greedy,0.0,0.9174,False,False,False
defihacklabs,defihacklabs/2024-02_SwarmMarkets,arbitrary_mint,7,mut,call_swap,greedy,0.0,0.4771,False,False,False
defihacklabs,defihacklabs/2024-02_SwarmMarkets,arbitrary_mint,8,mut,arg_shuffle,greedy,0.0,0.5872,False,False,False
defihacklabs,defihacklabs/2024-02_SwarmMarkets,arbitrary_mint,9,gen,reentrancy_probe,greedy,10.0,0.6972,False,False,False
defihacklabs,defihacklabs/2024-02_SwarmMarkets,arbitrary_mint,10,gen,arithmetic_probe,greedy,0.0,0.0,False,False,False
defihacklabs,defihacklabs/2024-02_SwarmMarkets,arbitrary_mint,11,gen,access_control_probe,greedy,0.0,5.3303,True,False,True
defihacklabs,defihacklabs/2024-02_SwarmMarkets,arbitrary_mint,12,gen,price_oracle_probe,greedy,0.0,0.3303,False,False,False
defihacklabs,defihacklabs/2024-02_SwarmMarkets,arbitrary_mint,13,gen,logic_error_probe,greedy,4.0,0.6239,False,False,False
defihacklabs,defihacklabs/2024-02_SwarmMarkets,arbitrary_mint,14,mut,value_perturb,greedy,0.0,0.5505,True,False,True
defihacklabs,defihacklabs/2024-02_SwarmMarkets,arbitrary_mint,15,mut,call_insert,greedy,0.0,1.6881,True,False,True
defihacklabs,defihacklabs/2024-02_SwarmMarkets,arbitrary_mint,16,mut,call_swap,greedy,0.0,2.0183,True,True,False
defihacklabs,defihacklabs/2024-02_SwarmMarkets,arbitrary_mint,17,mut,arg_shuffle,greedy,0.0,0.2202,False,False,False
defihacklabs,defihacklabs/2024-02_SwarmMarkets,arbitrary_mint,18,gen,access_control_probe,greedy,3.0,0.6239,False,False,False
defihacklabs,defihacklabs/2024-02_SwarmMarkets,arbitrary_mint,19,gen,access_control_probe,greedy,0.0,0.1101,False,False,False
defihacklabs,defihacklabs/2024-02_SwarmMarkets,arbitrary_mint,20,gen,access_control_probe,greedy,0.0,0.1468,False,False,False
defihacklabs,defihacklabs/2024-02_SwarmMarkets,arbitrary_mint,21,gen,access_control_probe,greedy,0.0,0.0,False,False,False
defihacklabs,defihacklabs/2024-02_SwarmMarkets,arbitrary_mint,22,mut,call_insert,greedy,0.0,0.2202,False,False,False
defihacklabs,defihacklabs/2024-02_SwarmMarkets,arbitrary_mint,23,gen,access_control_probe,greedy,0.0,0.0,False,False,False
defihacklabs,defihacklabs/2024-02_SwarmMarkets,arbitrary_mint,24,gen,access_control_probe,greedy,0.0,0.0,False,False,False
defihacklabs,defihacklabs/2024-02_SwarmMarkets,arbitrary_mint,25,mut,call_swap,greedy,0.0,0.4771,False,False,False
defihacklabs,defihacklabs/2024-02_SwarmMarkets,arbitrary_mint,26,gen,reentrancy_probe,greedy,0.0,0.0,False,False,False
defihacklabs,defihacklabs/2024-02_SwarmMarkets,arbitrary_mint,27,mut,value_perturb,greedy,0.0,0.1835,False,False,False
defihacklabs,defihacklabs/2024-02_SwarmMarkets,arbitrary_mint,28,mut,call_swap,greedy,0.0,0.0367,False,False,False
defihacklabs,defihacklabs/2024-02_SwarmMarkets,arbitrary_mint,29,mut,call_insert,random,5.0,2.0183,True,True,False
defihacklabs,defihacklabs/2024-02_SwarmMarkets,arbitrary_mint,30,mut,call_insert,greedy,2.0,0.2202,False,True,False
defihacklabs,defihacklabs/2024-02_SwarmMarkets,arbitrary_mint,31,mut,arg_shuffle,greedy,0.0,0.5505,False,False,False
defihacklabs,defihacklabs/2024-02_SwarmMarkets,arbitrary_mint,32,mut,call_insert,greedy,0.0,0.0,True,True,False
defihacklabs,defihacklabs/2024-02_SwarmMarkets,arbitrary_mint,33,gen,logic_error_probe,greedy,0.0,0.0,False,False,False
defihacklabs,defihacklabs/2024-02_SwarmMarkets,arbitrary_mint,34,mut,call_swap,greedy,0.0,0.0,False,False,False
defihacklabs,defihacklabs/2024-02_SwarmMarkets,arbitrary_mint,35,gen,reentrancy_probe,greedy,0.0,0.1468,False,False,False
defihacklabs,defihacklabs/2024-02_SwarmMarkets,arbitrary_mint,36,gen,logic_error_probe,greedy,0.0,0.367,False,False,False
defihacklabs,defihacklabs/2024-02_SwarmMarkets,arbitrary_mint,37,gen,arithmetic_probe,greedy,0.0,0.3303,False,False,False
defihacklabs,defihacklabs/2024-02_SwarmMarkets,arbitrary_mint,38,mut,arg_shuffle,greedy,0.0,0.0,False,False,False
defihacklabs,defihacklabs/2024-02_SwarmMarkets,arbitrary_mint,39,mut,call_insert,greedy,0.0,0.0,False,True,False
defihacklabs,defihacklabs/2024-02_SwarmMarkets,arbitrary_mint,40,gen,price_oracle_probe,random,5.0,1.9633,False,False,False
defihacklabs,defihacklabs/2024-02_SwarmMarkets,arbitrary_mint,41,gen,price_oracle_probe,greedy,0.0,0.0,False,False,False
defihacklabs,defihacklabs/2024-02_SwarmMarkets,arbitrary_mint,42,gen,access_control_probe,greedy,0.0,0.1468,False,False,False
defihacklabs,defihacklabs/2024-02_SwarmMarkets,arbitrary_mint,43,gen,price_oracle_probe,random,7.0,0.4404,False,False,False
defihacklabs,defihacklabs/2024-02_SwarmMarkets,arbitrary_mint,44,gen,price_oracle_probe,greedy,0.0,0.4771,False,False,False
defihacklabs,defihacklabs/2024-02_SwarmMarkets,arbitrary_mint,45,gen,price_oracle_probe,random,3.0,0.4771,False,False,False
defihacklabs,defihacklabs/2024-02_SwarmMarkets,arbitrary_mint,46,gen,price_oracle_probe,greedy,0.0,0.0,False,False,False
defihacklabs,defihacklabs/2024-02_SwarmMarkets,arbitrary_mint,47,mut,value_perturb,greedy,0.0,0.6972,False,False,False
defihacklabs,defihacklabs/2024-02_SwarmMarkets,arbitrary_mint,48,mut,value_perturb,greedy,0.0,0.0,False,False,False
defihacklabs,defihacklabs/2024-02_SwarmMarkets,arbitrary_mint,49,gen,logic_error_probe,greedy,0.0,0.0,False,False,False
defihacklabs,defihacklabs/2024-02_SwarmMarkets,arbitrary_mint,50,gen,reentrancy_probe,greedy,0.0,0.0,False,False,False
defihacklabs,defihacklabs/2024-02_SwarmMarkets,arbitrary_mint,51,mut,value_perturb,random,0.0,0.5138,False,False,False
defihacklabs,defihacklabs/2024-02_SwarmMarkets,arbitrary_mint,52,mut,arg_shuffle,greedy,0.0,0.5872,True,True,False
defihacklabs,defihacklabs/2024-02_SwarmMarkets,arbitrary_mint,53,gen,price_oracle_probe,greedy,0.0,0.0,False,False,False
defihacklabs,defihacklabs/2024-02_SwarmMarkets,arbitrary_mint,54,gen,arithmetic_probe,greedy,0.0,0.0734,False,False,False
defihacklabs,defihacklabs/2024-02_SwarmMarkets,arbitrary_mint,55,mut,call_insert,greedy,0.0,0.0,False,False,False
defihacklabs,defihacklabs/2024-02_SwarmMarkets,arbitrary_mint,56,gen,arithmetic_probe,greedy,0.0,0.2569,False,False,False
defihacklabs,defihacklabs/2024-02_SwarmMarkets,arbitrary_mint,57,mut,call_swap,greedy,0.0,0.3303,False,False,False
defihacklabs,defihacklabs/2024-02_SwarmMarkets,arbitrary_mint,58,mut,call_swap,greedy,0.0,0.0,False,False,False
defihacklabs,defihacklabs/2024-02_SwarmMarkets,arbitrary_mint,59,gen,arithmetic_probe,greedy,1.0,0.6422,False,False,False
defihacklabs,defihacklabs/2024-02_SwarmMarkets,arbitrary_mint,60,gen,arithmetic_probe,greedy,0.0,0.0,False,False,False
defihacklabs,defihacklabs/2024-02_SwarmMarkets,arbitrary_mint,61,gen,arithmetic_probe,greedy,2.0,0.3303,False,False,False
defihacklabs,defihacklabs/2024-02_SwarmMarkets,arbitrary_mint,62,gen,arithmetic_probe,greedy,0.0,0.0,False,False,False
defihacklabs,defihacklabs/2024-02_SwarmMarkets,arbitrary_mint,63,mut,arg_shuffle,greedy,0.0,0.2936,True,False,True
defihacklabs,defihacklabs/2024-02_SwarmMarkets,arbitrary_mint,64,mut,arg_shuffle,greedy,0.0,0.0,True,True,False
defihacklabs,defihacklabs/2024-02_SwarmMarkets,arbitrary_mint,65,mut,value_perturb,greedy,0.0,0.1468,True,True,False
defihacklabs,defihacklabs/2024-02_SwarmMarkets,arbitrary_mint,66,mut,value_perturb,greedy,0.0,0.0734,False,False,False
defihacklabs,defihacklabs/2024-02_SwarmMarkets,arbitrary_mint,67,gen,logic_error_probe,greedy,1.0,0.3119,False,False,False
defihacklabs,defihacklabs/2024-02_SwarmMarkets,arbitrary_mint,68,gen,logic_error_probe,greedy,0.0,0.0,False,False,False
defihacklabs,defihacklabs/2024-02_SwarmMarkets,arbitrary_mint,69,gen,reentrancy_probe,greedy,0.0,0.0734,False,False,False
defihacklabs,defihacklabs/2024-02_SwarmMarkets,arbitrary_mint,70,gen,access_control_probe,greedy,0.0,0.0,False,False,False
defihacklabs,defihacklabs/2024-02_SwarmMarkets,arbitrary_mint,71,gen,arithmetic_probe,greedy,0.0,0.2202,False,False,False
defihacklabs,defihacklabs/2024-02_SwarmMarkets,arbitrary_mint,72,gen,arithmetic_probe,greedy,0.0,0.0,False,False,False
defihacklabs,defihacklabs/2024-02_SwarmMarkets,arbitrary_mint,73,mut,arg_shuffle,greedy,0.0,0.0,True,True,False
defihacklabs,defihacklabs/2024-02_SwarmMarkets,arbitrary_mint,74,mut,value_perturb,greedy,0.0,0.1101,False,False,False
defihacklabs,defihacklabs/2024-02_SwarmMarkets,arbitrary_mint,75,gen,price_oracle_probe,greedy,0.0,0.0,False,False,False
defihacklabs,defihacklabs/2024-02_SwarmMarkets,arbitrary_mint,76,mut,value_perturb,greedy,0.0,0.1468,False,False,False
defihacklabs,defihacklabs/2024-02_SwarmMarkets,arbitrary_mint,77,mut,value_perturb,greedy,0.0,0.0,False,False,False
defihacklabs,defihacklabs/2024-02_SwarmMarkets,arbitrary_mint,78,gen,logic_error_probe,greedy,0.0,0.2569,False,False,False
defihacklabs,defihacklabs/2024-02_SwarmMarkets,arbitrary_mint,79,gen,logic_error_probe,greedy,0.0,0.0,False,False,False
defihacklabs,defihacklabs/2024-02_SwarmMarkets,arbitrary_mint,80,mut,call_swap,greedy,0.0,0.1835,False,False,False
defihacklabs,defihacklabs/2024-02_SwarmMarkets,arbitrary_mint,81,mut,arg_shuffle,greedy,0.0,1.0642,True,True,False
defihacklabs,defihacklabs/2024-02_SwarmMarkets,arbitrary_mint,82,mut,arg_shuffle,random,0.0,0.0,True,True,False
defihacklabs,defihacklabs/2024-02_SwarmMarkets,arbitrary_mint,83,mut,call_swap,greedy,0.0,0.0,True,True,False
defihacklabs,defihacklabs/2024-02_SwarmMarkets,arbitrary_mint,84,mut,call_insert,greedy,0.0,0.0,False,False,False
defihacklabs,defihacklabs/2024-02_SwarmMarkets,arbitrary_mint,85,gen,reentrancy_probe,greedy,0.0,0.0,False,False,False
defihacklabs,defihacklabs/2024-02_SwarmMarkets,arbitrary_mint,86,gen,logic_error_probe,greedy,0.0,0.0,False,False,False
defihacklabs,defihacklabs/2024-02_SwarmMarkets,arbitrary_mint,87,gen,arithmetic_probe,greedy,0.0,0.0,False,False,False
defihacklabs,defihacklabs/2024-02_SwarmMarkets,arbitrary_mint,88,mut,call_swap,greedy,0.0,0.0,False,False,False
defihacklabs,defihacklabs/2024-02_SwarmMarkets,arbitrary_mint,89,gen,price_oracle_probe,greedy,0.0,0.2936,False,False,False
defihacklabs,defihacklabs/2024-02_SwarmMarkets,arbitrary_mint,90,gen,access_control_probe,random,2.0,1.4312,False,False,False
defihacklabs,defihacklabs/2024-02_SwarmMarkets,arbitrary_mint,91,gen,access_control_probe,greedy,0.0,0.0,False,False,False
defihacklabs,defihacklabs/2024-02_SwarmMarkets,arbitrary_mint,92,gen,access_control_probe,greedy,0.0,0.0,False,False,False
defihacklabs,defihacklabs/2024-02_SwarmMarkets,arbitrary_mint,93,gen,access_control_probe,greedy,0.0,0.0,False,False,False
defihacklabs,defihacklabs/2024-02_SwarmMarkets,arbitrary_mint,94,gen,price_oracle_probe,random,1.0,0.1835,False,False,False
defihacklabs,defihacklabs/2024-02_SwarmMarkets,arbitrary_mint,95,gen,price_oracle_probe,greedy,0.0,0.0,False,False,False
defihacklabs,defihacklabs/2024-02_SwarmMarkets,arbitrary_mint,96,mut,arg_shuffle,greedy,0.0,0.0,False,False,False
defihacklabs,defihacklabs/2024-02_SwarmMarkets,arbitrary_mint,97,gen,access_control_probe,greedy,0.0,0.4771,False,False,False
defihacklabs,defihacklabs/2024-02_SwarmMarkets,arbitrary_mint,98,gen,access_control_probe,greedy,0.0,0.0,False,False,False
defihacklabs,defihacklabs/2024-02_SwarmMarkets,arbitrary_mint,99,gen,price_oracle_probe,greedy,0.0,0.0734,False,False,False
defihacklabs,defihacklabs/2022-07_FlippazOne,access_control,0,gen,reentrancy_probe,greedy,24.0,0.378,False,False,False
defihacklabs,defihacklabs/2022-07_FlippazOne,access_control,1,gen,arithmetic_probe,random,12.0,0.4252,False,False,False
defihacklabs,defihacklabs/2022-07_FlippazOne,access_control,2,gen,access_control_probe,random,28.0,0.6457,False,False,False
defihacklabs,defihacklabs/2022-07_FlippazOne,access_control,3,gen,price_oracle_probe,random,23.0,0.7402,False,False,False
defihacklabs,defihacklabs/2022-07_FlippazOne,access_control,4,gen,logic_error_probe,random,47.0,1.3543,False,False,False
defihacklabs,defihacklabs/2022-07_FlippazOne,access_control,5,mut,value_perturb,greedy,21.0,51.4803,True,False,True
defihacklabs,defihacklabs/2022-07_FlippazOne,access_control,6,mut,call_insert,random,0.0,1.4803,True,True,False
defihacklabs,defihacklabs/2022-07_FlippazOne,access_control,7,mut,call_swap,greedy,0.0,0.6457,False,False,False
defihacklabs,defihacklabs/2022-07_FlippazOne,access_control,8,mut,arg_shuffle,random,0.0,0.6457,False,False,False
defihacklabs,defihacklabs/2022-07_FlippazOne,access_control,9,gen,reentrancy_probe,greedy,0.0,0.189,False,False,False
defihacklabs,defihacklabs/2022-07_FlippazOne,access_control,10,gen,arithmetic_probe,greedy,0.0,0.0,False,False,False
defihacklabs,defihacklabs/2022-07_FlippazOne,access_control,11,gen,access_control_probe,random,19.0,0.7559,False,False,False
defihacklabs,defihacklabs/2022-07_FlippazOne,access_control,12,gen,price_oracle_probe,greedy,0.0,0.126,False,False,False
defihacklabs,defihacklabs/2022-07_FlippazOne,access_control,13,gen,logic_error_probe,greedy,0.0,0.0,False,False,False
defihacklabs,defihacklabs/2022-07_FlippazOne,access_control,14,mut,value_perturb,greedy,0.0,0.2362,False,False,False
defihacklabs,defihacklabs/2022-07_FlippazOne,access_control,15,mut,call_insert,greedy,0.0,0.0,False,False,False
defihacklabs,defihacklabs/2022-07_FlippazOne,access_control,16,mut,call_swap,greedy,0.0,0.1417,False,False,False
defihacklabs,defihacklabs/2022-07_FlippazOne,access_control,17,mut,arg_shuffle,greedy,0.0,0.3622,False,False,False
defihacklabs,defihacklabs/2022-07_FlippazOne,access_control,18,gen,access_control_probe,greedy,0.0,0.0,False,False,False
defihacklabs,defihacklabs/2022-07_FlippazOne,access_control,19,mut,arg_shuffle,greedy,0.0,0.0,False,False,False
defihacklabs,defihacklabs/2022-07_FlippazOne,access_control,20,mut,value_perturb,greedy,0.0,0.6142,False,False,False
defihacklabs,defihacklabs/2022-07_FlippazOne,access_control,21,gen,reentrancy_probe,greedy,0.0,0.0,False,False,False
defihacklabs,defihacklabs/2022-07_FlippazOne,access_control,22,mut,value_perturb,greedy,0.0,0.0,False,False,False
defihacklabs,defihacklabs/2022-07_FlippazOne,access_control,23,mut,value_perturb,greedy,0.0,0.0,False,False,False
defihacklabs,defihacklabs/2022-07_FlippazOne,access_control,24,mut,value_perturb,greedy,0.0,0.378,False,False,False
defihacklabs,defihacklabs/2022-07_FlippazOne,access_control,25,mut,call_insert,greedy,0.0,0.0,False,False,False
defihacklabs,defihacklabs/2022-07_FlippazOne,access_control,26,gen,logic_error_probe,greedy,0.0,0.0,False,False,False
defihacklabs,defihacklabs/2022-07_FlippazOne,access_control,27,gen,access_control_probe,greedy,2.0,0.4252,False,False,False
defihacklabs,defihacklabs/2022-07_FlippazOne,access_control,28,gen,access_control_probe,greedy,0.0,0.126,False,False,False
defihacklabs,defihacklabs/2022-07_FlippazOne,access_control,29,gen,price_oracle_probe,greedy,0.0,0.0,False,False,False
defihacklabs,defihacklabs/2022-07_FlippazOne,access_control,30,gen,access_control_probe,greedy,0.0,0.0,False,False,False
defihacklabs,defihacklabs/2022-07_FlippazOne,access_control,31,mut,call_swap,greedy,0.0,0.0,False,False,False
defihacklabs,defihacklabs/2022-07_FlippazOne,access_control,32,mut,call_insert,greedy,0.0,0.0,False,False,False
defihacklabs,defihacklabs/2022-07_FlippazOne,access_control,33,mut,arg_shuffle,greedy,0.0,0.1732,False,False,False
defihacklabs,defihacklabs/2022-07_FlippazOne,access_control,34,gen,access_control_probe,random,0.0,0.1732,False,False,False
defihacklabs,defihacklabs/2022-07_FlippazOne,access_control,35,mut,value_perturb,greedy,0.0,0.0,False,False,False
defihacklabs,defihacklabs/2022-07_FlippazOne,access_control,36,mut,value_perturb,greedy,0.0,0.0,False,False,False
defihacklabs,defihacklabs/2022-07_FlippazOne,access_control,37,mut,arg_shuffle,greedy,2.0,0.4567,False,False,False
defihacklabs,defihacklabs/2022-07_FlippazOne,access_control,38,mut,arg_shuffle,greedy,0.0,0.0,False,False,False
defihacklabs,defihacklabs/2022-07_FlippazOne,access_control,39,gen,logic_error_probe,greedy,0.0,0.0,False,False,False
defihacklabs,defihacklabs/2022-07_FlippazOne,access_control,40,mut,arg_shuffle,greedy,0.0,0.0,False,False,False
defihacklabs,defihacklabs/2022-07_FlippazOne,access_control,41,gen,access_control_probe,greedy,0.0,0.0,False,False,False
defihacklabs,defihacklabs/2022-07_FlippazOne,access_control,42,gen,logic_error_probe,greedy,0.0,0.0,False,False,False
defihacklabs,defihacklabs/2022-07_FlippazOne,access_control,43,mut,value_perturb,greedy,0.0,0.0,False,False,False
defihacklabs,defihacklabs/2022-07_FlippazOne,access_control,44,gen,price_oracle_probe,greedy,0.0,0.0,False,False,False
defihacklabs,defihacklabs/2022-07_FlippazOne,access_control,45,mut,call_swap,greedy,0.0,0.0,False,False,False
defihacklabs,defihacklabs/2022-07_FlippazOne,access_control,46,gen,reentrancy_probe,greedy,0.0,0.0,False,False,False
defihacklabs,defihacklabs/2022-07_FlippazOne,access_control,47,gen,arithmetic_probe,random,19.0,3.7559,False,False,False
defihacklabs,defihacklabs/2022-07_FlippazOne,access_control,48,gen,arithmetic_probe,greedy,0.0,0.0,False,False,False
defihacklabs,defihacklabs/2022-07_FlippazOne,access_control,49,gen,arithmetic_probe,greedy,0.0,0.1732,False,False,False
defihacklabs,defihacklabs/2022-07_FlippazOne,access_control,50,gen,access_control_probe,greedy,0.0,0.0,False,False,False
defihacklabs,defihacklabs/2022-07_FlippazOne,access_control,51,gen,arithmetic_probe,greedy,3.0,0.0472,False,False,False
defihacklabs,defihacklabs/2022-07_FlippazOne,access_control,52,mut,arg_shuffle,greedy,0.0,0.0,False,False,False
defihacklabs,defihacklabs/2022-07_FlippazOne,access_control,53,gen,arithmetic_probe,greedy,0.0,0.126,False,False,False
defihacklabs,defihacklabs/2022-07_FlippazOne,access_control,54,gen,arithmetic_probe,greedy,0.0,0.0,False,False,False
defihacklabs,defihacklabs/2022-07_FlippazOne,access_control,55,mut,call_swap,greedy,0.0,0.189,False,False,False
defihacklabs,defihacklabs/2022-07_FlippazOne,access_control,56,gen,arithmetic_probe,greedy,0.0,0.0,False,False,False
defihacklabs,defihacklabs/2022-07_FlippazOne,access_control,57,mut,call_insert,greedy,0.0,0.0,False,False,False
defihacklabs,defihacklabs/2022-07_FlippazOne,access_control,58,mut,value_perturb,greedy,0.0,0.0,False,False,False
defihacklabs,defihacklabs/2022-07_FlippazOne,access_control,59,gen,price_oracle_probe,greedy,0.0,0.0,False,False,False
defihacklabs,defihacklabs/2022-07_FlippazOne,access_control,60,gen,arithmetic_probe,random,0.0,0.0472,False,False,False
defihacklabs,defihacklabs/2022-07_FlippazOne,access_control,61,gen,reentrancy_probe,greedy,0.0,0.0,False,False,False
defihacklabs,defihacklabs/2022-07_FlippazOne,access_control,62,gen,arithmetic_probe,greedy,0.0,0.0,False,False,False
defihacklabs,defihacklabs/2022-07_FlippazOne,access_control,63,gen,logic_error_probe,random,2.0,0.8346,True,False,True
defihacklabs,defihacklabs/2022-07_FlippazOne,access_control,64,gen,logic_error_probe,greedy,0.0,0.0,False,False,False
defihacklabs,defihacklabs/2022-07_FlippazOne,access_control,65,mut,arg_shuffle,fallback_other,0.0,0.6457,False,False,False
defihacklabs,defihacklabs/2022-07_FlippazOne,access_control,66,gen,logic_error_probe,greedy,0.0,0.0,False,False,False
defihacklabs,defihacklabs/2022-07_FlippazOne,access_control,67,mut,arg_shuffle,fallback_other,0.0,0.0,False,False,False
defihacklabs,defihacklabs/2022-07_FlippazOne,access_control,68,gen,logic_error_probe,greedy,0.0,0.0,False,False,False
defihacklabs,defihacklabs/2022-07_FlippazOne,access_control,69,mut,call_swap,greedy,0.0,0.6772,True,True,False
defihacklabs,defihacklabs/2022-07_FlippazOne,access_control,70,mut,call_swap,fallback_other,6.0,0.8504,False,False,False
defihacklabs,defihacklabs/2022-07_FlippazOne,access_control,71,mut,call_swap,greedy,0.0,0.0,True,True,False
defihacklabs,defihacklabs/2022-07_FlippazOne,access_control,72,mut,call_swap,fallback_other,0.0,0.3622,False,False,False
defihacklabs,defihacklabs/2022-07_FlippazOne,access_control,73,mut,call_swap,greedy,0.0,0.2047,False,False,False
defihacklabs,defihacklabs/2022-07_FlippazOne,access_control,74,mut,call_swap,fallback_other,0.0,0.0787,False,False,False
defihacklabs,defihacklabs/2022-07_FlippazOne,access_control,75,mut,call_swap,greedy,0.0,0.0,False,False,False
defihacklabs,defihacklabs/2022-07_FlippazOne,access_control,76,gen,logic_error_probe,greedy,0.0,0.0,False,False,False
defihacklabs,defihacklabs/2022-07_FlippazOne,access_control,77,mut,value_perturb,greedy,0.0,0.0,False,False,False
defihacklabs,defihacklabs/2022-07_FlippazOne,access_control,78,mut,arg_shuffle,greedy,0.0,0.2835,True,True,False
defihacklabs,defihacklabs/2022-07_FlippazOne,access_control,79,mut,arg_shuffle,fallback_other,0.0,0.0,False,False,False
defihacklabs,defihacklabs/2022-07_FlippazOne,access_control,80,mut,arg_shuffle,greedy,0.0,0.0,False,False,False
defihacklabs,defihacklabs/2022-07_FlippazOne,access_control,81,mut,arg_shuffle,greedy,0.0,0.0,False,False,False
defihacklabs,defihacklabs/2022-07_FlippazOne,access_control,82,mut,call_insert,greedy,0.0,0.2047,False,False,False
defihacklabs,defihacklabs/2022-07_FlippazOne,access_control,83,mut,call_insert,greedy,0.0,0.0,False,False,False
defihacklabs,defihacklabs/2022-07_FlippazOne,access_control,84,mut,call_insert,random,2.0,0.3937,False,False,False
defihacklabs,defihacklabs/2022-07_FlippazOne,access_control,85,mut,call_insert,greedy,0.0,0.0,False,False,False
defihacklabs,defihacklabs/2022-07_FlippazOne,access_control,86,mut,call_insert,greedy,0.0,0.0,False,False,False
defihacklabs,defihacklabs/2022-07_FlippazOne,access_control,87,mut,call_insert,greedy,10.0,0.2047,False,False,False
defihacklabs,defihacklabs/2022-07_FlippazOne,access_control,88,mut,call_insert,greedy,0.0,0.0,False,False,False
defihacklabs,defihacklabs/2022-07_FlippazOne,access_control,89,mut,call_swap,greedy,0.0,0.0,False,False,False
defihacklabs,defihacklabs/2022-07_FlippazOne,access_control,90,mut,call_insert,greedy,0.0,0.5354,False,False,False
defihacklabs,defihacklabs/2022-07_FlippazOne,access_control,91,mut,call_insert,greedy,0.0,0.0,False,False,False
defihacklabs,defihacklabs/2022-07_FlippazOne,access_control,92,mut,call_insert,random,0.0,0.063,False,False,False
defihacklabs,defihacklabs/2022-07_FlippazOne,access_control,93,mut,call_insert,greedy,0.0,0.0,False,False,False
defihacklabs,defihacklabs/2022-07_FlippazOne,access_control,94,gen,price_oracle_probe,greedy,0.0,0.1732,False,False,False
defihacklabs,defihacklabs/2022-07_FlippazOne,access_control,95,gen,logic_error_probe,greedy,0.0,0.0,False,False,False
defihacklabs,defihacklabs/2022-07_FlippazOne,access_control,96,gen,reentrancy_probe,greedy,0.0,0.0,False,False,False
defihacklabs,defihacklabs/2022-07_FlippazOne,access_control,97,mut,arg_shuffle,fallback_other,0.0,0.0,False,False,False
defihacklabs,defihacklabs/2022-07_FlippazOne,access_control,98,gen,access_control_probe,random,18.0,3.4646,False,False,False
defihacklabs,defihacklabs/2022-07_FlippazOne,access_control,99,gen,access_control_probe,greedy,0.0,0.0,False,False,False
defihacklabs,defihacklabs/2024-05_MetaDragon,arbitrary_mint,0,gen,reentrancy_probe,random,14.0,0.2745,False,False,False
defihacklabs,defihacklabs/2024-05_MetaDragon,arbitrary_mint,1,gen,arithmetic_probe,greedy,54.0,1.2941,False,False,False
defihacklabs,defihacklabs/2024-05_MetaDragon,arbitrary_mint,2,gen,access_control_probe,greedy,4.0,0.2941,False,False,False
defihacklabs,defihacklabs/2024-05_MetaDragon,arbitrary_mint,3,gen,price_oracle_probe,random,49.0,1.6471,False,False,False
defihacklabs,defihacklabs/2024-05_MetaDragon,arbitrary_mint,4,gen,logic_error_probe,random,25.0,1.2353,False,False,False
defihacklabs,defihacklabs/2024-05_MetaDragon,arbitrary_mint,5,mut,value_perturb,greedy,0.0,0.2941,False,False,False
defihacklabs,defihacklabs/2024-05_MetaDragon,arbitrary_mint,6,mut,call_insert,greedy,0.0,1.3333,False,False,False
defihacklabs,defihacklabs/2024-05_MetaDragon,arbitrary_mint,7,mut,call_swap,greedy,0.0,1.2941,False,False,False
defihacklabs,defihacklabs/2024-05_MetaDragon,arbitrary_mint,8,mut,arg_shuffle,greedy,1.0,1.6275,False,False,False
defihacklabs,defihacklabs/2024-05_MetaDragon,arbitrary_mint,9,gen,reentrancy_probe,random,18.0,1.2157,False,False,False
defihacklabs,defihacklabs/2024-05_MetaDragon,arbitrary_mint,10,gen,arithmetic_probe,random,0.0,0.7059,False,False,False
defihacklabs,defihacklabs/2024-05_MetaDragon,arbitrary_mint,11,gen,access_control_probe,greedy,0.0,0.0,False,False,False
defihacklabs,defihacklabs/2024-05_MetaDragon,arbitrary_mint,12,gen,price_oracle_probe,random,0.0,0.098,False,False,False
defihacklabs,defihacklabs/2024-05_MetaDragon,arbitrary_mint,13,gen,logic_error_probe,random,5.0,0.6078,False,False,False
defihacklabs,defihacklabs/2024-05_MetaDragon,arbitrary_mint,14,mut,value_perturb,greedy,0.0,1.1961,False,False,False
defihacklabs,defihacklabs/2024-05_MetaDragon,arbitrary_mint,15,mut,call_insert,greedy,0.0,0.3529,False,False,False
defihacklabs,defihacklabs/2024-05_MetaDragon,arbitrary_mint,16,mut,call_swap,greedy,0.0,0.8235,False,False,False
defihacklabs,defihacklabs/2024-05_MetaDragon,arbitrary_mint,17,mut,arg_shuffle,greedy,0.0,0.6863,False,False,False
defihacklabs,defihacklabs/2024-05_MetaDragon,arbitrary_mint,18,mut,arg_shuffle,greedy,0.0,0.0,False,False,False
defihacklabs,defihacklabs/2024-05_MetaDragon,arbitrary_mint,19,mut,call_swap,greedy,0.0,0.2941,False,False,False
defihacklabs,defihacklabs/2024-05_MetaDragon,arbitrary_mint,20,gen,arithmetic_probe,greedy,0.0,0.0,False,False,False
defihacklabs,defihacklabs/2024-05_MetaDragon,arbitrary_mint,21,gen,reentrancy_probe,random,0.0,0.1373,False,False,False
defihacklabs,defihacklabs/2024-05_MetaDragon,arbitrary_mint,22,mut,value_perturb,greedy,0.0,0.6275,False,False,False
defihacklabs,defihacklabs/2024-05_MetaDragon,arbitrary_mint,23,mut,value_perturb,greedy,0.0,0.0,False,False,False
defihacklabs,defihacklabs/2024-05_MetaDragon,arbitrary_mint,24,gen,logic_error_probe,greedy,0.0,0.1373,False,False,False
defihacklabs,defihacklabs/2024-05_MetaDragon,arbitrary_mint,25,mut,call_swap,greedy,8.0,1.902,False,False,False
defihacklabs,defihacklabs/2024-05_MetaDragon,arbitrary_mint,26,mut,call_swap,greedy,0.0,0.4902,False,False,False
defihacklabs,defihacklabs/2024-05_MetaDragon,arbitrary_mint,27,gen,price_oracle_probe,greedy,0.0,0.0,False,False,False
defihacklabs,defihacklabs/2024-05_MetaDragon,arbitrary_mint,28,mut,call_swap,greedy,0.0,0.0,False,False,False
defihacklabs,defihacklabs/2024-05_MetaDragon,arbitrary_mint,29,mut,call_insert,greedy,0.0,0.1176,False,False,False
defihacklabs,defihacklabs/2024-05_MetaDragon,arbitrary_mint,30,mut,call_swap,greedy,0.0,0.0,False,False,False
defihacklabs,defihacklabs/2024-05_MetaDragon,arbitrary_mint,31,gen,reentrancy_probe,greedy,0.0,0.098,False,False,False
defihacklabs,defihacklabs/2024-05_MetaDragon,arbitrary_mint,32,gen,logic_error_probe,greedy,0.0,0.1961,False,False,False
defihacklabs,defihacklabs/2024-05_MetaDragon,arbitrary_mint,33,mut,arg_shuffle,greedy,0.0,0.5294,False,False,False
defihacklabs,defihacklabs/2024-05_MetaDragon,arbitrary_mint,34,mut,arg_shuffle,greedy,0.0,0.0,False,False,False
defihacklabs,defihacklabs/2024-05_MetaDragon,arbitrary_mint,35,gen,arithmetic_probe,greedy,0.0,0.0,False,False,False
defihacklabs,defihacklabs/2024-05_MetaDragon,arbitrary_mint,36,mut,value_perturb,random,0.0,0.0,False,False,False
defihacklabs,defihacklabs/2024-05_MetaDragon,arbitrary_mint,37,mut,call_insert,greedy,6.0,1.3529,False,False,False
defihacklabs,defihacklabs/2024-05_MetaDragon,arbitrary_mint,38,mut,call_insert,random,0.0,0.2941,False,False,False
defihacklabs,defihacklabs/2024-05_MetaDragon,arbitrary_mint,39,mut,call_swap,greedy,6.0,0.1373,False,False,False
defihacklabs,defihacklabs/2024-05_MetaDragon,arbitrary_mint,40,mut,call_insert,greedy,0.0,0.0,False,False,False
defihacklabs,defihacklabs/2024-05_MetaDragon,arbitrary_mint,41,gen,logic_error_probe,random,2.0,0.2941,False,False,False
defihacklabs,defihacklabs/2024-05_MetaDragon,arbitrary_mint,42,gen,logic_error_probe,greedy,0.0,0.0,False,False,False
defihacklabs,defihacklabs/2024-05_MetaDragon,arbitrary_mint,43,mut,call_insert,greedy,0.0,0.0,False,False,False
defihacklabs,defihacklabs/2024-05_MetaDragon,arbitrary_mint,44,gen,reentrancy_probe,greedy,0.0,0.0196,False,False,False
defihacklabs,defihacklabs/2024-05_MetaDragon,arbitrary_mint,45,gen,price_oracle_probe,greedy,0.0,0.0,False,False,False
defihacklabs,defihacklabs/2024-05_MetaDragon,arbitrary_mint,46,mut,arg_shuffle,greedy,0.0,0.0,False,False,False
defihacklabs,defihacklabs/2024-05_MetaDragon,arbitrary_mint,47,mut,call_swap,greedy,0.0,0.0,False,False,False
defihacklabs,defihacklabs/2024-05_MetaDragon,arbitrary_mint,48,gen,arithmetic_probe,greedy,0.0,0.0,False,False,False
defihacklabs,defihacklabs/2024-05_MetaDragon,arbitrary_mint,49,gen,logic_error_probe,random,0.0,0.2745,False,False,False
defihacklabs,defihacklabs/2024-05_MetaDragon,arbitrary_mint,50,mut,call_insert,greedy,0.0,0.0,False,False,False
defihacklabs,defihacklabs/2024-05_MetaDragon,arbitrary_mint,51,gen,logic_error_probe,greedy,0.0,0.0,False,False,False
defihacklabs,defihacklabs/2024-05_MetaDragon,arbitrary_mint,52,gen,reentrancy_probe,greedy,0.0,0.0,False,False,False
defihacklabs,defihacklabs/2024-05_MetaDragon,arbitrary_mint,53,gen,price_oracle_probe,greedy,0.0,0.0,False,False,False
defihacklabs,defihacklabs/2024-05_MetaDragon,arbitrary_mint,54,gen,logic_error_probe,greedy,0.0,0.0,False,False,False
defihacklabs,defihacklabs/2024-05_MetaDragon,arbitrary_mint,55,mut,call_swap,greedy,0.0,0.0,False,False,False
defihacklabs,defihacklabs/2024-05_MetaDragon,arbitrary_mint,56,gen,arithmetic_probe,greedy,0.0,0.0,False,False,False
defihacklabs,defihacklabs/2024-05_MetaDragon,arbitrary_mint,57,gen,access_control_probe,greedy,0.0,0.1569,False,False,False
defihacklabs,defihacklabs/2024-05_MetaDragon,arbitrary_mint,58,gen,access_control_probe,greedy,0.0,0.098,False,False,False
defihacklabs,defihacklabs/2024-05_MetaDragon,arbitrary_mint,59,gen,access_control_probe,greedy,0.0,0.0,False,False,False
defihacklabs,defihacklabs/2024-05_MetaDragon,arbitrary_mint,60,mut,value_perturb,greedy,0.0,0.2549,False,False,False
defihacklabs,defihacklabs/2024-05_MetaDragon,arbitrary_mint,61,mut,value_perturb,greedy,0.0,0.0,False,False,False
defihacklabs,defihacklabs/2024-05_MetaDragon,arbitrary_mint,62,mut,value_perturb,random,0.0,0.2353,False,False,False
defihacklabs,defihacklabs/2024-05_MetaDragon,arbitrary_mint,63,mut,value_perturb,greedy,0.0,0.0,False,False,False
defihacklabs,defihacklabs/2024-05_MetaDragon,arbitrary_mint,64,mut,value_perturb,greedy,0.0,0.0,False,False,False
defihacklabs,defihacklabs/2024-05_MetaDragon,arbitrary_mint,65,mut,call_insert,greedy,0.0,0.6078,False,False,False
defihacklabs,defihacklabs/2024-05_MetaDragon,arbitrary_mint,66,gen,reentrancy_probe,greedy,0.0,0.0,False,False,False
defihacklabs,defihacklabs/2024-05_MetaDragon,arbitrary_mint,67,gen,price_oracle_probe,greedy,0.0,0.1961,False,False,False
defihacklabs,defihacklabs/2024-05_MetaDragon,arbitrary_mint,68,mut,arg_shuffle,greedy,0.0,0.0,False,False,False
defihacklabs,defihacklabs/2024-05_MetaDragon,arbitrary_mint,69,mut,call_swap,greedy,0.0,0.0,False,False,False
defihacklabs,defihacklabs/2024-05_MetaDragon,arbitrary_mint,70,gen,access_control_probe,greedy,0.0,0.0,False,False,False
defihacklabs,defihacklabs/2024-05_MetaDragon,arbitrary_mint,71,gen,logic_error_probe,greedy,0.0,0.0,False,False,False
defihacklabs,defihacklabs/2024-05_MetaDragon,arbitrary_mint,72,mut,arg_shuffle,greedy,0.0,0.0,False,False,False
defihacklabs,defihacklabs/2024-05_MetaDragon,arbitrary_mint,73,mut,call_swap,greedy,0.0,0.1176,False,False,False
defihacklabs,defihacklabs/2024-05_MetaDragon,arbitrary_mint,74,gen,arithmetic_probe,greedy,0.0,0.0,False,False,False
defihacklabs,defihacklabs/2024-05_MetaDragon,arbitrary_mint,75,mut,call_swap,greedy,0.0,0.0,False,False,False
defihacklabs,defihacklabs/2024-05_MetaDragon,arbitrary_mint,76,mut,call_insert,greedy,0.0,0.0,False,False,False
defihacklabs,defihacklabs/2024-05_MetaDragon,arbitrary_mint,77,mut,call_insert,random,3.0,0.9412,False,False,False
defihacklabs,defihacklabs/2024-05_MetaDragon,arbitrary_mint,78,gen,reentrancy_probe,greedy,0.0,0.0,False,False,False
defihacklabs,defihacklabs/2024-05_MetaDragon,arbitrary_mint,79,mut,call_insert,greedy,0.0,0.0,False,False,False
defihacklabs,defihacklabs/2024-05_MetaDragon,arbitrary_mint,80,mut,call_insert,random,0.0,0.0,False,False,False
defihacklabs,defihacklabs/2024-05_MetaDragon,arbitrary_mint,81,mut,call_insert,greedy,0.0,0.0,False,False,False
defihacklabs,defihacklabs/2024-05_MetaDragon,arbitrary_mint,82,mut,call_insert,greedy,3.0,0.0588,False,False,False
defihacklabs,defihacklabs/2024-05_MetaDragon,arbitrary_mint,83,gen,price_oracle_probe,greedy,0.0,0.0,False,False,False
defihacklabs,defihacklabs/2024-05_MetaDragon,arbitrary_mint,84,mut,call_insert,greedy,0.0,0.0,False,False,False
defihacklabs,defihacklabs/2024-05_MetaDragon,arbitrary_mint,85,gen,price_oracle_probe,greedy,0.0,0.0,False,False,False
defihacklabs,defihacklabs/2024-05_MetaDragon,arbitrary_mint,86,mut,call_insert,greedy,0.0,0.0,False,False,False
defihacklabs,defihacklabs/2024-05_MetaDragon,arbitrary_mint,87,mut,call_swap,greedy,0.0,0.0,False,False,False
defihacklabs,defihacklabs/2024-05_MetaDragon,arbitrary_mint,88,mut,value_perturb,greedy,0.0,0.0,False,False,False
defihacklabs,defihacklabs/2024-05_MetaDragon,arbitrary_mint,89,gen,price_oracle_probe,greedy,0.0,0.0,False,False,False
defihacklabs,defihacklabs/2024-05_MetaDragon,arbitrary_mint,90,mut,call_insert,greedy,0.0,0.0,False,False,False
defihacklabs,defihacklabs/2024-05_MetaDragon,arbitrary_mint,91,mut,arg_shuffle,greedy,0.0,0.1961,False,False,False
defihacklabs,defihacklabs/2024-05_MetaDragon,arbitrary_mint,92,mut,arg_shuffle,greedy,0.0,0.0,False,False,False
defihacklabs,defihacklabs/2024-05_MetaDragon,arbitrary_mint,93,mut,arg_shuffle,greedy,0.0,0.0,False,False,False
defihacklabs,defihacklabs/2024-05_MetaDragon,arbitrary_mint,94,gen,access_control_probe,greedy,1.0,0.3824,False,False,False
defihacklabs,defihacklabs/2024-05_MetaDragon,arbitrary_mint,95,gen,access_control_probe,greedy,0.0,0.7451,False,False,False
defihacklabs,defihacklabs/2024-05_MetaDragon,arbitrary_mint,96,gen,access_control_probe,greedy,0.0,0.0,False,False,False
defihacklabs,defihacklabs/2024-05_MetaDragon,arbitrary_mint,97,gen,access_control_probe,greedy,0.0,0.0,False,False,False
defihacklabs,defihacklabs/2024-05_MetaDragon,arbitrary_mint,98,gen,access_control_probe,random,1.0,0.2549,False,False,False
defihacklabs,defihacklabs/2024-05_MetaDragon,arbitrary_mint,99,mut,value_perturb,greedy,0.0,0.0,False,False,False
defihacklabs,defihacklabs/2025-01_98Token,access_control,0,gen,reentrancy_probe,random,20.0,0.4255,False,False,False
defihacklabs,defihacklabs/2025-01_98Token,access_control,1,gen,arithmetic_probe,greedy,9.0,0.4043,False,False,False
defihacklabs,defihacklabs/2025-01_98Token,access_control,2,gen,access_control_probe,greedy,8.0,0.5745,False,False,False
defihacklabs,defihacklabs/2025-01_98Token,access_control,3,gen,price_oracle_probe,random,13.0,0.7447,False,False,False
defihacklabs,defihacklabs/2025-01_98Token,access_control,4,gen,logic_error_probe,greedy,6.0,0.4043,False,False,False
defihacklabs,defihacklabs/2025-01_98Token,access_control,5,mut,value_perturb,random,0.0,0.4043,False,False,False
defihacklabs,defihacklabs/2025-01_98Token,access_control,6,mut,call_insert,greedy,0.0,0.4043,False,False,False
defihacklabs,defihacklabs/2025-01_98Token,access_control,7,mut,call_swap,greedy,0.0,0.4255,False,False,False
defihacklabs,defihacklabs/2025-01_98Token,access_control,8,mut,arg_shuffle,random,0.0,0.4255,False,False,False
defihacklabs,defihacklabs/2025-01_98Token,access_control,9,gen,reentrancy_probe,greedy,1.0,0.0851,False,False,False
defihacklabs,defihacklabs/2025-01_98Token,access_control,10,gen,arithmetic_probe,greedy,0.0,0.0,False,False,False
defihacklabs,defihacklabs/2025-01_98Token,access_control,11,gen,access_control_probe,greedy,0.0,0.0,False,False,False
defihacklabs,defihacklabs/2025-01_98Token,access_control,12,gen,price_oracle_probe,greedy,7.0,0.1702,False,False,False
defihacklabs,defihacklabs/2025-01_98Token,access_control,13,gen,logic_error_probe,greedy,14.0,0.3404,False,False,False
defihacklabs,defihacklabs/2025-01_98Token,access_control,14,mut,value_perturb,greedy,0.0,0.3404,False,False,False
defihacklabs,defihacklabs/2025-01_98Token,access_control,15,mut,call_insert,greedy,4.0,0.6383,False,False,False
defihacklabs,defihacklabs/2025-01_98Token,access_control,16,mut,call_swap,greedy,0.0,0.1915,False,False,False
defihacklabs,defihacklabs/2025-01_98Token,access_control,17,mut,arg_shuffle,greedy,0.0,0.1915,False,False,False
defihacklabs,defihacklabs/2025-01_98Token,access_control,18,mut,call_insert,greedy,0.0,0.0851,False,False,False
defihacklabs,defihacklabs/2025-01_98Token,access_control,19,gen,price_oracle_probe,random,2.0,0.0426,False,False,False
defihacklabs,defihacklabs/2025-01_98Token,access_control,20,gen,logic_error_probe,greedy,0.0,0.1277,False,False,False
defihacklabs,defihacklabs/2025-01_98Token,access_control,21,mut,value_perturb,greedy,0.0,0.1277,False,False,False
defihacklabs,defihacklabs/2025-01_98Token,access_control,22,mut,call_insert,greedy,2.0,0.0426,False,False,False
defihacklabs,defihacklabs/2025-01_98Token,access_control,23,mut,call_swap,greedy,0.0,0.3191,False,False,False
defihacklabs,defihacklabs/2025-01_98Token,access_control,24,mut,call_swap,greedy,0.0,0.0,False,False,False
defihacklabs,defihacklabs/2025-01_98Token,access_control,25,mut,arg_shuffle,greedy,0.0,0.2979,False,False,False
defihacklabs,defihacklabs/2025-01_98Token,access_control,26,mut,arg_shuffle,random,0.0,0.0,False,False,False
defihacklabs,defihacklabs/2025-01_98Token,access_control,27,gen,logic_error_probe,greedy,0.0,0.0,False,False,False
defihacklabs,defihacklabs/2025-01_98Token,access_control,28,gen,logic_error_probe,greedy,0.0,0.0,False,False,False
defihacklabs,defihacklabs/2025-01_98Token,access_control,29,mut,value_perturb,greedy,0.0,0.1915,False,False,False
defihacklabs,defihacklabs/2025-01_98Token,access_control,30,gen,logic_error_probe,greedy,0.0,0.0,False,False,False
defihacklabs,defihacklabs/2025-01_98Token,access_control,31,gen,reentrancy_probe,greedy,0.0,0.1277,False,False,False
defihacklabs,defihacklabs/2025-01_98Token,access_control,32,mut,value_perturb,random,0.0,0.0,False,False,False
defihacklabs,defihacklabs/2025-01_98Token,access_control,33,gen,price_oracle_probe,greedy,0.0,0.0,False,False,False
defihacklabs,defihacklabs/2025-01_98Token,access_control,34,mut,call_insert,greedy,0.0,0.0,False,False,False
defihacklabs,defihacklabs/2025-01_98Token,access_control,35,gen,access_control_probe,greedy,5.0,1.3191,False,False,False
defihacklabs,defihacklabs/2025-01_98Token,access_control,36,gen,access_control_probe,greedy,2.0,0.1277,False,False,False
defihacklabs,defihacklabs/2025-01_98Token,access_control,37,gen,price_oracle_probe,greedy,15.0,0.6383,False,False,False
defihacklabs,defihacklabs/2025-01_98Token,access_control,38,gen,price_oracle_probe,greedy,4.0,0.1702,False,False,False
defihacklabs,defihacklabs/2025-01_98Token,access_control,39,gen,access_control_probe,greedy,0.0,0.0,False,False,False
defihacklabs,defihacklabs/2025-01_98Token,access_control,40,gen,reentrancy_probe,greedy,0.0,0.0,False,False,False
defihacklabs,defihacklabs/2025-01_98Token,access_control,41,gen,price_oracle_probe,greedy,0.0,0.0,False,False,False
defihacklabs,defihacklabs/2025-01_98Token,access_control,42,gen,access_control_probe,greedy,0.0,0.0,False,False,False
defihacklabs,defihacklabs/2025-01_98Token,access_control,43,gen,price_oracle_probe,greedy,0.0,0.0,False,False,False
defihacklabs,defihacklabs/2025-01_98Token,access_control,44,mut,call_swap,greedy,0.0,0.0,False,False,False
defihacklabs,defihacklabs/2025-01_98Token,access_control,45,mut,arg_shuffle,greedy,0.0,0.3191,False,False,False
defihacklabs,defihacklabs/2025-01_98Token,access_control,46,gen,access_control_probe,greedy,0.0,0.0,False,False,False
defihacklabs,defihacklabs/2025-01_98Token,access_control,47,gen,arithmetic_probe,greedy,0.0,0.0,False,False,False
defihacklabs,defihacklabs/2025-01_98Token,access_control,48,mut,call_insert,greedy,0.0,0.0,False,False,False
defihacklabs,defihacklabs/2025-01_98Token,access_control,49,gen,logic_error_probe,greedy,0.0,0.0,False,False,False
defihacklabs,defihacklabs/2025-01_98Token,access_control,50,gen,price_oracle_probe,greedy,0.0,0.0,False,False,False
defihacklabs,defihacklabs/2025-01_98Token,access_control,51,gen,reentrancy_probe,random,6.0,2.1702,False,False,False
defihacklabs,defihacklabs/2025-01_98Token,access_control,52,gen,reentrancy_probe,greedy,0.0,0.0,False,False,False
defihacklabs,defihacklabs/2025-01_98Token,access_control,53,gen,reentrancy_probe,greedy,0.0,0.0,False,False,False
defihacklabs,defihacklabs/2025-01_98Token,access_control,54,gen,reentrancy_probe,greedy,0.0,0.0,False,False,False
defihacklabs,defihacklabs/2025-01_98Token,access_control,55,mut,call_insert,greedy,0.0,0.4681,False,False,False
defihacklabs,defihacklabs/2025-01_98Token,access_control,56,mut,call_insert,greedy,0.0,0.0,False,False,False
defihacklabs,defihacklabs/2025-01_98Token,access_control,57,gen,reentrancy_probe,greedy,0.0,0.0,False,False,False
defihacklabs,defihacklabs/2025-01_98Token,access_control,58,mut,call_insert,greedy,12.0,2.2979,False,False,False
defihacklabs,defihacklabs/2025-01_98Token,access_control,59,mut,call_insert,greedy,0.0,0.3404,False,False,False
defihacklabs,defihacklabs/2025-01_98Token,access_control,60,mut,value_perturb,greedy,0.0,0.5532,False,False,False
defihacklabs,defihacklabs/2025-01_98Token,access_control,61,mut,call_insert,greedy,0.0,0.0,False,False,False
defihacklabs,defihacklabs/2025-01_98Token,access_control,62,mut,call_insert,random,1.0,0.1489,False,False,False
defihacklabs,defihacklabs/2025-01_98Token,access_control,63,mut,value_perturb,greedy,0.0,0.2979,False,False,False
defihacklabs,defihacklabs/2025-01_98Token,access_control,64,mut,value_perturb,greedy,0.0,0.4043,False,False,False
defihacklabs,defihacklabs/2025-01_98Token,access_control,65,gen,price_oracle_probe,greedy,0.0,0.2553,False,False,False
defihacklabs,defihacklabs/2025-01_98Token,access_control,66,mut,value_perturb,random,0.0,0.0,False,False,False
defihacklabs,defihacklabs/2025-01_98Token,access_control,67,mut,call_insert,greedy,0.0,0.0,False,False,False
defihacklabs,defihacklabs/2025-01_98Token,access_control,68,mut,value_perturb,greedy,0.0,0.0,False,False,False
defihacklabs,defihacklabs/2025-01_98Token,access_control,69,gen,price_oracle_probe,greedy,0.0,0.0,False,False,False
defihacklabs,defihacklabs/2025-01_98Token,access_control,70,mut,call_insert,greedy,0.0,0.0,False,False,False
defihacklabs,defihacklabs/2025-01_98Token,access_control,71,mut,arg_shuffle,greedy,0.0,0.4468,False,False,False
defihacklabs,defihacklabs/2025-01_98Token,access_control,72,gen,access_control_probe,greedy,0.0,0.0,False,False,False
defihacklabs,defihacklabs/2025-01_98Token,access_control,73,gen,arithmetic_probe,greedy,0.0,0.0,False,False,False
defihacklabs,defihacklabs/2025-01_98Token,access_control,74,mut,arg_shuffle,greedy,0.0,0.2553,False,False,False
defihacklabs,defihacklabs/2025-01_98Token,access_control,75,mut,arg_shuffle,greedy,0.0,0.0,False,False,False
defihacklabs,defihacklabs/2025-01_98Token,access_control,76,mut,arg_shuffle,greedy,0.0,0.383,False,False,False
defihacklabs,defihacklabs/2025-01_98Token,access_control,77,mut,arg_shuffle,greedy,0.0,0.0,False,False,False
defihacklabs,defihacklabs/2025-01_98Token,access_control,78,gen,reentrancy_probe,greedy,0.0,0.0,False,False,False
defihacklabs,defihacklabs/2025-01_98Token,access_control,79,mut,call_insert,greedy,0.0,0.0,False,False,False
defihacklabs,defihacklabs/2025-01_98Token,access_control,80,mut,value_perturb,greedy,0.0,0.0,False,False,False
defihacklabs,defihacklabs/2025-01_98Token,access_control,81,gen,price_oracle_probe,greedy,0.0,0.0,False,False,False
defihacklabs,defihacklabs/2025-01_98Token,access_control,82,mut,call_insert,greedy,0.0,0.0,False,False,False
defihacklabs,defihacklabs/2025-01_98Token,access_control,83,gen,arithmetic_probe,greedy,0.0,0.0,False,False,False
defihacklabs,defihacklabs/2025-01_98Token,access_control,84,mut,call_swap,greedy,0.0,0.6596,False,False,False
defihacklabs,defihacklabs/2025-01_98Token,access_control,85,gen,price_oracle_probe,greedy,0.0,0.0,False,False,False
defihacklabs,defihacklabs/2025-01_98Token,access_control,86,mut,call_swap,greedy,0.0,0.0,False,False,False
defihacklabs,defihacklabs/2025-01_98Token,access_control,87,mut,call_swap,greedy,0.0,0.2553,False,False,False
defihacklabs,defihacklabs/2025-01_98Token,access_control,88,mut,call_swap,greedy,0.0,0.3404,False,False,False
defihacklabs,defihacklabs/2025-01_98Token,access_control,89,mut,call_swap,random,0.0,0.0,False,False,False
defihacklabs,defihacklabs/2025-01_98Token,access_control,90,mut,arg_shuffle,greedy,0.0,0.0,False,False,False
defihacklabs,defihacklabs/2025-01_98Token,access_control,91,mut,arg_shuffle,greedy,0.0,0.0,False,False,False
defihacklabs,defihacklabs/2025-01_98Token,access_control,92,gen,access_control_probe,greedy,6.0,2.0638,False,False,False
defihacklabs,defihacklabs/2025-01_98Token,access_control,93,gen,access_control_probe,greedy,0.0,0.0,False,False,False
defihacklabs,defihacklabs/2025-01_98Token,access_control,94,gen,access_control_probe,greedy,0.0,0.0,False,False,False
defihacklabs,defihacklabs/2025-01_98Token,access_control,95,gen,access_control_probe,greedy,0.0,0.0,False,False,False
defihacklabs,defihacklabs/2025-01_98Token,access_control,96,mut,call_insert,greedy,0.0,0.0,False,False,False
defihacklabs,defihacklabs/2025-01_98Token,access_control,97,gen,access_control_probe,greedy,0.0,0.0,False,False,False
defihacklabs,defihacklabs/2025-01_98Token,access_control,98,gen,access_control_probe,greedy,0.0,0.0,False,False,False
defihacklabs,defihacklabs/2025-01_98Token,access_control,99,mut,value_perturb,random,0.0,0.0,False,False,False
defihacklabs,defihacklabs/2024-11_Ak1111,arbitrary_mint,0,gen,reentrancy_probe,greedy,10.0,0.1581,False,False,False
defihacklabs,defihacklabs/2024-11_Ak1111,arbitrary_mint,1,gen,arithmetic_probe,greedy,25.0,0.5534,False,False,False
defihacklabs,defihacklabs/2024-11_Ak1111,arbitrary_mint,2,gen,access_control_probe,greedy,0.0,0.5534,False,False,False
defihacklabs,defihacklabs/2024-11_Ak1111,arbitrary_mint,3,gen,price_oracle_probe,greedy,15.0,0.4901,False,False,False
defihacklabs,defihacklabs/2024-11_Ak1111,arbitrary_mint,4,gen,logic_error_probe,greedy,11.0,0.3794,False,False,False
defihacklabs,defihacklabs/2024-11_Ak1111,arbitrary_mint,5,mut,value_perturb,greedy,0.0,0.1581,False,False,False
defihacklabs,defihacklabs/2024-11_Ak1111,arbitrary_mint,6,mut,call_insert,greedy,6.0,0.3162,False,False,False
defihacklabs,defihacklabs/2024-11_Ak1111,arbitrary_mint,7,mut,call_swap,random,2.0,0.6482,False,False,False
defihacklabs,defihacklabs/2024-11_Ak1111,arbitrary_mint,8,mut,arg_shuffle,greedy,0.0,0.4901,False,False,False
defihacklabs,defihacklabs/2024-11_Ak1111,arbitrary_mint,9,gen,reentrancy_probe,greedy,13.0,0.2846,False,False,False
defihacklabs,defihacklabs/2024-11_Ak1111,arbitrary_mint,10,gen,arithmetic_probe,random,57.0,51.1383,True,False,True
defihacklabs,defihacklabs/2024-11_Ak1111,arbitrary_mint,11,gen,access_control_probe,random,10.0,0.2213,False,False,False
defihacklabs,defihacklabs/2024-11_Ak1111,arbitrary_mint,12,gen,price_oracle_probe,greedy,1.0,0.0158,False,False,False
defihacklabs,defihacklabs/2024-11_Ak1111,arbitrary_mint,13,gen,logic_error_probe,greedy,0.0,0.585,False,False,False
defihacklabs,defihacklabs/2024-11_Ak1111,arbitrary_mint,14,mut,value_perturb,greedy,0.0,0.3478,False,False,False
defihacklabs,defihacklabs/2024-11_Ak1111,arbitrary_mint,15,mut,call_insert,greedy,4.0,0.1581,False,False,False
defihacklabs,defihacklabs/2024-11_Ak1111,arbitrary_mint,16,mut,call_swap,greedy,0.0,0.3636,False,False,False
defihacklabs,defihacklabs/2024-11_Ak1111,arbitrary_mint,17,mut,arg_shuffle,greedy,0.0,1.249,False,True,False
defihacklabs,defihacklabs/2024-11_Ak1111,arbitrary_mint,18,mut,call_swap,random,0.0,0.1423,False,False,False
defihacklabs,defihacklabs/2024-11_Ak1111,arbitrary_mint,19,gen,arithmetic_probe,greedy,0.0,0.0,False,False,False
defihacklabs,defihacklabs/2024-11_Ak1111,arbitrary_mint,20,gen,arithmetic_probe,greedy,0.0,0.0,False,False,False
defihacklabs,defihacklabs/2024-11_Ak1111,arbitrary_mint,21,mut,call_insert,greedy,0.0,0.1897,False,False,False
defihacklabs,defihacklabs/2024-11_Ak1111,arbitrary_mint,22,mut,call_swap,greedy,0.0,0.0474,False,False,False
defihacklabs,defihacklabs/2024-11_Ak1111,arbitrary_mint,23,gen,arithmetic_probe,greedy,0.0,0.0,True,False,True
defihacklabs,defihacklabs/2024-11_Ak1111,arbitrary_mint,24,gen,price_oracle_probe,greedy,0.0,0.0158,False,False,False
defihacklabs,defihacklabs/2024-11_Ak1111,arbitrary_mint,25,gen,arithmetic_probe,greedy,0.0,0.0,True,False,True
defihacklabs,defihacklabs/2024-11_Ak1111,arbitrary_mint,26,gen,arithmetic_probe,random,19.0,3.3676,False,False,False
defihacklabs,defihacklabs/2024-11_Ak1111,arbitrary_mint,27,gen,arithmetic_probe,greedy,0.0,0.0,False,False,False
defihacklabs,defihacklabs/2024-11_Ak1111,arbitrary_mint,28,gen,arithmetic_probe,greedy,0.0,0.0,False,False,False
defihacklabs,defihacklabs/2024-11_Ak1111,arbitrary_mint,29,gen,arithmetic_probe,greedy,0.0,0.0,False,False,False
defihacklabs,defihacklabs/2024-11_Ak1111,arbitrary_mint,30,gen,arithmetic_probe,greedy,0.0,0.0,False,False,False
defihacklabs,defihacklabs/2024-11_Ak1111,arbitrary_mint,31,gen,arithmetic_probe,greedy,0.0,0.0,False,False,False
defihacklabs,defihacklabs/2024-11_Ak1111,arbitrary_mint,32,mut,arg_shuffle,greedy,0.0,0.0,False,False,False
defihacklabs,defihacklabs/2024-11_Ak1111,arbitrary_mint,33,gen,logic_error_probe,greedy,0.0,0.0,False,False,False
defihacklabs,defihacklabs/2024-11_Ak1111,arbitrary_mint,34,mut,arg_shuffle,greedy,0.0,0.0,False,False,False
defihacklabs,defihacklabs/2024-11_Ak1111,arbitrary_mint,35,gen,access_control_probe,random,2.0,0.3162,False,False,False
defihacklabs,defihacklabs/2024-11_Ak1111,arbitrary_mint,36,gen,access_control_probe,greedy,0.0,0.0,False,False,False
defihacklabs,defihacklabs/2024-11_Ak1111,arbitrary_mint,37,mut,call_swap,greedy,0.0,0.0474,False,False,False
defihacklabs,defihacklabs/2024-11_Ak1111,arbitrary_mint,38,mut,value_perturb,greedy,0.0,0.0,False,False,False
defihacklabs,defihacklabs/2024-11_Ak1111,arbitrary_mint,39,gen,logic_error_probe,greedy,0.0,0.0,False,False,False
defihacklabs,defihacklabs/2024-11_Ak1111,arbitrary_mint,40,mut,arg_shuffle,random,0.0,0.1265,False,False,False
defihacklabs,defihacklabs/2024-11_Ak1111,arbitrary_mint,41,gen,reentrancy_probe,random,4.0,1.0435,False,False,False
defihacklabs,defihacklabs/2024-11_Ak1111,arbitrary_mint,42,gen,reentrancy_probe,greedy,0.0,0.0949,False,False,False
defihacklabs,defihacklabs/2024-11_Ak1111,arbitrary_mint,43,gen,reentrancy_probe,greedy,0.0,0.0,False,False,False
defihacklabs,defihacklabs/2024-11_Ak1111,arbitrary_mint,44,gen,reentrancy_probe,greedy,0.0,0.0,False,False,False
defihacklabs,defihacklabs/2024-11_Ak1111,arbitrary_mint,45,mut,call_insert,greedy,1.0,0.1107,False,False,False
defihacklabs,defihacklabs/2024-11_Ak1111,arbitrary_mint,46,mut,call_insert,greedy,0.0,0.1265,False,False,False
defihacklabs,defihacklabs/2024-11_Ak1111,arbitrary_mint,47,gen,reentrancy_probe,greedy,0.0,0.0,False,False,False
defihacklabs,defihacklabs/2024-11_Ak1111,arbitrary_mint,48,gen,access_control_probe,greedy,0.0,0.0,False,False,False
defihacklabs,defihacklabs/2024-11_Ak1111,arbitrary_mint,49,mut,call_insert,greedy,2.0,0.1423,False,False,False
defihacklabs,defihacklabs/2024-11_Ak1111,arbitrary_mint,50,mut,call_insert,greedy,0.0,0.1581,False,False,False
defihacklabs,defihacklabs/2024-11_Ak1111,arbitrary_mint,51,mut,call_insert,greedy,0.0,0.0,False,False,False
defihacklabs,defihacklabs/2024-11_Ak1111,arbitrary_mint,52,mut,value_perturb,greedy,0.0,1.1542,True,True,False
defihacklabs,defihacklabs/2024-11_Ak1111,arbitrary_mint,53,mut,value_perturb,greedy,0.0,0.1581,False,False,False
defihacklabs,defihacklabs/2024-11_Ak1111,arbitrary_mint,54,gen,logic_error_probe,greedy,0.0,0.0,False,False,False
defihacklabs,defihacklabs/2024-11_Ak1111,arbitrary_mint,55,mut,call_swap,greedy,0.0,0.4901,False,False,False
defihacklabs,defihacklabs/2024-11_Ak1111,arbitrary_mint,56,mut,arg_shuffle,greedy,0.0,0.0316,True,True,False
defihacklabs,defihacklabs/2024-11_Ak1111,arbitrary_mint,57,mut,call_insert,greedy,0.0,0.8696,True,True,False
defihacklabs,defihacklabs/2024-11_Ak1111,arbitrary_mint,58,mut,call_insert,greedy,0.0,0.0,False,False,False
defihacklabs,defihacklabs/2024-11_Ak1111,arbitrary_mint,59,mut,call_insert,greedy,0.0,0.0,False,False,False
defihacklabs,defihacklabs/2024-11_Ak1111,arbitrary_mint,60,gen,price_oracle_probe,greedy,0.0,0.0,False,False,False
defihacklabs,defihacklabs/2024-11_Ak1111,arbitrary_mint,61,gen,access_control_probe,greedy,0.0,0.0,False,False,False
defihacklabs,defihacklabs/2024-11_Ak1111,arbitrary_mint,62,mut,arg_shuffle,greedy,0.0,0.0,True,True,False
defihacklabs,defihacklabs/2024-11_Ak1111,arbitrary_mint,63,gen,logic_error_probe,greedy,0.0,0.0,False,False,False
defihacklabs,defihacklabs/2024-11_Ak1111,arbitrary_mint,64,mut,value_perturb,random,0.0,0.0,True,True,False
defihacklabs,defihacklabs/2024-11_Ak1111,arbitrary_mint,65,gen,access_control_probe,greedy,0.0,0.0,False,False,False
defihacklabs,defihacklabs/2024-11_Ak1111,arbitrary_mint,66,mut,call_swap,greedy,0.0,0.585,True,True,False
defihacklabs,defihacklabs/2024-11_Ak1111,arbitrary_mint,67,mut,arg_shuffle,random,0.0,0.3478,False,False,False
defihacklabs,defihacklabs/2024-11_Ak1111,arbitrary_mint,68,mut,call_swap,greedy,0.0,0.1265,False,False,False
defihacklabs,defihacklabs/2024-11_Ak1111,arbitrary_mint,69,mut,call_swap,greedy,0.0,0.0632,False,False,False
defihacklabs,defihacklabs/2024-11_Ak1111,arbitrary_mint,70,gen,reentrancy_probe,greedy,0.0,0.0,False,False,False
defihacklabs,defihacklabs/2024-11_Ak1111,arbitrary_mint,71,mut,arg_shuffle,random,0.0,0.1265,False,False,False
defihacklabs,defihacklabs/2024-11_Ak1111,arbitrary_mint,72,mut,call_insert,greedy,0.0,0.0,False,False,False
defihacklabs,defihacklabs/2024-11_Ak1111,arbitrary_mint,73,mut,arg_shuffle,greedy,0.0,0.0,False,False,False
defihacklabs,defihacklabs/2024-11_Ak1111,arbitrary_mint,74,mut,call_swap,greedy,0.0,0.0,False,False,False
defihacklabs,defihacklabs/2024-11_Ak1111,arbitrary_mint,75,mut,value_perturb,greedy,0.0,0.0,True,True,False
defihacklabs,defihacklabs/2024-11_Ak1111,arbitrary_mint,76,mut,call_swap,greedy,0.0,0.0,False,False,False
defihacklabs,defihacklabs/2024-11_Ak1111,arbitrary_mint,77,mut,value_perturb,greedy,0.0,0.0,False,False,False
defihacklabs,defihacklabs/2024-11_Ak1111,arbitrary_mint,78,gen,arithmetic_probe,random,2.0,0.5059,False,False,False
defihacklabs,defihacklabs/2024-11_Ak1111,arbitrary_mint,79,gen,arithmetic_probe,greedy,0.0,0.0,False,False,False
defihacklabs,defihacklabs/2024-11_Ak1111,arbitrary_mint,80,gen,arithmetic_probe,greedy,0.0,0.0,False,False,False
defihacklabs,defihacklabs/2024-11_Ak1111,arbitrary_mint,81,gen,arithmetic_probe,greedy,0.0,0.0,True,False,True
defihacklabs,defihacklabs/2024-11_Ak1111,arbitrary_mint,82,gen,price_oracle_probe,greedy,0.0,0.0949,False,False,False
defihacklabs,defihacklabs/2024-11_Ak1111,arbitrary_mint,83,gen,price_oracle_probe,greedy,0.0,0.0,False,False,False
defihacklabs,defihacklabs/2024-11_Ak1111,arbitrary_mint,84,mut,arg_shuffle,greedy,0.0,0.0316,False,False,False
defihacklabs,defihacklabs/2024-11_Ak1111,arbitrary_mint,85,mut,arg_shuffle,greedy,0.0,0.0,False,False,False
defihacklabs,defihacklabs/2024-11_Ak1111,arbitrary_mint,86,gen,arithmetic_probe,random,8.0,1.2174,False,False,False
defihacklabs,defihacklabs/2024-11_Ak1111,arbitrary_mint,87,gen,arithmetic_probe,random,4.0,0.1265,False,False,False
defihacklabs,defihacklabs/2024-11_Ak1111,arbitrary_mint,88,gen,arithmetic_probe,greedy,0.0,0.0,False,False,False
defihacklabs,defihacklabs/2024-11_Ak1111,arbitrary_mint,89,gen,arithmetic_probe,greedy,0.0,0.0,False,False,False
defihacklabs,defihacklabs/2024-11_Ak1111,arbitrary_mint,90,gen,arithmetic_probe,greedy,0.0,0.0,False,False,False
defihacklabs,defihacklabs/2024-11_Ak1111,arbitrary_mint,91,gen,arithmetic_probe,greedy,0.0,0.0,False,False,False
defihacklabs,defihacklabs/2024-11_Ak1111,arbitrary_mint,92,gen,price_oracle_probe,random,4.0,0.6957,False,False,False
defihacklabs,defihacklabs/2024-11_Ak1111,arbitrary_mint,93,mut,arg_shuffle,greedy,0.0,0.0,False,False,False
defihacklabs,defihacklabs/2024-11_Ak1111,arbitrary_mint,94,gen,price_oracle_probe,random,17.0,0.6324,False,False,False
defihacklabs,defihacklabs/2024-11_Ak1111,arbitrary_mint,95,gen,price_oracle_probe,random,8.0,0.3004,False,False,False
defihacklabs,defihacklabs/2024-11_Ak1111,arbitrary_mint,96,gen,price_oracle_probe,greedy,0.0,0.0949,False,False,False
defihacklabs,defihacklabs/2024-11_Ak1111,arbitrary_mint,97,gen,price_oracle_probe,greedy,0.0,0.1107,False,False,False
defihacklabs,defihacklabs/2024-11_Ak1111,arbitrary_mint,98,gen,price_oracle_probe,greedy,0.0,0.0,False,False,False
defihacklabs,defihacklabs/2024-11_Ak1111,arbitrary_mint,99,gen,price_oracle_probe,random,0.0,0.0632,False,False,False
defihacklabs,defihacklabs/2024-08_YodlRouter,access_control,0,gen,reentrancy_probe,random,25.0,0.4831,False,False,False
defihacklabs,defihacklabs/2024-08_YodlRouter,access_control,1,gen,arithmetic_probe,greedy,0.0,0.2899,False,False,False
defihacklabs,defihacklabs/2024-08_YodlRouter,access_control,2,gen,access_control_probe,greedy,9.0,0.4251,False,False,False
defihacklabs,defihacklabs/2024-08_YodlRouter,access_control,3,gen,price_oracle_probe,greedy,0.0,0.2899,False,False,False
defihacklabs,defihacklabs/2024-08_YodlRouter,access_control,4,gen,logic_error_probe,greedy,32.0,0.9662,False,False,False
defihacklabs,defihacklabs/2024-08_YodlRouter,access_control,5,mut,value_perturb,greedy,0.0,0.2899,False,False,False
defihacklabs,defihacklabs/2024-08_YodlRouter,access_control,6,mut,call_insert,greedy,0.0,0.2899,False,False,False
defihacklabs,defihacklabs/2024-08_YodlRouter,access_control,7,mut,call_swap,greedy,1.0,0.3285,False,False,False
defihacklabs,defihacklabs/2024-08_YodlRouter,access_control,8,mut,arg_shuffle,greedy,0.0,0.3285,False,False,False
defihacklabs,defihacklabs/2024-08_YodlRouter,access_control,9,gen,reentrancy_probe,greedy,1.0,0.1353,False,False,False
defihacklabs,defihacklabs/2024-08_YodlRouter,access_control,10,gen,arithmetic_probe,greedy,0.0,0.0,False,False,False
defihacklabs,defihacklabs/2024-08_YodlRouter,access_control,11,gen,access_control_probe,greedy,7.0,0.2126,False,False,False
defihacklabs,defihacklabs/2024-08_YodlRouter,access_control,12,gen,price_oracle_probe,greedy,2.0,0.2899,False,False,False
defihacklabs,defihacklabs/2024-08_YodlRouter,access_control,13,gen,logic_error_probe,random,8.0,0.3285,False,False,False
defihacklabs,defihacklabs/2024-08_YodlRouter,access_control,14,mut,value_perturb,greedy,4.0,0.6184,False,False,False
defihacklabs,defihacklabs/2024-08_YodlRouter,access_control,15,mut,call_insert,greedy,0.0,0.1739,False,False,False
defihacklabs,defihacklabs/2024-08_YodlRouter,access_control,16,mut,call_swap,random,0.0,0.3478,False,False,False
defihacklabs,defihacklabs/2024-08_YodlRouter,access_control,17,mut,arg_shuffle,random,0.0,0.1546,False,False,False
defihacklabs,defihacklabs/2024-08_YodlRouter,access_control,18,gen,logic_error_probe,greedy,0.0,0.0,False,False,False
defihacklabs,defihacklabs/2024-08_YodlRouter,access_control,19,mut,value_perturb,greedy,0.0,0.1159,False,False,False
defihacklabs,defihacklabs/2024-08_YodlRouter,access_control,20,mut,call_swap,greedy,0.0,0.0,False,False,False
defihacklabs,defihacklabs/2024-08_YodlRouter,access_control,21,mut,value_perturb,greedy,0.0,0.0193,False,False,False
defihacklabs,defihacklabs/2024-08_YodlRouter,access_control,22,gen,price_oracle_probe,greedy,0.0,0.5411,False,False,False
defihacklabs,defihacklabs/2024-08_YodlRouter,access_control,23,gen,price_oracle_probe,greedy,0.0,0.0,False,False,False
defihacklabs,defihacklabs/2024-08_YodlRouter,access_control,24,gen,access_control_probe,greedy,0.0,0.0,False,False,False
defihacklabs,defihacklabs/2024-08_YodlRouter,access_control,25,gen,logic_error_probe,greedy,0.0,0.0,False,False,False
defihacklabs,defihacklabs/2024-08_YodlRouter,access_control,26,gen,price_oracle_probe,greedy,0.0,0.0,False,False,False
defihacklabs,defihacklabs/2024-08_YodlRouter,access_control,27,gen,price_oracle_probe,greedy,0.0,0.0,False,False,False
defihacklabs,defihacklabs/2024-08_YodlRouter,access_control,28,gen,reentrancy_probe,greedy,0.0,0.0773,False,False,False
defihacklabs,defihacklabs/2024-08_YodlRouter,access_control,29,mut,call_insert,greedy,0.0,0.0,False,False,False
defihacklabs,defihacklabs/2024-08_YodlRouter,access_control,30,mut,arg_shuffle,greedy,0.0,0.657,False,False,False
defihacklabs,defihacklabs/2024-08_YodlRouter,access_control,31,mut,arg_shuffle,greedy,0.0,0.1159,False,False,False
defihacklabs,defihacklabs/2024-08_YodlRouter,access_control,32,mut,arg_shuffle,greedy,0.0,0.0,False,False,False
defihacklabs,defihacklabs/2024-08_YodlRouter,access_control,33,mut,value_perturb,greedy,0.0,0.4444,False,False,False
defihacklabs,defihacklabs/2024-08_YodlRouter,access_control,34,mut,value_perturb,greedy,0.0,0.0966,False,False,False
defihacklabs,defihacklabs/2024-08_YodlRouter,access_control,35,mut,value_perturb,greedy,0.0,0.0,False,False,False
defihacklabs,defihacklabs/2024-08_YodlRouter,access_control,36,gen,reentrancy_probe,random,0.0,0.1932,False,False,False
defihacklabs,defihacklabs/2024-08_YodlRouter,access_control,37,gen,reentrancy_probe,random,0.0,0.0,False,False,False
defihacklabs,defihacklabs/2024-08_YodlRouter,access_control,38,mut,call_swap,greedy,0.0,0.0193,False,False,False
defihacklabs,defihacklabs/2024-08_YodlRouter,access_control,39,gen,access_control_probe,greedy,0.0,0.0,False,False,False
defihacklabs,defihacklabs/2024-08_YodlRouter,access_control,40,gen,logic_error_probe,greedy,0.0,0.0,False,False,False
defihacklabs,defihacklabs/2024-08_YodlRouter,access_control,41,gen,reentrancy_probe,greedy,0.0,0.0,False,False,False
defihacklabs,defihacklabs/2024-08_YodlRouter,access_control,42,gen,logic_error_probe,random,4.0,1.4493,False,False,False
defihacklabs,defihacklabs/2024-08_YodlRouter,access_control,43,gen,logic_error_probe,random,2.0,0.0966,False,False,False
defihacklabs,defihacklabs/2024-08_YodlRouter,access_control,44,gen,logic_error_probe,greedy,0.0,0.0,False,False,False
defihacklabs,defihacklabs/2024-08_YodlRouter,access_control,45,gen,logic_error_probe,greedy,0.0,0.0,False,False,False
defihacklabs,defihacklabs/2024-08_YodlRouter,access_control,46,gen,logic_error_probe,greedy,0.0,0.0,False,False,False
defihacklabs,defihacklabs/2024-08_YodlRouter,access_control,47,mut,call_insert,greedy,0.0,0.2705,False,False,False
defihacklabs,defihacklabs/2024-08_YodlRouter,access_control,48,mut,call_insert,greedy,0.0,0.0773,False,False,False
defihacklabs,defihacklabs/2024-08_YodlRouter,access_control,49,mut,call_swap,greedy,0.0,0.6184,False,False,False
defihacklabs,defihacklabs/2024-08_YodlRouter,access_control,50,mut,call_swap,greedy,0.0,0.1353,False,False,False
defihacklabs,defihacklabs/2024-08_YodlRouter,access_control,51,gen,arithmetic_probe,greedy,0.0,0.3285,False,False,False
defihacklabs,defihacklabs/2024-08_YodlRouter,access_control,52,gen,arithmetic_probe,greedy,0.0,0.0,False,False,False
defihacklabs,defihacklabs/2024-08_YodlRouter,access_control,53,gen,arithmetic_probe,greedy,0.0,0.0,False,False,False
defihacklabs,defihacklabs/2024-08_YodlRouter,access_control,54,mut,arg_shuffle,random,0.0,0.0,False,False,False
defihacklabs,defihacklabs/2024-08_YodlRouter,access_control,55,gen,access_control_probe,greedy,0.0,0.0193,False,False,False
defihacklabs,defihacklabs/2024-08_YodlRouter,access_control,56,gen,logic_error_probe,random,1.0,0.2899,False,False,False
defihacklabs,defihacklabs/2024-08_YodlRouter,access_control,57,gen,logic_error_probe,greedy,0.0,0.0,False,False,False
defihacklabs,defihacklabs/2024-08_YodlRouter,access_control,58,gen,logic_error_probe,greedy,0.0,0.0,False,False,False
defihacklabs,defihacklabs/2024-08_YodlRouter,access_control,59,mut,call_insert,greedy,0.0,0.0,False,False,False
defihacklabs,defihacklabs/2024-08_YodlRouter,access_control,60,mut,value_perturb,greedy,0.0,0.0,False,False,False
defihacklabs,defihacklabs/2024-08_YodlRouter,access_control,61,gen,access_control_probe,greedy,0.0,0.0,False,False,False
defihacklabs,defihacklabs/2024-08_YodlRouter,access_control,62,mut,call_swap,greedy,0.0,0.0,False,False,False
defihacklabs,defihacklabs/2024-08_YodlRouter,access_control,63,mut,call_swap,greedy,0.0,0.0,False,False,False
defihacklabs,defihacklabs/2024-08_YodlRouter,access_control,64,gen,price_oracle_probe,greedy,0.0,0.0,False,False,False
defihacklabs,defihacklabs/2024-08_YodlRouter,access_control,65,gen,logic_error_probe,greedy,0.0,0.0,False,False,False
defihacklabs,defihacklabs/2024-08_YodlRouter,access_control,66,gen,reentrancy_probe,random,0.0,0.0,False,False,False
defihacklabs,defihacklabs/2024-08_YodlRouter,access_control,67,mut,arg_shuffle,greedy,0.0,0.0,False,False,False
defihacklabs,defihacklabs/2024-08_YodlRouter,access_control,68,mut,value_perturb,greedy,0.0,0.0193,False,False,False
defihacklabs,defihacklabs/2024-08_YodlRouter,access_control,69,mut,call_insert,greedy,0.0,0.5797,False,False,False
defihacklabs,defihacklabs/2024-08_YodlRouter,access_control,70,mut,call_insert,greedy,0.0,0.0,False,False,False
defihacklabs,defihacklabs/2024-08_YodlRouter,access_control,71,mut,call_insert,greedy,0.0,0.0,False,False,False
defihacklabs,defihacklabs/2024-08_YodlRouter,access_control,72,mut,call_insert,greedy,0.0,0.0,False,False,False
defihacklabs,defihacklabs/2024-08_YodlRouter,access_control,73,mut,call_swap,greedy,0.0,0.0,False,False,False
defihacklabs,defihacklabs/2024-08_YodlRouter,access_control,74,gen,arithmetic_probe,greedy,0.0,0.0,False,False,False
defihacklabs,defihacklabs/2024-08_YodlRouter,access_control,75,mut,value_perturb,greedy,0.0,0.1353,False,False,False
defihacklabs,defihacklabs/2024-08_YodlRouter,access_control,76,gen,arithmetic_probe,greedy,0.0,0.0,False,False,False
defihacklabs,defihacklabs/2024-08_YodlRouter,access_control,77,mut,value_perturb,greedy,0.0,0.0,False,False,False
defihacklabs,defihacklabs/2024-08_YodlRouter,access_control,78,mut,value_perturb,greedy,0.0,0.0,False,False,False
defihacklabs,defihacklabs/2024-08_YodlRouter,access_control,79,gen,logic_error_probe,greedy,0.0,0.0,False,False,False
defihacklabs,defihacklabs/2024-08_YodlRouter,access_control,80,gen,access_control_probe,greedy,0.0,0.0773,False,False,False
defihacklabs,defihacklabs/2024-08_YodlRouter,access_control,81,mut,call_swap,greedy,0.0,0.1739,False,False,False
defihacklabs,defihacklabs/2024-08_YodlRouter,access_control,82,mut,call_swap,greedy,0.0,0.0,False,False,False
defihacklabs,defihacklabs/2024-08_YodlRouter,access_control,83,gen,logic_error_probe,greedy,1.0,0.3092,False,False,False
defihacklabs,defihacklabs/2024-08_YodlRouter,access_control,84,gen,logic_error_probe,greedy,0.0,0.0,False,False,False
defihacklabs,defihacklabs/2024-08_YodlRouter,access_control,85,gen,logic_error_probe,greedy,0.0,0.0,False,False,False
defihacklabs,defihacklabs/2024-08_YodlRouter,access_control,86,gen,logic_error_probe,greedy,0.0,0.0,False,False,False
defihacklabs,defihacklabs/2024-08_YodlRouter,access_control,87,gen,logic_error_probe,greedy,0.0,0.0,False,False,False
defihacklabs,defihacklabs/2024-08_YodlRouter,access_control,88,mut,call_insert,greedy,0.0,0.0193,False,False,False
defihacklabs,defihacklabs/2024-08_YodlRouter,access_control,89,mut,call_insert,greedy,0.0,0.0193,False,False,False
defihacklabs,defihacklabs/2024-08_YodlRouter,access_control,90,mut,call_insert,greedy,0.0,0.0,False,False,False
defihacklabs,defihacklabs/2024-08_YodlRouter,access_control,91,gen,access_control_probe,greedy,0.0,0.0,False,False,False
defihacklabs,defihacklabs/2024-08_YodlRouter,access_control,92,mut,arg_shuffle,greedy,0.0,0.0,False,False,False
defihacklabs,defihacklabs/2024-08_YodlRouter,access_control,93,mut,call_swap,greedy,0.0,0.0,False,False,False
defihacklabs,defihacklabs/2024-08_YodlRouter,access_control,94,gen,access_control_probe,random,0.0,0.6184,False,False,False
defihacklabs,defihacklabs/2024-08_YodlRouter,access_control,95,gen,logic_error_probe,greedy,0.0,0.0,False,False,False
defihacklabs,defihacklabs/2024-08_YodlRouter,access_control,96,gen,access_control_probe,greedy,0.0,0.0,False,False,False
defihacklabs,defihacklabs/2024-08_YodlRouter,access_control,97,gen,access_control_probe,greedy,0.0,0.0,False,False,False
defihacklabs,defihacklabs/2024-08_YodlRouter,access_control,98,gen,access_control_probe,greedy,0.0,0.0,False,False,False
defihacklabs,defihacklabs/2024-08_YodlRouter,access_control,99,mut,call_insert,greedy,0.0,0.0,False,False,False
defihacklabs,defihacklabs/2024-12_Pledge,access_control,0,gen,reentrancy_probe,random,47.0,0.8624,False,False,False
defihacklabs,defihacklabs/2024-12_Pledge,access_control,1,gen,arithmetic_probe,random,27.0,0.8624,False,False,False
defihacklabs,defihacklabs/2024-12_Pledge,access_control,2,gen,access_control_probe,greedy,2.0,0.422,False,False,False
defihacklabs,defihacklabs/2024-12_Pledge,access_control,3,gen,price_oracle_probe,random,5.0,0.5872,False,False,False
defihacklabs,defihacklabs/2024-12_Pledge,access_control,4,gen,logic_error_probe,greedy,21.0,1.0459,False,False,False
defihacklabs,defihacklabs/2024-12_Pledge,access_control,5,mut,value_perturb,greedy,0.0,0.422,False,False,False
defihacklabs,defihacklabs/2024-12_Pledge,access_control,6,mut,call_insert,greedy,18.0,1.7431,False,False,False
defihacklabs,defihacklabs/2024-12_Pledge,access_control,7,mut,call_swap,greedy,1.0,1.156,False,False,False
defihacklabs,defihacklabs/2024-12_Pledge,access_control,8,mut,arg_shuffle,greedy,0.0,1.7431,False,False,False
defihacklabs,defihacklabs/2024-12_Pledge,access_control,9,gen,reentrancy_probe,greedy,0.0,0.0,False,False,False
defihacklabs,defihacklabs/2024-12_Pledge,access_control,10,gen,arithmetic_probe,greedy,6.0,0.3853,False,False,False
defihacklabs,defihacklabs/2024-12_Pledge,access_control,11,gen,access_control_probe,greedy,3.0,0.055,False,False,False
defihacklabs,defihacklabs/2024-12_Pledge,access_control,12,gen,price_oracle_probe,greedy,2.0,0.1101,False,False,False
defihacklabs,defihacklabs/2024-12_Pledge,access_control,13,gen,logic_error_probe,random,24.0,0.8257,False,False,False
defihacklabs,defihacklabs/2024-12_Pledge,access_control,14,mut,value_perturb,greedy,0.0,1.0092,False,False,False
defihacklabs,defihacklabs/2024-12_Pledge,access_control,15,mut,call_insert,greedy,4.0,0.6606,False,False,False
defihacklabs,defihacklabs/2024-12_Pledge,access_control,16,mut,call_swap,greedy,0.0,0.2202,False,False,False
defihacklabs,defihacklabs/2024-12_Pledge,access_control,17,mut,arg_shuffle,greedy,0.0,0.0,False,False,False
defihacklabs,defihacklabs/2024-12_Pledge,access_control,18,mut,call_insert,greedy,0.0,0.0,False,False,False
defihacklabs,defihacklabs/2024-12_Pledge,access_control,19,gen,logic_error_probe,greedy,11.0,0.2018,False,False,False
defihacklabs,defihacklabs/2024-12_Pledge,access_control,20,mut,value_perturb,greedy,0.0,0.2018,False,False,False
defihacklabs,defihacklabs/2024-12_Pledge,access_control,21,gen,logic_error_probe,greedy,0.0,0.0,False,False,False
defihacklabs,defihacklabs/2024-12_Pledge,access_control,22,mut,arg_shuffle,greedy,0.0,0.5688,False,False,False
defihacklabs,defihacklabs/2024-12_Pledge,access_control,23,mut,arg_shuffle,greedy,0.0,0.2018,False,False,False
defihacklabs,defihacklabs/2024-12_Pledge,access_control,24,gen,arithmetic_probe,greedy,0.0,0.0,False,False,False
defihacklabs,defihacklabs/2024-12_Pledge,access_control,25,mut,value_perturb,greedy,0.0,0.0,False,False,False
defihacklabs,defihacklabs/2024-12_Pledge,access_control,26,mut,call_swap,greedy,0.0,0.3119,False,False,False
defihacklabs,defihacklabs/2024-12_Pledge,access_control,27,mut,call_insert,greedy,0.0,0.0367,False,False,False
defihacklabs,defihacklabs/2024-12_Pledge,access_control,28,mut,arg_shuffle,random,0.0,0.0183,False,False,False
defihacklabs,defihacklabs/2024-12_Pledge,access_control,29,mut,call_swap,greedy,0.0,0.1101,False,False,False
defihacklabs,defihacklabs/2024-12_Pledge,access_control,30,mut,call_swap,greedy,0.0,0.4404,False,False,False
defihacklabs,defihacklabs/2024-12_Pledge,access_control,31,gen,reentrancy_probe,greedy,0.0,0.0,False,False,False
defihacklabs,defihacklabs/2024-12_Pledge,access_control,32,mut,call_swap,greedy,0.0,0.0,False,False,False
defihacklabs,defihacklabs/2024-12_Pledge,access_control,33,mut,call_insert,greedy,0.0,0.0,False,False,False
defihacklabs,defihacklabs/2024-12_Pledge,access_control,34,gen,logic_error_probe,greedy,0.0,0.0,False,False,False
defihacklabs,defihacklabs/2024-12_Pledge,access_control,35,gen,arithmetic_probe,random,24.0,6.367,False,False,False
defihacklabs,defihacklabs/2024-12_Pledge,access_control,36,gen,arithmetic_probe,greedy,1.0,0.0183,False,False,False
defihacklabs,defihacklabs/2024-12_Pledge,access_control,37,gen,arithmetic_probe,greedy,0.0,0.0,False,False,False
defihacklabs,defihacklabs/2024-12_Pledge,access_control,38,gen,arithmetic_probe,random,10.0,0.2385,False,False,False
defihacklabs,defihacklabs/2024-12_Pledge,access_control,39,gen,arithmetic_probe,greedy,0.0,0.0,False,False,False
defihacklabs,defihacklabs/2024-12_Pledge,access_control,40,mut,arg_shuffle,greedy,0.0,0.0,False,False,False
defihacklabs,defihacklabs/2024-12_Pledge,access_control,41,gen,arithmetic_probe,random,7.0,0.3853,False,False,False
defihacklabs,defihacklabs/2024-12_Pledge,access_control,42,gen,arithmetic_probe,greedy,0.0,0.055,False,False,False
defihacklabs,defihacklabs/2024-12_Pledge,access_control,43,mut,call_insert,greedy,0.0,0.0,False,False,False
defihacklabs,defihacklabs/2024-12_Pledge,access_control,44,mut,value_perturb,greedy,0.0,0.0,False,False,False
defihacklabs,defihacklabs/2024-12_Pledge,access_control,45,gen,price_oracle_probe,greedy,0.0,0.0,False,False,False
defihacklabs,defihacklabs/2024-12_Pledge,access_control,46,gen,reentrancy_probe,greedy,0.0,0.0,False,False,False
defihacklabs,defihacklabs/2024-12_Pledge,access_control,47,gen,arithmetic_probe,greedy,0.0,0.0,False,False,False
defihacklabs,defihacklabs/2024-12_Pledge,access_control,48,gen,access_control_probe,greedy,0.0,0.0183,False,False,False
defihacklabs,defihacklabs/2024-12_Pledge,access_control,49,gen,logic_error_probe,greedy,0.0,0.0,False,False,False
defihacklabs,defihacklabs/2024-12_Pledge,access_control,50,gen,price_oracle_probe,greedy,0.0,0.0,False,False,False
defihacklabs,defihacklabs/2024-12_Pledge,access_control,51,gen,price_oracle_probe,greedy,0.0,0.0,False,False,False
defihacklabs,defihacklabs/2024-12_Pledge,access_control,52,gen,arithmetic_probe,greedy,0.0,0.0,False,False,False
defihacklabs,defihacklabs/2024-12_Pledge,access_control,53,gen,logic_error_probe,greedy,0.0,0.0,False,False,False
defihacklabs,defihacklabs/2024-12_Pledge,access_control,54,mut,call_swap,greedy,1.0,0.5688,False,False,False
defihacklabs,defihacklabs/2024-12_Pledge,access_control,55,mut,call_swap,greedy,0.0,0.0,False,False,False
defihacklabs,defihacklabs/2024-12_Pledge,access_control,56,mut,call_swap,random,0.0,0.055,False,False,False
defihacklabs,defihacklabs/2024-12_Pledge,access_control,57,mut,call_swap,greedy,0.0,0.1284,False,False,False
defihacklabs,defihacklabs/2024-12_Pledge,access_control,58,mut,call_swap,greedy,0.0,0.367,False,False,False
defihacklabs,defihacklabs/2024-12_Pledge,access_control,59,mut,call_swap,random,1.0,0.0183,False,False,False
defihacklabs,defihacklabs/2024-12_Pledge,access_control,60,mut,call_swap,greedy,0.0,0.0,False,False,False
defihacklabs,defihacklabs/2024-12_Pledge,access_control,61,gen,access_control_probe,greedy,0.0,0.0,False,False,False
defihacklabs,defihacklabs/2024-12_Pledge,access_control,62,mut,call_swap,random,0.0,0.055,False,False,False
defihacklabs,defihacklabs/2024-12_Pledge,access_control,63,mut,call_swap,greedy,0.0,0.0,False,False,False
defihacklabs,defihacklabs/2024-12_Pledge,access_control,64,gen,reentrancy_probe,greedy,0.0,0.2018,False,False,False
defihacklabs,defihacklabs/2024-12_Pledge,access_control,65,gen,reentrancy_probe,greedy,0.0,0.0,False,False,False
defihacklabs,defihacklabs/2024-12_Pledge,access_control,66,mut,call_insert,greedy,0.0,0.0,False,False,False
defihacklabs,defihacklabs/2024-12_Pledge,access_control,67,mut,value_perturb,greedy,0.0,0.0183,False,False,False
defihacklabs,defihacklabs/2024-12_Pledge,access_control,68,mut,arg_shuffle,greedy,0.0,0.0,False,False,False
defihacklabs,defihacklabs/2024-12_Pledge,access_control,69,gen,arithmetic_probe,greedy,0.0,0.0,False,False,False
defihacklabs,defihacklabs/2024-12_Pledge,access_control,70,gen,access_control_probe,random,6.0,1.8532,False,False,False
defihacklabs,defihacklabs/2024-12_Pledge,access_control,71,gen,access_control_probe,greedy,0.0,0.0,False,False,False
defihacklabs,defihacklabs/2024-12_Pledge,access_control,72,gen,access_control_probe,greedy,0.0,0.0,False,False,False
defihacklabs,defihacklabs/2024-12_Pledge,access_control,73,gen,access_control_probe,random,0.0,0.2936,False,False,False
defihacklabs,defihacklabs/2024-12_Pledge,access_control,74,mut,value_perturb,greedy,0.0,0.4037,False,False,False
defihacklabs,defihacklabs/2024-12_Pledge,access_control,75,gen,access_control_probe,greedy,0.0,0.0,False,False,False
defihacklabs,defihacklabs/2024-12_Pledge,access_control,76,mut,value_perturb,greedy,0.0,0.2385,False,False,False
defihacklabs,defihacklabs/2024-12_Pledge,access_control,77,mut,value_perturb,random,0.0,0.0,False,False,False
defihacklabs,defihacklabs/2024-12_Pledge,access_control,78,gen,access_control_probe,greedy,0.0,0.0,False,False,False
defihacklabs,defihacklabs/2024-12_Pledge,access_control,79,mut,value_perturb,greedy,0.0,0.2569,False,False,False
defihacklabs,defihacklabs/2024-12_Pledge,access_control,80,gen,reentrancy_probe,greedy,0.0,0.0,False,False,False
defihacklabs,defihacklabs/2024-12_Pledge,access_control,81,mut,call_insert,greedy,0.0,0.0,False,False,False
defihacklabs,defihacklabs/2024-12_Pledge,access_control,82,mut,call_swap,greedy,0.0,0.0,False,False,False
defihacklabs,defihacklabs/2024-12_Pledge,access_control,83,gen,logic_error_probe,random,3.0,0.9358,False,False,False
defihacklabs,defihacklabs/2024-12_Pledge,access_control,84,gen,logic_error_probe,greedy,1.0,0.0183,False,False,False
defihacklabs,defihacklabs/2024-12_Pledge,access_control,85,gen,logic_error_probe,random,0.0,0.1468,False,False,False
defihacklabs,defihacklabs/2024-12_Pledge,access_control,86,gen,logic_error_probe,greedy,0.0,0.0,False,False,False
defihacklabs,defihacklabs/2024-12_Pledge,access_control,87,mut,arg_shuffle,random,0.0,0.1468,False,False,False
defihacklabs,defihacklabs/2024-12_Pledge,access_control,88,mut,call_insert,random,0.0,0.1101,False,False,False
defihacklabs,defihacklabs/2024-12_Pledge,access_control,89,gen,logic_error_probe,greedy,0.0,0.0,False,False,False
defihacklabs,defihacklabs/2024-12_Pledge,access_control,90,mut,value_perturb,greedy,0.0,0.0,False,False,False
defihacklabs,defihacklabs/2024-12_Pledge,access_control,91,mut,arg_shuffle,greedy,0.0,0.0,False,False,False
defihacklabs,defihacklabs/2024-12_Pledge,access_control,92,mut,arg_shuffle,greedy,0.0,0.0,False,False,False
defihacklabs,defihacklabs/2024-12_Pledge,access_control,93,mut,call_insert,greedy,0.0,0.3303,False,False,False
defihacklabs,defihacklabs/2024-12_Pledge,access_control,94,mut,call_insert,greedy,0.0,0.0,False,False,False
defihacklabs,defihacklabs/2024-12_Pledge,access_control,95,mut,call_insert,greedy,0.0,0.0,False,False,False
defihacklabs,defihacklabs/2024-12_Pledge,access_control,96,gen,logic_error_probe,greedy,0.0,0.0,False,False,False
defihacklabs,defihacklabs/2024-12_Pledge,access_control,97,mut,value_perturb,greedy,0.0,0.0,False,False,False
defihacklabs,defihacklabs/2024-12_Pledge,access_control,98,gen,access_control_probe,greedy,0.0,0.0,False,False,False
defihacklabs,defihacklabs/2024-12_Pledge,access_control,99,gen,price_oracle_probe,random,0.0,0.0367,False,False,False
defihacklabs,defihacklabs/2022-06_Snood,access_control,0,gen,reentrancy_probe,greedy,56.0,0.7368,False,False,False
defihacklabs,defihacklabs/2022-06_Snood,access_control,1,gen,arithmetic_probe,random,41.0,1.1711,False,False,False
defihacklabs,defihacklabs/2022-06_Snood,access_control,2,gen,access_control_probe,greedy,13.0,0.7237,False,False,False
defihacklabs,defihacklabs/2022-06_Snood,access_control,3,gen,price_oracle_probe,greedy,12.0,0.3947,False,False,False
defihacklabs,defihacklabs/2022-06_Snood,access_control,4,gen,logic_error_probe,greedy,11.0,0.3553,False,False,False
defihacklabs,defihacklabs/2022-06_Snood,access_control,5,mut,value_perturb,greedy,0.0,0.3553,False,False,False
defihacklabs,defihacklabs/2022-06_Snood,access_control,6,mut,call_insert,random,7.0,0.8421,False,False,False
defihacklabs,defihacklabs/2022-06_Snood,access_control,7,mut,call_swap,greedy,3.0,0.4737,False,False,False
defihacklabs,defihacklabs/2022-06_Snood,access_control,8,mut,arg_shuffle,random,0.0,0.3553,False,False,False
defihacklabs,defihacklabs/2022-06_Snood,access_control,9,gen,reentrancy_probe,greedy,5.0,0.1053,False,False,False
defihacklabs,defihacklabs/2022-06_Snood,access_control,10,gen,arithmetic_probe,greedy,11.0,0.3026,False,False,False
defihacklabs,defihacklabs/2022-06_Snood,access_control,11,gen,access_control_probe,greedy,0.0,0.0,False,False,False
defihacklabs,defihacklabs/2022-06_Snood,access_control,12,gen,price_oracle_probe,greedy,0.0,0.0,False,False,False
defihacklabs,defihacklabs/2022-06_Snood,access_control,13,gen,logic_error_probe,greedy,10.0,0.2895,False,False,False
defihacklabs,defihacklabs/2022-06_Snood,access_control,14,mut,value_perturb,random,0.0,0.25,False,False,False
defihacklabs,defihacklabs/2022-06_Snood,access_control,15,mut,call_insert,greedy,0.0,0.6974,False,False,False
defihacklabs,defihacklabs/2022-06_Snood,access_control,16,mut,call_swap,random,8.0,0.4605,False,False,False
defihacklabs,defihacklabs/2022-06_Snood,access_control,17,mut,arg_shuffle,greedy,0.0,0.1579,False,False,False
defihacklabs,defihacklabs/2022-06_Snood,access_control,18,mut,call_insert,greedy,0.0,0.1053,False,False,False
defihacklabs,defihacklabs/2022-06_Snood,access_control,19,gen,arithmetic_probe,greedy,0.0,0.0,False,False,False
defihacklabs,defihacklabs/2022-06_Snood,access_control,20,mut,call_swap,greedy,0.0,0.1974,False,False,False
defihacklabs,defihacklabs/2022-06_Snood,access_control,21,mut,call_insert,greedy,0.0,0.0,False,False,False
defihacklabs,defihacklabs/2022-06_Snood,access_control,22,gen,price_oracle_probe,greedy,0.0,0.0,False,False,False
defihacklabs,defihacklabs/2022-06_Snood,access_control,23,mut,call_swap,greedy,0.0,0.1711,False,False,False
defihacklabs,defihacklabs/2022-06_Snood,access_control,24,gen,reentrancy_probe,greedy,26.0,3.2763,False,False,False
defihacklabs,defihacklabs/2022-06_Snood,access_control,25,gen,reentrancy_probe,greedy,0.0,0.0789,False,False,False
defihacklabs,defihacklabs/2022-06_Snood,access_control,26,gen,reentrancy_probe,greedy,0.0,0.0,False,False,False
defihacklabs,defihacklabs/2022-06_Snood,access_control,27,gen,reentrancy_probe,greedy,0.0,0.0789,False,False,False
defihacklabs,defihacklabs/2022-06_Snood,access_control,28,mut,arg_shuffle,greedy,6.0,0.1974,False,False,False
defihacklabs,defihacklabs/2022-06_Snood,access_control,29,gen,reentrancy_probe,greedy,0.0,0.0,False,False,False
defihacklabs,defihacklabs/2022-06_Snood,access_control,30,gen,logic_error_probe,greedy,10.0,0.2895,False,False,False
defihacklabs,defihacklabs/2022-06_Snood,access_control,31,gen,logic_error_probe,greedy,1.0,0.1842,False,False,False
defihacklabs,defihacklabs/2022-06_Snood,access_control,32,gen,logic_error_probe,greedy,0.0,0.0921,False,False,False
defihacklabs,defihacklabs/2022-06_Snood,access_control,33,gen,arithmetic_probe,greedy,0.0,0.0658,False,False,False
defihacklabs,defihacklabs/2022-06_Snood,access_control,34,mut,call_swap,greedy,0.0,0.3816,False,False,False
defihacklabs,defihacklabs/2022-06_Snood,access_control,35,mut,call_swap,greedy,0.0,0.3289,False,False,False
defihacklabs,defihacklabs/2022-06_Snood,access_control,36,mut,call_swap,greedy,0.0,0.0,False,False,False
defihacklabs,defihacklabs/2022-06_Snood,access_control,37,mut,value_perturb,greedy,0.0,0.1053,False,False,False
defihacklabs,defihacklabs/2022-06_Snood,access_control,38,mut,arg_shuffle,greedy,0.0,0.4342,False,False,False
defihacklabs,defihacklabs/2022-06_Snood,access_control,39,mut,arg_shuffle,greedy,0.0,0.0,False,False,False
defihacklabs,defihacklabs/2022-06_Snood,access_control,40,gen,access_control_probe,greedy,0.0,0.1579,False,False,False
defihacklabs,defihacklabs/2022-06_Snood,access_control,41,gen,access_control_probe,greedy,0.0,0.0658,False,False,False
defihacklabs,defihacklabs/2022-06_Snood,access_control,42,mut,call_insert,greedy,0.0,0.3816,False,False,False
defihacklabs,defihacklabs/2022-06_Snood,access_control,43,mut,call_insert,greedy,0.0,0.3158,False,False,False
defihacklabs,defihacklabs/2022-06_Snood,access_control,44,mut,value_perturb,greedy,0.0,0.0,False,False,False
defihacklabs,defihacklabs/2022-06_Snood,access_control,45,gen,logic_error_probe,greedy,0.0,0.0,False,False,False
defihacklabs,defihacklabs/2022-06_Snood,access_control,46,mut,arg_shuffle,greedy,0.0,0.0,False,False,False
defihacklabs,defihacklabs/2022-06_Snood,access_control,47,gen,arithmetic_probe,greedy,0.0,0.0,False,False,False
defihacklabs,defihacklabs/2022-06_Snood,access_control,48,gen,reentrancy_probe,greedy,0.0,0.0,False,False,False
defihacklabs,defihacklabs/2022-06_Snood,access_control,49,gen,access_control_probe,random,2.0,0.4868,False,False,False
defihacklabs,defihacklabs/2022-06_Snood,access_control,50,gen,access_control_probe,greedy,0.0,0.0789,False,False,False
defihacklabs,defihacklabs/2022-06_Snood,access_control,51,gen,access_control_probe,greedy,0.0,0.0,False,False,False
defihacklabs,defihacklabs/2022-06_Snood,access_control,52,gen,access_control_probe,greedy,0.0,0.0526,False,False,False
defihacklabs,defihacklabs/2022-06_Snood,access_control,53,gen,access_control_probe,greedy,0.0,0.0,False,False,False
defihacklabs,defihacklabs/2022-06_Snood,access_control,54,mut,call_insert,greedy,0.0,0.0,False,False,False
defihacklabs,defihacklabs/2022-06_Snood,access_control,55,mut,value_perturb,greedy,0.0,0.4737,False,False,False
defihacklabs,defihacklabs/2022-06_Snood,access_control,56,mut,call_swap,greedy,0.0,0.0,False,False,False
defihacklabs,defihacklabs/2022-06_Snood,access_control,57,gen,access_control_probe,greedy,0.0,0.0,False,False,False
defihacklabs,defihacklabs/2022-06_Snood,access_control,58,gen,logic_error_probe,greedy,0.0,0.0,False,False,False
defihacklabs,defihacklabs/2022-06_Snood,access_control,59,mut,arg_shuffle,greedy,0.0,0.3684,False,False,False
defihacklabs,defihacklabs/2022-06_Snood,access_control,60,mut,arg_shuffle,greedy,0.0,0.0,False,False,False
defihacklabs,defihacklabs/2022-06_Snood,access_control,61,mut,call_insert,greedy,0.0,0.0,False,False,False
defihacklabs,defihacklabs/2022-06_Snood,access_control,62,gen,arithmetic_probe,greedy,1.0,0.5132,False,False,False
defihacklabs,defihacklabs/2022-06_Snood,access_control,63,gen,arithmetic_probe,greedy,0.0,0.0132,False,False,False
defihacklabs,defihacklabs/2022-06_Snood,access_control,64,gen,arithmetic_probe,greedy,0.0,0.0526,False,False,False
defihacklabs,defihacklabs/2022-06_Snood,access_control,65,gen,arithmetic_probe,greedy,6.0,0.1184,False,False,False
defihacklabs,defihacklabs/2022-06_Snood,access_control,66,mut,value_perturb,greedy,0.0,0.0,False,False,False
defihacklabs,defihacklabs/2022-06_Snood,access_control,67,gen,arithmetic_probe,greedy,0.0,0.0,False,False,False
defihacklabs,defihacklabs/2022-06_Snood,access_control,68,mut,value_perturb,greedy,0.0,0.2895,False,False,False
defihacklabs,defihacklabs/2022-06_Snood,access_control,69,mut,value_perturb,greedy,0.0,0.0,False,False,False
defihacklabs,defihacklabs/2022-06_Snood,access_control,70,gen,price_oracle_probe,greedy,0.0,0.0,False,False,False
defihacklabs,defihacklabs/2022-06_Snood,access_control,71,mut,value_perturb,greedy,0.0,0.2895,False,False,False
defihacklabs,defihacklabs/2022-06_Snood,access_control,72,mut,value_perturb,greedy,0.0,0.0,False,False,False
defihacklabs,defihacklabs/2022-06_Snood,access_control,73,mut,arg_shuffle,greedy,0.0,0.0,False,False,False
defihacklabs,defihacklabs/2022-06_Snood,access_control,74,gen,arithmetic_probe,greedy,0.0,0.0,False,False,False
defihacklabs,defihacklabs/2022-06_Snood,access_control,75,mut,call_swap,random,0.0,0.3289,False,False,False
defihacklabs,defihacklabs/2022-06_Snood,access_control,76,mut,call_swap,greedy,0.0,0.0,False,False,False
defihacklabs,defihacklabs/2022-06_Snood,access_control,77,mut,call_swap,random,0.0,0.0,False,False,False
defihacklabs,defihacklabs/2022-06_Snood,access_control,78,mut,call_swap,greedy,4.0,0.7632,False,False,False
defihacklabs,defihacklabs/2022-06_Snood,access_control,79,mut,call_swap,greedy,0.0,0.0,False,False,False
defihacklabs,defihacklabs/2022-06_Snood,access_control,80,mut,call_swap,greedy,0.0,0.0,False,False,False
defihacklabs,defihacklabs/2022-06_Snood,access_control,81,mut,call_swap,greedy,0.0,0.0,False,False,False
defihacklabs,defihacklabs/2022-06_Snood,access_control,82,mut,call_swap,greedy,0.0,0.0,False,False,False
defihacklabs,defihacklabs/2022-06_Snood,access_control,83,gen,access_control_probe,greedy,0.0,0.0921,False,False,False
defihacklabs,defihacklabs/2022-06_Snood,access_control,84,gen,access_control_probe,random,10.0,1.5526,False,False,False
defihacklabs,defihacklabs/2022-06_Snood,access_control,85,gen,access_control_probe,greedy,0.0,0.0,False,False,False
defihacklabs,defihacklabs/2022-06_Snood,access_control,86,gen,access_control_probe,greedy,0.0,0.0,False,False,False
defihacklabs,defihacklabs/2022-06_Snood,access_control,87,gen,access_control_probe,greedy,0.0,0.0,False,False,False
defihacklabs,defihacklabs/2022-06_Snood,access_control,88,gen,access_control_probe,greedy,0.0,0.0,False,False,False
defihacklabs,defihacklabs/2022-06_Snood,access_control,89,gen,access_control_probe,greedy,0.0,0.0,False,False,False
defihacklabs,defihacklabs/2022-06_Snood,access_control,90,mut,value_perturb,greedy,0.0,0.2895,False,False,False
defihacklabs,defihacklabs/2022-06_Snood,access_control,91,mut,value_perturb,greedy,0.0,0.0,False,False,False
defihacklabs,defihacklabs/2022-06_Snood,access_control,92,mut,value_perturb,greedy,0.0,0.0,False,False,False
defihacklabs,defihacklabs/2022-06_Snood,access_control,93,mut,value_perturb,random,0.0,0.3553,False,False,False
defihacklabs,defihacklabs/2022-06_Snood,access_control,94,mut,value_perturb,random,0.0,0.0,False,False,False
defihacklabs,defihacklabs/2022-06_Snood,access_control,95,mut,arg_shuffle,greedy,0.0,0.3289,False,False,False
defihacklabs,defihacklabs/2022-06_Snood,access_control,96,mut,arg_shuffle,greedy,0.0,0.3158,False,False,False
defihacklabs,defihacklabs/2022-06_Snood,access_control,97,mut,call_swap,greedy,0.0,0.0,False,False,False
defihacklabs,defihacklabs/2022-06_Snood,access_control,98,mut,arg_shuffle,greedy,0.0,0.4079,False,False,False
defihacklabs,defihacklabs/2022-06_Snood,access_control,99,mut,arg_shuffle,greedy,0.0,0.0,False,False,False
defihacklabs,defihacklabs/2024-02_PANDORA,business_logic,0,gen,reentrancy_probe,random,62.0,1.4419,False,False,False
defihacklabs,defihacklabs/2024-02_PANDORA,business_logic,1,gen,arithmetic_probe,random,30.0,1.907,False,False,False
defihacklabs,defihacklabs/2024-02_PANDORA,business_logic,2,gen,access_control_probe,greedy,0.0,0.3488,False,False,False
defihacklabs,defihacklabs/2024-02_PANDORA,business_logic,3,gen,price_oracle_probe,random,20.0,0.8837,False,False,False
defihacklabs,defihacklabs/2024-02_PANDORA,business_logic,4,gen,logic_error_probe,random,1.0,1.0,False,False,False
defihacklabs,defihacklabs/2024-02_PANDORA,business_logic,5,mut,value_perturb,greedy,4.0,0.3256,False,False,False
defihacklabs,defihacklabs/2024-02_PANDORA,business_logic,6,mut,call_insert,greedy,8.0,0.8605,False,False,False
defihacklabs,defihacklabs/2024-02_PANDORA,business_logic,7,mut,call_swap,greedy,0.0,1.4419,False,False,False
defihacklabs,defihacklabs/2024-02_PANDORA,business_logic,8,mut,arg_shuffle,random,0.0,0.3488,False,False,False
defihacklabs,defihacklabs/2024-02_PANDORA,business_logic,9,gen,reentrancy_probe,greedy,1.0,0.0233,False,False,False
defihacklabs,defihacklabs/2024-02_PANDORA,business_logic,10,gen,arithmetic_probe,greedy,1.0,0.0233,False,False,False
defihacklabs,defihacklabs/2024-02_PANDORA,business_logic,11,gen,access_control_probe,greedy,0.0,0.0233,False,False,False
defihacklabs,defihacklabs/2024-02_PANDORA,business_logic,12,gen,price_oracle_probe,greedy,0.0,0.0,False,False,False
defihacklabs,defihacklabs/2024-02_PANDORA,business_logic,13,gen,logic_error_probe,greedy,0.0,0.0,False,False,False
defihacklabs,defihacklabs/2024-02_PANDORA,business_logic,14,mut,value_perturb,greedy,0.0,0.1628,False,False,False
defihacklabs,defihacklabs/2024-02_PANDORA,business_logic,15,mut,call_insert,greedy,0.0,1.186,False,False,False
defihacklabs,defihacklabs/2024-02_PANDORA,business_logic,16,mut,call_swap,greedy,3.0,0.1163,False,False,False
defihacklabs,defihacklabs/2024-02_PANDORA,business_logic,17,mut,arg_shuffle,greedy,0.0,0.3721,False,False,False
defihacklabs,defihacklabs/2024-02_PANDORA,business_logic,18,mut,call_insert,greedy,1.0,0.2326,False,False,False
defihacklabs,defihacklabs/2024-02_PANDORA,business_logic,19,mut,call_insert,greedy,0.0,0.0,False,False,False
defihacklabs,defihacklabs/2024-02_PANDORA,business_logic,20,gen,arithmetic_probe,random,18.0,0.4651,False,False,False
defihacklabs,defihacklabs/2024-02_PANDORA,business_logic,21,gen,arithmetic_probe,greedy,0.0,0.0465,False,False,False
defihacklabs,defihacklabs/2024-02_PANDORA,business_logic,22,mut,call_swap,greedy,0.0,0.0,False,False,False
defihacklabs,defihacklabs/2024-02_PANDORA,business_logic,23,gen,reentrancy_probe,random,8.0,0.5349,False,False,False
defihacklabs,defihacklabs/2024-02_PANDORA,business_logic,24,gen,reentrancy_probe,greedy,0.0,0.0,False,False,False
defihacklabs,defihacklabs/2024-02_PANDORA,business_logic,25,mut,arg_shuffle,greedy,0.0,0.0,False,False,False
defihacklabs,defihacklabs/2024-02_PANDORA,business_logic,26,gen,arithmetic_probe,greedy,0.0,0.0,False,False,False
defihacklabs,defihacklabs/2024-02_PANDORA,business_logic,27,mut,call_insert,greedy,0.0,0.0,False,False,False
defihacklabs,defihacklabs/2024-02_PANDORA,business_logic,28,gen,logic_error_probe,greedy,0.0,0.0,False,False,False
defihacklabs,defihacklabs/2024-02_PANDORA,business_logic,29,mut,call_swap,random,4.0,0.093,False,False,False
defihacklabs,defihacklabs/2024-02_PANDORA,business_logic,30,gen,reentrancy_probe,greedy,0.0,0.0,False,False,False
defihacklabs,defihacklabs/2024-02_PANDORA,business_logic,31,gen,price_oracle_probe,random,9.0,1.2326,False,False,False
defihacklabs,defihacklabs/2024-02_PANDORA,business_logic,32,gen,price_oracle_probe,greedy,0.0,0.1395,False,False,False
defihacklabs,defihacklabs/2024-02_PANDORA,business_logic,33,mut,call_swap,greedy,4.0,0.8837,False,False,False
defihacklabs,defihacklabs/2024-02_PANDORA,business_logic,34,mut,call_swap,greedy,0.0,0.0,False,False,False
defihacklabs,defihacklabs/2024-02_PANDORA,business_logic,35,gen,price_oracle_probe,greedy,0.0,0.0,False,False,False
defihacklabs,defihacklabs/2024-02_PANDORA,business_logic,36,mut,call_swap,greedy,0.0,0.2326,False,False,False
defihacklabs,defihacklabs/2024-02_PANDORA,business_logic,37,mut,call_swap,greedy,0.0,0.0,False,False,False
defihacklabs,defihacklabs/2024-02_PANDORA,business_logic,38,mut,call_swap,greedy,8.0,0.5349,False,False,False
defihacklabs,defihacklabs/2024-02_PANDORA,business_logic,39,mut,call_swap,greedy,0.0,0.0,False,False,False
defihacklabs,defihacklabs/2024-02_PANDORA,business_logic,40,gen,arithmetic_probe,greedy,0.0,0.6744,False,False,False
defihacklabs,defihacklabs/2024-02_PANDORA,business_logic,41,gen,arithmetic_probe,greedy,0.0,0.0698,False,False,False
defihacklabs,defihacklabs/2024-02_PANDORA,business_logic,42,mut,call_insert,greedy,0.0,0.0,False,False,False
defihacklabs,defihacklabs/2024-02_PANDORA,business_logic,43,mut,call_insert,greedy,0.0,0.186,False,False,False
defihacklabs,defihacklabs/2024-02_PANDORA,business_logic,44,gen,reentrancy_probe,greedy,0.0,0.0,False,False,False
defihacklabs,defihacklabs/2024-02_PANDORA,business_logic,45,mut,arg_shuffle,greedy,0.0,0.1163,False,False,False
defihacklabs,defihacklabs/2024-02_PANDORA,business_logic,46,mut,call_swap,greedy,1.0,0.0465,False,False,False
defihacklabs,defihacklabs/2024-02_PANDORA,business_logic,47,gen,arithmetic_probe,greedy,0.0,0.0,False,False,False
defihacklabs,defihacklabs/2024-02_PANDORA,business_logic,48,gen,price_oracle_probe,greedy,0.0,0.0,False,False,False
defihacklabs,defihacklabs/2024-02_PANDORA,business_logic,49,gen,access_control_probe,random,0.0,0.5349,False,False,False
defihacklabs,defihacklabs/2024-02_PANDORA,business_logic,50,gen,access_control_probe,greedy,0.0,0.0,False,False,False
defihacklabs,defihacklabs/2024-02_PANDORA,business_logic,51,mut,value_perturb,greedy,0.0,0.5349,False,False,False
defihacklabs,defihacklabs/2024-02_PANDORA,business_logic,52,mut,value_perturb,greedy,0.0,0.0,False,False,False
defihacklabs,defihacklabs/2024-02_PANDORA,business_logic,53,mut,value_perturb,greedy,0.0,1.0,False,False,False
defihacklabs,defihacklabs/2024-02_PANDORA,business_logic,54,mut,value_perturb,greedy,0.0,0.0,False,False,False
defihacklabs,defihacklabs/2024-02_PANDORA,business_logic,55,gen,access_control_probe,greedy,0.0,0.1395,False,False,False
defihacklabs,defihacklabs/2024-02_PANDORA,business_logic,56,mut,arg_shuffle,greedy,0.0,0.7674,False,False,False
defihacklabs,defihacklabs/2024-02_PANDORA,business_logic,57,mut,call_insert,greedy,0.0,0.0698,False,False,False
defihacklabs,defihacklabs/2024-02_PANDORA,business_logic,58,gen,logic_error_probe,greedy,0.0,0.4884,False,False,False
defihacklabs,defihacklabs/2024-02_PANDORA,business_logic,59,gen,logic_error_probe,greedy,1.0,0.5814,False,False,False
defihacklabs,defihacklabs/2024-02_PANDORA,business_logic,60,gen,logic_error_probe,greedy,0.0,0.0,False,False,False
defihacklabs,defihacklabs/2024-02_PANDORA,business_logic,61,gen,logic_error_probe,greedy,0.0,0.0,False,False,False
defihacklabs,defihacklabs/2024-02_PANDORA,business_logic,62,gen,logic_error_probe,greedy,0.0,0.1163,False,False,False
defihacklabs,defihacklabs/2024-02_PANDORA,business_logic,63,gen,logic_error_probe,greedy,0.0,0.093,False,False,False
defihacklabs,defihacklabs/2024-02_PANDORA,business_logic,64,gen,price_oracle_probe,greedy,0.0,0.0,False,False,False
defihacklabs,defihacklabs/2024-02_PANDORA,business_logic,65,mut,value_perturb,greedy,0.0,0.6279,False,False,False
defihacklabs,defihacklabs/2024-02_PANDORA,business_logic,66,gen,reentrancy_probe,greedy,0.0,0.0,False,False,False
defihacklabs,defihacklabs/2024-02_PANDORA,business_logic,67,mut,value_perturb,greedy,0.0,0.0,False,False,False
defihacklabs,defihacklabs/2024-02_PANDORA,business_logic,68,mut,arg_shuffle,greedy,0.0,0.6744,False,False,False
defihacklabs,defihacklabs/2024-02_PANDORA,business_logic,69,mut,arg_shuffle,greedy,0.0,0.5581,False,False,False
defihacklabs,defihacklabs/2024-02_PANDORA,business_logic,70,mut,arg_shuffle,greedy,0.0,0.0,False,False,False
defihacklabs,defihacklabs/2024-02_PANDORA,business_logic,71,mut,arg_shuffle,greedy,0.0,0.0,False,False,False
defihacklabs,defihacklabs/2024-02_PANDORA,business_logic,72,mut,value_perturb,greedy,0.0,0.3023,False,False,False
defihacklabs,defihacklabs/2024-02_PANDORA,business_logic,73,mut,value_perturb,greedy,0.0,0.0698,False,False,False
defihacklabs,defihacklabs/2024-02_PANDORA,business_logic,74,mut,value_perturb,random,0.0,0.0,False,False,False
defihacklabs,defihacklabs/2024-02_PANDORA,business_logic,75,mut,arg_shuffle,greedy,0.0,0.0233,False,False,False
defihacklabs,defihacklabs/2024-02_PANDORA,business_logic,76,gen,logic_error_probe,greedy,0.0,0.0,False,False,False
defihacklabs,defihacklabs/2024-02_PANDORA,business_logic,77,mut,call_insert,greedy,0.0,0.0,False,False,False
defihacklabs,defihacklabs/2024-02_PANDORA,business_logic,78,mut,call_swap,greedy,0.0,0.0,False,False,False
defihacklabs,defihacklabs/2024-02_PANDORA,business_logic,79,gen,access_control_probe,greedy,0.0,0.0,False,False,False
defihacklabs,defihacklabs/2024-02_PANDORA,business_logic,80,gen,arithmetic_probe,greedy,0.0,0.0,False,False,False
defihacklabs,defihacklabs/2024-02_PANDORA,business_logic,81,gen,price_oracle_probe,random,0.0,0.0465,False,False,False
defihacklabs,defihacklabs/2024-02_PANDORA,business_logic,82,mut,call_swap,greedy,0.0,0.0,False,False,False
defihacklabs,defihacklabs/2024-02_PANDORA,business_logic,83,gen,access_control_probe,greedy,0.0,0.0,False,False,False
defihacklabs,defihacklabs/2024-02_PANDORA,business_logic,84,gen,arithmetic_probe,greedy,0.0,0.1628,False,False,False
defihacklabs,defihacklabs/2024-02_PANDORA,business_logic,85,gen,arithmetic_probe,greedy,0.0,0.0,False,False,False
defihacklabs,defihacklabs/2024-02_PANDORA,business_logic,86,mut,call_insert,greedy,0.0,0.8605,False,False,False
defihacklabs,defihacklabs/2024-02_PANDORA,business_logic,87,mut,call_insert,greedy,2.0,0.7442,False,False,False
defihacklabs,defihacklabs/2024-02_PANDORA,business_logic,88,mut,call_insert,greedy,0.0,0.0,False,False,False
defihacklabs,defihacklabs/2024-02_PANDORA,business_logic,89,gen,arithmetic_probe,greedy,0.0,0.0,False,False,False
defihacklabs,defihacklabs/2024-02_PANDORA,business_logic,90,mut,call_insert,greedy,0.0,0.0,False,False,False
defihacklabs,defihacklabs/2024-02_PANDORA,business_logic,91,mut,call_insert,greedy,0.0,0.0465,False,False,False
defihacklabs,defihacklabs/2024-02_PANDORA,business_logic,92,mut,call_insert,greedy,0.0,0.1628,False,False,False
defihacklabs,defihacklabs/2024-02_PANDORA,business_logic,93,mut,call_insert,greedy,0.0,0.0,False,False,False
defihacklabs,defihacklabs/2024-02_PANDORA,business_logic,94,mut,value_perturb,greedy,0.0,0.0698,False,False,False
defihacklabs,defihacklabs/2024-02_PANDORA,business_logic,95,mut,value_perturb,greedy,0.0,0.0,False,False,False
defihacklabs,defihacklabs/2024-02_PANDORA,business_logic,96,mut,arg_shuffle,greedy,0.0,0.0,False,False,False
defihacklabs,defihacklabs/2024-02_PANDORA,business_logic,97,gen,reentrancy_probe,random,0.0,0.0465,False,False,False
defihacklabs,defihacklabs/2024-02_PANDORA,business_logic,98,mut,value_perturb,greedy,0.0,0.0,False,False,False
defihacklabs,defihacklabs/2024-02_PANDORA,business_logic,99,mut,call_swap,random,0.0,0.0,False,False,False
defihacklabs,defihacklabs/2024-04_NGFS,access_control,0,gen,reentrancy_probe,greedy,10.0,0.1521,False,False,False
defihacklabs,defihacklabs/2024-04_NGFS,access_control,1,gen,arithmetic_probe,greedy,12.0,0.3346,False,False,False
defihacklabs,defihacklabs/2024-04_NGFS,access_control,2,gen,access_control_probe,greedy,31.0,0.6388,False,False,False
defihacklabs,defihacklabs/2024-04_NGFS,access_control,3,gen,price_oracle_probe,greedy,1.0,0.2738,False,False,False
defihacklabs,defihacklabs/2024-04_NGFS,access_control,4,gen,logic_error_probe,random,22.0,0.5932,False,False,False
defihacklabs,defihacklabs/2024-04_NGFS,access_control,5,mut,value_perturb,greedy,3.0,0.8669,False,False,False
defihacklabs,defihacklabs/2024-04_NGFS,access_control,6,mut,call_insert,greedy,6.0,0.6844,False,False,False
defihacklabs,defihacklabs/2024-04_NGFS,access_control,7,mut,call_swap,greedy,0.0,0.3346,False,False,False
defihacklabs,defihacklabs/2024-04_NGFS,access_control,8,mut,arg_shuffle,greedy,0.0,0.1521,False,False,False
defihacklabs,defihacklabs/2024-04_NGFS,access_control,9,gen,reentrancy_probe,greedy,0.0,0.1217,False,False,False
defihacklabs,defihacklabs/2024-04_NGFS,access_control,10,gen,arithmetic_probe,greedy,0.0,0.0,False,False,False
defihacklabs,defihacklabs/2024-04_NGFS,access_control,11,gen,access_control_probe,greedy,0.0,0.0,False,False,False
defihacklabs,defihacklabs/2024-04_NGFS,access_control,12,gen,price_oracle_probe,greedy,1.0,0.0304,False,False,False
defihacklabs,defihacklabs/2024-04_NGFS,access_control,13,gen,logic_error_probe,random,18.0,0.3042,False,False,False
defihacklabs,defihacklabs/2024-04_NGFS,access_control,14,mut,value_perturb,greedy,0.0,0.0,False,False,False
defihacklabs,defihacklabs/2024-04_NGFS,access_control,15,mut,call_insert,greedy,0.0,0.2586,False,False,False
defihacklabs,defihacklabs/2024-04_NGFS,access_control,16,mut,call_swap,greedy,0.0,0.3042,False,False,False
defihacklabs,defihacklabs/2024-04_NGFS,access_control,17,mut,arg_shuffle,greedy,0.0,0.4867,False,False,False
defihacklabs,defihacklabs/2024-04_NGFS,access_control,18,gen,logic_error_probe,random,32.0,0.7452,False,False,False
defihacklabs,defihacklabs/2024-04_NGFS,access_control,19,gen,logic_error_probe,random,3.0,0.0456,False,False,False
defihacklabs,defihacklabs/2024-04_NGFS,access_control,20,mut,call_insert,greedy,0.0,0.1217,False,False,False
defihacklabs,defihacklabs/2024-04_NGFS,access_control,21,gen,logic_error_probe,greedy,0.0,0.0304,False,False,False
defihacklabs,defihacklabs/2024-04_NGFS,access_control,22,mut,arg_shuffle,greedy,0.0,0.3194,False,False,False
defihacklabs,defihacklabs/2024-04_NGFS,access_control,23,mut,arg_shuffle,greedy,0.0,0.0,False,False,False
defihacklabs,defihacklabs/2024-04_NGFS,access_control,24,mut,call_swap,greedy,0.0,0.1065,False,False,False
defihacklabs,defihacklabs/2024-04_NGFS,access_control,25,mut,value_perturb,greedy,0.0,0.365,False,False,False
defihacklabs,defihacklabs/2024-04_NGFS,access_control,26,mut,value_perturb,greedy,0.0,0.0,False,False,False
defihacklabs,defihacklabs/2024-04_NGFS,access_control,27,gen,arithmetic_probe,greedy,0.0,0.0,False,False,False
defihacklabs,defihacklabs/2024-04_NGFS,access_control,28,mut,call_insert,greedy,0.0,0.0608,False,False,False
defihacklabs,defihacklabs/2024-04_NGFS,access_control,29,mut,value_perturb,greedy,0.0,0.0,False,False,False
defihacklabs,defihacklabs/2024-04_NGFS,access_control,30,mut,call_swap,greedy,0.0,0.2738,False,False,False
defihacklabs,defihacklabs/2024-04_NGFS,access_control,31,mut,call_swap,random,3.0,0.5399,False,False,False
defihacklabs,defihacklabs/2024-04_NGFS,access_control,32,mut,call_swap,random,5.0,0.654,False,False,False
defihacklabs,defihacklabs/2024-04_NGFS,access_control,33,gen,arithmetic_probe,random,12.0,0.943,False,False,False
defihacklabs,defihacklabs/2024-04_NGFS,access_control,34,gen,arithmetic_probe,greedy,0.0,0.0,False,False,False
defihacklabs,defihacklabs/2024-04_NGFS,access_control,35,mut,call_swap,greedy,0.0,0.0,False,False,False
defihacklabs,defihacklabs/2024-04_NGFS,access_control,36,mut,call_swap,greedy,0.0,0.0,False,False,False
defihacklabs,defihacklabs/2024-04_NGFS,access_control,37,gen,arithmetic_probe,greedy,0.0,0.0,False,False,False
defihacklabs,defihacklabs/2024-04_NGFS,access_control,38,gen,access_control_probe,greedy,0.0,0.0,False,False,False
defihacklabs,defihacklabs/2024-04_NGFS,access_control,39,gen,logic_error_probe,random,9.0,1.1939,False,False,False
defihacklabs,defihacklabs/2024-04_NGFS,access_control,40,gen,logic_error_probe,random,6.0,0.1065,False,False,False
defihacklabs,defihacklabs/2024-04_NGFS,access_control,41,gen,logic_error_probe,greedy,0.0,0.0,False,False,False
defihacklabs,defihacklabs/2024-04_NGFS,access_control,42,gen,logic_error_probe,greedy,0.0,0.0,False,False,False
defihacklabs,defihacklabs/2024-04_NGFS,access_control,43,mut,arg_shuffle,greedy,0.0,0.5475,False,False,False
defihacklabs,defihacklabs/2024-04_NGFS,access_control,44,mut,call_insert,greedy,0.0,0.3954,False,False,False
defihacklabs,defihacklabs/2024-04_NGFS,access_control,45,gen,arithmetic_probe,greedy,0.0,0.0,False,False,False
defihacklabs,defihacklabs/2024-04_NGFS,access_control,46,mut,call_insert,greedy,3.0,0.7072,False,False,False
defihacklabs,defihacklabs/2024-04_NGFS,access_control,47,mut,call_insert,greedy,0.0,0.0,False,False,False
defihacklabs,defihacklabs/2024-04_NGFS,access_control,48,mut,call_insert,greedy,0.0,0.0152,False,False,False
defihacklabs,defihacklabs/2024-04_NGFS,access_control,49,mut,call_swap,greedy,0.0,0.2433,False,False,False
defihacklabs,defihacklabs/2024-04_NGFS,access_control,50,mut,call_swap,random,0.0,0.0608,False,False,False
defihacklabs,defihacklabs/2024-04_NGFS,access_control,51,mut,call_insert,greedy,0.0,0.0,False,False,False
defihacklabs,defihacklabs/2024-04_NGFS,access_control,52,mut,call_swap,greedy,0.0,0.0,False,False,False
defihacklabs,defihacklabs/2024-04_NGFS,access_control,53,gen,reentrancy_probe,greedy,0.0,0.076,False,False,False
defihacklabs,defihacklabs/2024-04_NGFS,access_control,54,mut,call_insert,greedy,0.0,0.0,False,False,False
defihacklabs,defihacklabs/2024-04_NGFS,access_control,55,mut,arg_shuffle,greedy,0.0,0.0,False,False,False
defihacklabs,defihacklabs/2024-04_NGFS,access_control,56,gen,logic_error_probe,greedy,0.0,0.0,False,False,False
defihacklabs,defihacklabs/2024-04_NGFS,access_control,57,gen,reentrancy_probe,greedy,0.0,0.0152,False,False,False
defihacklabs,defihacklabs/2024-04_NGFS,access_control,58,mut,arg_shuffle,greedy,0.0,0.0,False,False,False
defihacklabs,defihacklabs/2024-04_NGFS,access_control,59,gen,price_oracle_probe,greedy,0.0,0.1369,False,False,False
defihacklabs,defihacklabs/2024-04_NGFS,access_control,60,gen,price_oracle_probe,greedy,0.0,0.0608,False,False,False
defihacklabs,defihacklabs/2024-04_NGFS,access_control,61,gen,price_oracle_probe,greedy,0.0,0.0,False,False,False
defihacklabs,defihacklabs/2024-04_NGFS,access_control,62,gen,logic_error_probe,greedy,0.0,0.0,False,False,False
defihacklabs,defihacklabs/2024-04_NGFS,access_control,63,gen,access_control_probe,greedy,0.0,0.0,False,False,False
defihacklabs,defihacklabs/2024-04_NGFS,access_control,64,mut,value_perturb,greedy,0.0,0.3194,False,False,False
defihacklabs,defihacklabs/2024-04_NGFS,access_control,65,mut,call_swap,greedy,0.0,0.0,False,False,False
defihacklabs,defihacklabs/2024-04_NGFS,access_control,66,gen,arithmetic_probe,greedy,0.0,0.0,False,False,False
defihacklabs,defihacklabs/2024-04_NGFS,access_control,67,gen,reentrancy_probe,greedy,0.0,0.0,False,False,False
defihacklabs,defihacklabs/2024-04_NGFS,access_control,68,gen,arithmetic_probe,greedy,0.0,0.0,False,False,False
defihacklabs,defihacklabs/2024-04_NGFS,access_control,69,mut,arg_shuffle,greedy,0.0,0.0913,False,False,False
defihacklabs,defihacklabs/2024-04_NGFS,access_control,70,mut,arg_shuffle,greedy,0.0,0.0,False,False,False
defihacklabs,defihacklabs/2024-04_NGFS,access_control,71,gen,price_oracle_probe,greedy,0.0,0.0,False,False,False
defihacklabs,defihacklabs/2024-04_NGFS,access_control,72,mut,call_swap,greedy,0.0,0.0,False,False,False
defihacklabs,defihacklabs/2024-04_NGFS,access_control,73,gen,access_control_probe,greedy,0.0,0.0,False,False,False
defihacklabs,defihacklabs/2024-04_NGFS,access_control,74,mut,arg_shuffle,greedy,0.0,0.0,False,False,False
defihacklabs,defihacklabs/2024-04_NGFS,access_control,75,gen,reentrancy_probe,greedy,0.0,0.0,False,False,False
defihacklabs,defihacklabs/2024-04_NGFS,access_control,76,mut,value_perturb,greedy,0.0,0.4715,False,False,False
defihacklabs,defihacklabs/2024-04_NGFS,access_control,77,mut,value_perturb,greedy,0.0,0.0,False,False,False
defihacklabs,defihacklabs/2024-04_NGFS,access_control,78,mut,call_insert,greedy,0.0,0.0,False,False,False
defihacklabs,defihacklabs/2024-04_NGFS,access_control,79,mut,value_perturb,greedy,0.0,0.0,False,False,False
defihacklabs,defihacklabs/2024-04_NGFS,access_control,80,mut,value_perturb,greedy,0.0,0.0,False,False,False
defihacklabs,defihacklabs/2024-04_NGFS,access_control,81,gen,access_control_probe,greedy,0.0,0.0,False,False,False
defihacklabs,defihacklabs/2024-04_NGFS,access_control,82,mut,value_perturb,greedy,0.0,0.0,False,False,False
defihacklabs,defihacklabs/2024-04_NGFS,access_control,83,gen,logic_error_probe,greedy,0.0,0.0,False,False,False
defihacklabs,defihacklabs/2024-04_NGFS,access_control,84,gen,price_oracle_probe,greedy,0.0,0.0,False,False,False
defihacklabs,defihacklabs/2024-04_NGFS,access_control,85,mut,arg_shuffle,greedy,0.0,0.5019,False,False,False
defihacklabs,defihacklabs/2024-04_NGFS,access_control,86,mut,arg_shuffle,greedy,0.0,0.0,False,False,False
defihacklabs,defihacklabs/2024-04_NGFS,access_control,87,mut,arg_shuffle,random,0.0,0.0,False,False,False
defihacklabs,defihacklabs/2024-04_NGFS,access_control,88,mut,arg_shuffle,greedy,0.0,0.0,False,False,False
defihacklabs,defihacklabs/2024-04_NGFS,access_control,89,mut,arg_shuffle,greedy,0.0,0.0152,False,False,False
defihacklabs,defihacklabs/2024-04_NGFS,access_control,90,mut,call_insert,greedy,0.0,0.0,False,False,False
defihacklabs,defihacklabs/2024-04_NGFS,access_control,91,mut,call_swap,greedy,0.0,0.0,False,False,False
defihacklabs,defihacklabs/2024-04_NGFS,access_control,92,gen,arithmetic_probe,greedy,0.0,0.0,False,False,False
defihacklabs,defihacklabs/2024-04_NGFS,access_control,93,mut,value_perturb,greedy,0.0,0.0,False,False,False
defihacklabs,defihacklabs/2024-04_NGFS,access_control,94,gen,reentrancy_probe,greedy,0.0,0.0,False,False,False
defihacklabs,defihacklabs/2024-04_NGFS,access_control,95,gen,logic_error_probe,greedy,0.0,0.0,False,False,False
defihacklabs,defihacklabs/2024-04_NGFS,access_control,96,gen,price_oracle_probe,random,0.0,0.1065,False,False,False
defihacklabs,defihacklabs/2024-04_NGFS,access_control,97,gen,price_oracle_probe,greedy,0.0,0.0,False,False,False
defihacklabs,defihacklabs/2024-04_NGFS,access_control,98,gen,price_oracle_probe,greedy,0.0,0.0,False,False,False
defihacklabs,defihacklabs/2024-04_NGFS,access_control,99,gen,price_oracle_probe,greedy,0.0,0.0,False,False,False
defihacklabs,defihacklabs/2022-10_EFLeverVault,price_oracle_manipulation,0,gen,reentrancy_probe,greedy,15.0,0.1183,False,False,False
defihacklabs,defihacklabs/2022-10_EFLeverVault,price_oracle_manipulation,1,gen,arithmetic_probe,greedy,7.0,0.1262,False,False,False
defihacklabs,defihacklabs/2022-10_EFLeverVault,price_oracle_manipulation,2,gen,access_control_probe,greedy,4.0,0.0947,False,False,False
defihacklabs,defihacklabs/2022-10_EFLeverVault,price_oracle_manipulation,3,gen,price_oracle_probe,greedy,28.0,0.3393,False,False,False
defihacklabs,defihacklabs/2022-10_EFLeverVault,price_oracle_manipulation,4,gen,logic_error_probe,greedy,2.0,0.1183,False,False,False
defihacklabs,defihacklabs/2022-10_EFLeverVault,price_oracle_manipulation,5,mut,value_perturb,greedy,0.0,0.1183,False,False,False
defihacklabs,defihacklabs/2022-10_EFLeverVault,price_oracle_manipulation,6,mut,call_insert,random,2.0,0.142,False,False,False
defihacklabs,defihacklabs/2022-10_EFLeverVault,price_oracle_manipulation,7,mut,call_swap,greedy,8.0,0.142,False,False,False
defihacklabs,defihacklabs/2022-10_EFLeverVault,price_oracle_manipulation,8,mut,arg_shuffle,random,0.0,0.142,False,False,False
defihacklabs,defihacklabs/2022-10_EFLeverVault,price_oracle_manipulation,9,gen,reentrancy_probe,greedy,0.0,0.0,False,False,False
defihacklabs,defihacklabs/2022-10_EFLeverVault,price_oracle_manipulation,10,gen,arithmetic_probe,greedy,0.0,0.0,False,False,False
defihacklabs,defihacklabs/2022-10_EFLeverVault,price_oracle_manipulation,11,gen,access_control_probe,greedy,0.0,0.0,False,False,False
defihacklabs,defihacklabs/2022-10_EFLeverVault,price_oracle_manipulation,12,gen,price_oracle_probe,greedy,0.0,0.0,False,False,False
defihacklabs,defihacklabs/2022-10_EFLeverVault,price_oracle_manipulation,13,gen,logic_error_probe,greedy,0.0,0.0079,False,False,False
defihacklabs,defihacklabs/2022-10_EFLeverVault,price_oracle_manipulation,14,mut,value_perturb,greedy,0.0,0.0,False,False,False
defihacklabs,defihacklabs/2022-10_EFLeverVault,price_oracle_manipulation,15,mut,call_insert,greedy,0.0,0.071,False,False,False
defihacklabs,defihacklabs/2022-10_EFLeverVault,price_oracle_manipulation,16,mut,call_swap,greedy,0.0,0.0,False,False,False
defihacklabs,defihacklabs/2022-10_EFLeverVault,price_oracle_manipulation,17,mut,arg_shuffle,random,0.0,0.0394,False,False,False
defihacklabs,defihacklabs/2022-10_EFLeverVault,price_oracle_manipulation,18,gen,price_oracle_probe,greedy,14.0,1.2229,False,False,False
defihacklabs,defihacklabs/2022-10_EFLeverVault,price_oracle_manipulation,19,gen,price_oracle_probe,greedy,0.0,0.0,False,False,False
defihacklabs,defihacklabs/2022-10_EFLeverVault,price_oracle_manipulation,20,gen,price_oracle_probe,greedy,0.0,0.0,False,False,False
defihacklabs,defihacklabs/2022-10_EFLeverVault,price_oracle_manipulation,21,gen,price_oracle_probe,greedy,0.0,0.0,False,False,False
defihacklabs,defihacklabs/2022-10_EFLeverVault,price_oracle_manipulation,22,gen,price_oracle_probe,greedy,0.0,0.0631,False,False,False
defihacklabs,defihacklabs/2022-10_EFLeverVault,price_oracle_manipulation,23,mut,value_perturb,greedy,0.0,0.1736,False,False,False
defihacklabs,defihacklabs/2022-10_EFLeverVault,price_oracle_manipulation,24,mut,value_perturb,greedy,0.0,0.0631,False,False,False
defihacklabs,defihacklabs/2022-10_EFLeverVault,price_oracle_manipulation,25,mut,value_perturb,greedy,0.0,0.0,False,False,False
defihacklabs,defihacklabs/2022-10_EFLeverVault,price_oracle_manipulation,26,gen,price_oracle_probe,greedy,0.0,0.0,False,False,False
defihacklabs,defihacklabs/2022-10_EFLeverVault,price_oracle_manipulation,27,mut,call_insert,random,6.0,0.1026,False,False,False
defihacklabs,defihacklabs/2022-10_EFLeverVault,price_oracle_manipulation,28,mut,call_insert,random,0.0,0.1499,False,False,False
defihacklabs,defihacklabs/2022-10_EFLeverVault,price_oracle_manipulation,29,mut,call_insert,greedy,0.0,0.0,False,False,False
defihacklabs,defihacklabs/2022-10_EFLeverVault,price_oracle_manipulation,30,mut,call_insert,greedy,0.0,0.142,False,False,False
defihacklabs,defihacklabs/2022-10_EFLeverVault,price_oracle_manipulation,31,mut,call_insert,greedy,0.0,0.0,False,False,False
defihacklabs,defihacklabs/2022-10_EFLeverVault,price_oracle_manipulation,32,mut,arg_shuffle,greedy,0.0,0.0552,False,False,False
defihacklabs,defihacklabs/2022-10_EFLeverVault,price_oracle_manipulation,33,gen,access_control_probe,greedy,0.0,0.0631,False,False,False
defihacklabs,defihacklabs/2022-10_EFLeverVault,price_oracle_manipulation,34,mut,arg_shuffle,greedy,0.0,0.0552,False,False,False
defihacklabs,defihacklabs/2022-10_EFLeverVault,price_oracle_manipulation,35,mut,arg_shuffle,greedy,0.0,0.0079,False,False,False
defihacklabs,defihacklabs/2022-10_EFLeverVault,price_oracle_manipulation,36,mut,call_swap,greedy,0.0,0.0,False,False,False
defihacklabs,defihacklabs/2022-10_EFLeverVault,price_oracle_manipulation,37,mut,call_insert,greedy,0.0,0.0,False,False,False
defihacklabs,defihacklabs/2022-10_EFLeverVault,price_oracle_manipulation,38,gen,access_control_probe,greedy,0.0,0.0,False,False,False
defihacklabs,defihacklabs/2022-10_EFLeverVault,price_oracle_manipulation,39,gen,logic_error_probe,greedy,0.0,0.1341,False,False,False
defihacklabs,defihacklabs/2022-10_EFLeverVault,price_oracle_manipulation,40,gen,logic_error_probe,greedy,0.0,0.0,False,False,False
defihacklabs,defihacklabs/2022-10_EFLeverVault,price_oracle_manipulation,41,gen,logic_error_probe,greedy,5.0,0.4931,False,False,False
defihacklabs,defihacklabs/2022-10_EFLeverVault,price_oracle_manipulation,42,gen,logic_error_probe,random,41.0,0.5365,False,False,False
defihacklabs,defihacklabs/2022-10_EFLeverVault,price_oracle_manipulation,43,gen,logic_error_probe,greedy,0.0,0.0473,False,False,False
defihacklabs,defihacklabs/2022-10_EFLeverVault,price_oracle_manipulation,44,gen,logic_error_probe,greedy,0.0,0.0,False,False,False
defihacklabs,defihacklabs/2022-10_EFLeverVault,price_oracle_manipulation,45,gen,logic_error_probe,greedy,0.0,0.0,False,False,False
defihacklabs,defihacklabs/2022-10_EFLeverVault,price_oracle_manipulation,46,gen,logic_error_probe,greedy,0.0,0.0,False,False,False
defihacklabs,defihacklabs/2022-10_EFLeverVault,price_oracle_manipulation,47,gen,arithmetic_probe,random,14.0,0.3708,False,False,False
defihacklabs,defihacklabs/2022-10_EFLeverVault,price_oracle_manipulation,48,gen,arithmetic_probe,greedy,0.0,0.0,False,False,False
defihacklabs,defihacklabs/2022-10_EFLeverVault,price_oracle_manipulation,49,gen,arithmetic_probe,greedy,0.0,0.0,False,False,False
defihacklabs,defihacklabs/2022-10_EFLeverVault,price_oracle_manipulation,50,gen,arithmetic_probe,random,0.0,0.0,False,False,False
defihacklabs,defihacklabs/2022-10_EFLeverVault,price_oracle_manipulation,51,gen,logic_error_probe,greedy,0.0,0.0,False,False,False
defihacklabs,defihacklabs/2022-10_EFLeverVault,price_oracle_manipulation,52,gen,reentrancy_probe,greedy,0.0,0.0,False,False,False
defihacklabs,defihacklabs/2022-10_EFLeverVault,price_oracle_manipulation,53,gen,arithmetic_probe,greedy,0.0,0.0,False,False,False
defihacklabs,defihacklabs/2022-10_EFLeverVault,price_oracle_manipulation,54,gen,access_control_probe,greedy,0.0,0.0,False,False,False
defihacklabs,defihacklabs/2022-10_EFLeverVault,price_oracle_manipulation,55,mut,value_perturb,greedy,0.0,0.2998,False,False,False
defihacklabs,defihacklabs/2022-10_EFLeverVault,price_oracle_manipulation,56,mut,value_perturb,greedy,0.0,0.0,False,False,False
defihacklabs,defihacklabs/2022-10_EFLeverVault,price_oracle_manipulation,57,mut,value_perturb,greedy,0.0,0.1657,False,False,False
defihacklabs,defihacklabs/2022-10_EFLeverVault,price_oracle_manipulation,58,mut,value_perturb,greedy,0.0,0.0,False,False,False
defihacklabs,defihacklabs/2022-10_EFLeverVault,price_oracle_manipulation,59,mut,value_perturb,random,0.0,0.0,False,False,False
defihacklabs,defihacklabs/2022-10_EFLeverVault,price_oracle_manipulation,60,gen,price_oracle_probe,random,0.0,0.0,False,False,False
defihacklabs,defihacklabs/2022-10_EFLeverVault,price_oracle_manipulation,61,mut,call_swap,greedy,0.0,0.1815,False,False,False
defihacklabs,defihacklabs/2022-10_EFLeverVault,price_oracle_manipulation,62,mut,call_swap,greedy,0.0,0.0552,False,False,False
defihacklabs,defihacklabs/2022-10_EFLeverVault,price_oracle_manipulation,63,mut,call_swap,greedy,0.0,0.284,False,False,False
defihacklabs,defihacklabs/2022-10_EFLeverVault,price_oracle_manipulation,64,mut,arg_shuffle,greedy,0.0,0.0,False,False,False
defihacklabs,defihacklabs/2022-10_EFLeverVault,price_oracle_manipulation,65,gen,reentrancy_probe,greedy,0.0,0.0,False,False,False
defihacklabs,defihacklabs/2022-10_EFLeverVault,price_oracle_manipulation,66,gen,arithmetic_probe,greedy,0.0,0.0,False,False,False
defihacklabs,defihacklabs/2022-10_EFLeverVault,price_oracle_manipulation,67,mut,call_insert,random,0.0,0.1657,False,False,False
defihacklabs,defihacklabs/2022-10_EFLeverVault,price_oracle_manipulation,68,gen,reentrancy_probe,greedy,0.0,0.0,False,False,False
defihacklabs,defihacklabs/2022-10_EFLeverVault,price_oracle_manipulation,69,mut,call_insert,greedy,0.0,0.0,False,False,False
defihacklabs,defihacklabs/2022-10_EFLeverVault,price_oracle_manipulation,70,mut,call_insert,greedy,0.0,0.0,False,False,False
defihacklabs,defihacklabs/2022-10_EFLeverVault,price_oracle_manipulation,71,mut,call_insert,greedy,0.0,0.1026,False,False,False
defihacklabs,defihacklabs/2022-10_EFLeverVault,price_oracle_manipulation,72,mut,call_insert,greedy,0.0,0.1341,False,False,False
defihacklabs,defihacklabs/2022-10_EFLeverVault,price_oracle_manipulation,73,mut,value_perturb,greedy,0.0,0.0,False,False,False
defihacklabs,defihacklabs/2022-10_EFLeverVault,price_oracle_manipulation,74,mut,call_swap,greedy,0.0,0.1341,False,False,False
defihacklabs,defihacklabs/2022-10_EFLeverVault,price_oracle_manipulation,75,mut,call_swap,greedy,0.0,0.0,False,False,False
defihacklabs,defihacklabs/2022-10_EFLeverVault,price_oracle_manipulation,76,mut,call_swap,greedy,0.0,0.0,False,False,False
defihacklabs,defihacklabs/2022-10_EFLeverVault,price_oracle_manipulation,77,mut,call_swap,greedy,0.0,0.0,False,False,False
defihacklabs,defihacklabs/2022-10_EFLeverVault,price_oracle_manipulation,78,mut,value_perturb,greedy,0.0,0.0,False,False,False
defihacklabs,defihacklabs/2022-10_EFLeverVault,price_oracle_manipulation,79,mut,call_swap,greedy,0.0,0.0868,False,False,False
defihacklabs,defihacklabs/2022-10_EFLeverVault,price_oracle_manipulation,80,gen,access_control_probe,greedy,0.0,0.0947,False,False,False
defihacklabs,defihacklabs/2022-10_EFLeverVault,price_oracle_manipulation,81,gen,price_oracle_probe,greedy,0.0,0.0,False,False,False
defihacklabs,defihacklabs/2022-10_EFLeverVault,price_oracle_manipulation,82,mut,arg_shuffle,random,0.0,0.1972,False,False,False
defihacklabs,defihacklabs/2022-10_EFLeverVault,price_oracle_manipulation,83,gen,logic_error_probe,greedy,0.0,0.0,False,False,False
defihacklabs,defihacklabs/2022-10_EFLeverVault,price_oracle_manipulation,84,mut,arg_shuffle,greedy,0.0,0.0,False,False,False
defihacklabs,defihacklabs/2022-10_EFLeverVault,price_oracle_manipulation,85,gen,price_oracle_probe,greedy,0.0,0.0,False,False,False
defihacklabs,defihacklabs/2022-10_EFLeverVault,price_oracle_manipulation,86,mut,arg_shuffle,random,0.0,0.1341,False,False,False
defihacklabs,defihacklabs/2022-10_EFLeverVault,price_oracle_manipulation,87,mut,arg_shuffle,random,0.0,0.1341,False,False,False
defihacklabs,defihacklabs/2022-10_EFLeverVault,price_oracle_manipulation,88,mut,call_insert,greedy,0.0,0.0237,False,False,False
defihacklabs,defihacklabs/2022-10_EFLeverVault,price_oracle_manipulation,89,mut,call_insert,greedy,0.0,0.0,False,False,False
defihacklabs,defihacklabs/2022-10_EFLeverVault,price_oracle_manipulation,90,mut,call_swap,greedy,0.0,0.0,False,False,False
defihacklabs,defihacklabs/2022-10_EFLeverVault,price_oracle_manipulation,91,gen,access_control_probe,greedy,0.0,0.0,False,False,False
defihacklabs,defihacklabs/2022-10_EFLeverVault,price_oracle_manipulation,92,mut,call_insert,greedy,0.0,0.0,False,False,False
defihacklabs,defihacklabs/2022-10_EFLeverVault,price_oracle_manipulation,93,gen,price_oracle_probe,greedy,0.0,0.0,False,False,False
defihacklabs,defihacklabs/2022-10_EFLeverVault,price_oracle_manipulation,94,gen,access_control_probe,random,0.0,0.5365,False,False,False
defihacklabs,defihacklabs/2022-10_EFLeverVault,price_oracle_manipulation,95,gen,access_control_probe,greedy,0.0,0.0,False,False,False
defihacklabs,defihacklabs/2022-10_EFLeverVault,price_oracle_manipulation,96,gen,access_control_probe,greedy,0.0,0.0,False,False,False
defihacklabs,defihacklabs/2022-10_EFLeverVault,price_oracle_manipulation,97,gen,access_control_probe,greedy,0.0,0.0,False,False,False
defihacklabs,defihacklabs/2022-10_EFLeverVault,price_oracle_manipulation,98,mut,arg_shuffle,greedy,0.0,0.1026,False,False,False
defihacklabs,defihacklabs/2022-10_EFLeverVault,price_oracle_manipulation,99,mut,arg_shuffle,greedy,0.0,0.0,False,False,False
defihacklabs,defihacklabs/2022-02_TecraSpace,price_oracle_manipulation,0,gen,reentrancy_probe,greedy,30.0,0.7186,False,False,False
defihacklabs,defihacklabs/2022-02_TecraSpace,price_oracle_manipulation,1,gen,arithmetic_probe,random,6.0,0.7425,False,False,False
defihacklabs,defihacklabs/2022-02_TecraSpace,price_oracle_manipulation,2,gen,access_control_probe,random,17.0,0.8862,False,False,False
defihacklabs,defihacklabs/2022-02_TecraSpace,price_oracle_manipulation,3,gen,price_oracle_probe,greedy,13.0,0.8144,False,False,False
defihacklabs,defihacklabs/2022-02_TecraSpace,price_oracle_manipulation,4,gen,logic_error_probe,greedy,12.0,0.7186,False,False,False
defihacklabs,defihacklabs/2022-02_TecraSpace,price_oracle_manipulation,5,mut,value_perturb,greedy,0.0,0.8144,False,False,False
defihacklabs,defihacklabs/2022-02_TecraSpace,price_oracle_manipulation,6,mut,call_insert,random,0.0,0.7186,False,False,False
defihacklabs,defihacklabs/2022-02_TecraSpace,price_oracle_manipulation,7,mut,call_swap,random,7.0,0.8144,False,False,False
defihacklabs,defihacklabs/2022-02_TecraSpace,price_oracle_manipulation,8,mut,arg_shuffle,greedy,0.0,0.8862,False,False,False
defihacklabs,defihacklabs/2022-02_TecraSpace,price_oracle_manipulation,9,gen,reentrancy_probe,random,19.0,1.1018,False,False,False
defihacklabs,defihacklabs/2022-02_TecraSpace,price_oracle_manipulation,10,gen,arithmetic_probe,random,33.0,1.485,False,False,False
defihacklabs,defihacklabs/2022-02_TecraSpace,price_oracle_manipulation,11,gen,access_control_probe,greedy,0.0,0.0,False,False,False
defihacklabs,defihacklabs/2022-02_TecraSpace,price_oracle_manipulation,12,gen,price_oracle_probe,greedy,0.0,0.0,False,False,False
defihacklabs,defihacklabs/2022-02_TecraSpace,price_oracle_manipulation,13,gen,logic_error_probe,greedy,1.0,0.6228,False,False,False
defihacklabs,defihacklabs/2022-02_TecraSpace,price_oracle_manipulation,14,mut,value_perturb,greedy,0.0,0.3353,False,False,False
defihacklabs,defihacklabs/2022-02_TecraSpace,price_oracle_manipulation,15,mut,call_insert,greedy,0.0,0.1677,False,False,False
defihacklabs,defihacklabs/2022-02_TecraSpace,price_oracle_manipulation,16,mut,call_swap,greedy,0.0,0.7425,False,False,False
defihacklabs,defihacklabs/2022-02_TecraSpace,price_oracle_manipulation,17,mut,arg_shuffle,random,0.0,0.3593,False,False,False
defihacklabs,defihacklabs/2022-02_TecraSpace,price_oracle_manipulation,18,gen,arithmetic_probe,greedy,6.0,0.1437,False,False,False
defihacklabs,defihacklabs/2022-02_TecraSpace,price_oracle_manipulation,19,gen,reentrancy_probe,random,2.0,0.1677,False,False,False
defihacklabs,defihacklabs/2022-02_TecraSpace,price_oracle_manipulation,20,mut,call_swap,greedy,0.0,0.1437,False,False,False
defihacklabs,defihacklabs/2022-02_TecraSpace,price_oracle_manipulation,21,gen,arithmetic_probe,greedy,0.0,0.0,False,False,False
defihacklabs,defihacklabs/2022-02_TecraSpace,price_oracle_manipulation,22,mut,arg_shuffle,greedy,10.0,1.006,False,False,False
defihacklabs,defihacklabs/2022-02_TecraSpace,price_oracle_manipulation,23,gen,reentrancy_probe,random,0.0,0.4072,False,False,False
defihacklabs,defihacklabs/2022-02_TecraSpace,price_oracle_manipulation,24,mut,value_perturb,greedy,0.0,1.0299,False,False,False
defihacklabs,defihacklabs/2022-02_TecraSpace,price_oracle_manipulation,25,mut,arg_shuffle,greedy,0.0,0.0479,False,False,False
defihacklabs,defihacklabs/2022-02_TecraSpace,price_oracle_manipulation,26,mut,value_perturb,greedy,0.0,0.0,False,False,False
defihacklabs,defihacklabs/2022-02_TecraSpace,price_oracle_manipulation,27,gen,logic_error_probe,greedy,2.0,0.3353,False,False,False
defihacklabs,defihacklabs/2022-02_TecraSpace,price_oracle_manipulation,28,gen,reentrancy_probe,greedy,1.0,0.0479,False,False,False
defihacklabs,defihacklabs/2022-02_TecraSpace,price_oracle_manipulation,29,gen,logic_error_probe,greedy,0.0,0.0,False,False,False
defihacklabs,defihacklabs/2022-02_TecraSpace,price_oracle_manipulation,30,mut,arg_shuffle,greedy,4.0,0.6946,False,False,False
defihacklabs,defihacklabs/2022-02_TecraSpace,price_oracle_manipulation,31,mut,arg_shuffle,greedy,0.0,0.0719,False,False,False
defihacklabs,defihacklabs/2022-02_TecraSpace,price_oracle_manipulation,32,mut,call_insert,greedy,0.0,0.8383,False,False,False
defihacklabs,defihacklabs/2022-02_TecraSpace,price_oracle_manipulation,33,mut,call_insert,greedy,0.0,0.4072,False,False,False
defihacklabs,defihacklabs/2022-02_TecraSpace,price_oracle_manipulation,34,mut,call_insert,greedy,0.0,0.024,False,False,False
defihacklabs,defihacklabs/2022-02_TecraSpace,price_oracle_manipulation,35,mut,call_swap,greedy,0.0,0.7904,False,False,False
defihacklabs,defihacklabs/2022-02_TecraSpace,price_oracle_manipulation,36,mut,call_swap,greedy,0.0,0.3593,False,False,False
defihacklabs,defihacklabs/2022-02_TecraSpace,price_oracle_manipulation,37,mut,call_swap,greedy,0.0,0.0719,False,False,False
defihacklabs,defihacklabs/2022-02_TecraSpace,price_oracle_manipulation,38,mut,value_perturb,greedy,0.0,0.024,False,False,False
defihacklabs,defihacklabs/2022-02_TecraSpace,price_oracle_manipulation,39,gen,logic_error_probe,greedy,0.0,0.0,False,False,False
defihacklabs,defihacklabs/2022-02_TecraSpace,price_oracle_manipulation,40,mut,arg_shuffle,random,0.0,0.1437,False,False,False
defihacklabs,defihacklabs/2022-02_TecraSpace,price_oracle_manipulation,41,gen,arithmetic_probe,greedy,0.0,0.0,False,False,False
defihacklabs,defihacklabs/2022-02_TecraSpace,price_oracle_manipulation,42,gen,reentrancy_probe,greedy,0.0,0.2635,False,False,False
defihacklabs,defihacklabs/2022-02_TecraSpace,price_oracle_manipulation,43,gen,reentrancy_probe,greedy,0.0,0.0,False,False,False
defihacklabs,defihacklabs/2022-02_TecraSpace,price_oracle_manipulation,44,gen,access_control_probe,random,7.0,2.503,False,False,False
defihacklabs,defihacklabs/2022-02_TecraSpace,price_oracle_manipulation,45,gen,arithmetic_probe,greedy,0.0,0.0479,False,False,False
defihacklabs,defihacklabs/2022-02_TecraSpace,price_oracle_manipulation,46,gen,access_control_probe,greedy,0.0,0.0,False,False,False
defihacklabs,defihacklabs/2022-02_TecraSpace,price_oracle_manipulation,47,gen,access_control_probe,greedy,2.0,0.0479,False,False,False
defihacklabs,defihacklabs/2022-02_TecraSpace,price_oracle_manipulation,48,gen,access_control_probe,greedy,0.0,0.3353,False,False,False
defihacklabs,defihacklabs/2022-02_TecraSpace,price_oracle_manipulation,49,gen,access_control_probe,greedy,0.0,0.0719,False,False,False
defihacklabs,defihacklabs/2022-02_TecraSpace,price_oracle_manipulation,50,mut,arg_shuffle,greedy,0.0,0.2156,False,False,False
defihacklabs,defihacklabs/2022-02_TecraSpace,price_oracle_manipulation,51,gen,logic_error_probe,random,5.0,0.8623,False,False,False
defihacklabs,defihacklabs/2022-02_TecraSpace,price_oracle_manipulation,52,gen,logic_error_probe,greedy,0.0,0.024,False,False,False
defihacklabs,defihacklabs/2022-02_TecraSpace,price_oracle_manipulation,53,gen,logic_error_probe,greedy,0.0,0.0,False,False,False
defihacklabs,defihacklabs/2022-02_TecraSpace,price_oracle_manipulation,54,mut,arg_shuffle,greedy,0.0,0.0,False,False,False
defihacklabs,defihacklabs/2022-02_TecraSpace,price_oracle_manipulation,55,gen,access_control_probe,greedy,0.0,0.0479,False,False,False
defihacklabs,defihacklabs/2022-02_TecraSpace,price_oracle_manipulation,56,gen,price_oracle_probe,greedy,0.0,0.0,False,False,False
defihacklabs,defihacklabs/2022-02_TecraSpace,price_oracle_manipulation,57,mut,call_swap,greedy,0.0,0.0,False,False,False
defihacklabs,defihacklabs/2022-02_TecraSpace,price_oracle_manipulation,58,gen,access_control_probe,greedy,0.0,0.0,False,False,False
defihacklabs,defihacklabs/2022-02_TecraSpace,price_oracle_manipulation,59,gen,logic_error_probe,greedy,0.0,0.0,False,False,False
defihacklabs,defihacklabs/2022-02_TecraSpace,price_oracle_manipulation,60,mut,call_insert,greedy,0.0,0.3593,False,False,False
defihacklabs,defihacklabs/2022-02_TecraSpace,price_oracle_manipulation,61,mut,call_insert,greedy,2.0,0.9581,False,False,False
defihacklabs,defihacklabs/2022-02_TecraSpace,price_oracle_manipulation,62,mut,call_insert,greedy,0.0,0.0958,False,False,False
defihacklabs,defihacklabs/2022-02_TecraSpace,price_oracle_manipulation,63,gen,price_oracle_probe,greedy,1.0,0.0479,False,False,False
defihacklabs,defihacklabs/2022-02_TecraSpace,price_oracle_manipulation,64,mut,call_insert,greedy,0.0,0.0,False,False,False
defihacklabs,defihacklabs/2022-02_TecraSpace,price_oracle_manipulation,65,mut,call_insert,greedy,0.0,0.0,False,False,False
defihacklabs,defihacklabs/2022-02_TecraSpace,price_oracle_manipulation,66,gen,reentrancy_probe,greedy,0.0,0.0,False,False,False
defihacklabs,defihacklabs/2022-02_TecraSpace,price_oracle_manipulation,67,mut,arg_shuffle,greedy,0.0,0.1198,False,False,False
defihacklabs,defihacklabs/2022-02_TecraSpace,price_oracle_manipulation,68,mut,value_perturb,greedy,0.0,0.0,False,False,False
defihacklabs,defihacklabs/2022-02_TecraSpace,price_oracle_manipulation,69,gen,arithmetic_probe,random,1.0,0.7305,False,False,False
defihacklabs,defihacklabs/2022-02_TecraSpace,price_oracle_manipulation,70,gen,arithmetic_probe,greedy,0.0,0.0,False,False,False
defihacklabs,defihacklabs/2022-02_TecraSpace,price_oracle_manipulation,71,gen,arithmetic_probe,greedy,0.0,0.0,False,False,False
defihacklabs,defihacklabs/2022-02_TecraSpace,price_oracle_manipulation,72,gen,arithmetic_probe,greedy,0.0,0.0,False,False,False
defihacklabs,defihacklabs/2022-02_TecraSpace,price_oracle_manipulation,73,mut,call_insert,greedy,0.0,0.0,False,False,False
defihacklabs,defihacklabs/2022-02_TecraSpace,price_oracle_manipulation,74,gen,price_oracle_probe,greedy,0.0,0.1198,False,False,False
defihacklabs,defihacklabs/2022-02_TecraSpace,price_oracle_manipulation,75,gen,price_oracle_probe,greedy,0.0,0.0,False,False,False
defihacklabs,defihacklabs/2022-02_TecraSpace,price_oracle_manipulation,76,mut,call_swap,greedy,0.0,0.0,False,False,False
defihacklabs,defihacklabs/2022-02_TecraSpace,price_oracle_manipulation,77,gen,access_control_probe,greedy,0.0,0.0,False,False,False
defihacklabs,defihacklabs/2022-02_TecraSpace,price_oracle_manipulation,78,mut,arg_shuffle,random,0.0,0.2156,False,False,False
defihacklabs,defihacklabs/2022-02_TecraSpace,price_oracle_manipulation,79,mut,arg_shuffle,greedy,0.0,0.0,False,False,False
defihacklabs,defihacklabs/2022-02_TecraSpace,price_oracle_manipulation,80,mut,arg_shuffle,greedy,0.0,0.0,False,False,False
defihacklabs,defihacklabs/2022-02_TecraSpace,price_oracle_manipulation,81,mut,call_swap,greedy,0.0,0.2395,False,False,False
defihacklabs,defihacklabs/2022-02_TecraSpace,price_oracle_manipulation,82,mut,call_swap,greedy,0.0,0.0,False,False,False
defihacklabs,defihacklabs/2022-02_TecraSpace,price_oracle_manipulation,83,mut,call_swap,greedy,0.0,0.0,False,False,False
defihacklabs,defihacklabs/2022-02_TecraSpace,price_oracle_manipulation,84,gen,logic_error_probe,greedy,0.0,0.1198,False,False,False
defihacklabs,defihacklabs/2022-02_TecraSpace,price_oracle_manipulation,85,gen,logic_error_probe,greedy,0.0,0.0,False,False,False
defihacklabs,defihacklabs/2022-02_TecraSpace,price_oracle_manipulation,86,gen,reentrancy_probe,greedy,0.0,0.0,False,False,False
defihacklabs,defihacklabs/2022-02_TecraSpace,price_oracle_manipulation,87,gen,arithmetic_probe,greedy,0.0,0.0,False,False,False
defihacklabs,defihacklabs/2022-02_TecraSpace,price_oracle_manipulation,88,gen,price_oracle_probe,greedy,0.0,0.0,False,False,False
defihacklabs,defihacklabs/2022-02_TecraSpace,price_oracle_manipulation,89,mut,value_perturb,greedy,0.0,0.0,False,False,False
defihacklabs,defihacklabs/2022-02_TecraSpace,price_oracle_manipulation,90,mut,call_insert,random,0.0,0.024,False,False,False
defihacklabs,defihacklabs/2022-02_TecraSpace,price_oracle_manipulation,91,mut,arg_shuffle,greedy,0.0,0.0,False,False,False
defihacklabs,defihacklabs/2022-02_TecraSpace,price_oracle_manipulation,92,gen,reentrancy_probe,greedy,0.0,0.0,False,False,False
defihacklabs,defihacklabs/2022-02_TecraSpace,price_oracle_manipulation,93,gen,arithmetic_probe,greedy,0.0,0.0,False,False,False
defihacklabs,defihacklabs/2022-02_TecraSpace,price_oracle_manipulation,94,gen,price_oracle_probe,greedy,0.0,0.0958,False,False,False
defihacklabs,defihacklabs/2022-02_TecraSpace,price_oracle_manipulation,95,gen,price_oracle_probe,greedy,0.0,0.0,False,False,False
defihacklabs,defihacklabs/2022-02_TecraSpace,price_oracle_manipulation,96,mut,value_perturb,greedy,0.0,0.0,False,False,False
defihacklabs,defihacklabs/2022-02_TecraSpace,price_oracle_manipulation,97,gen,logic_error_probe,greedy,0.0,0.0,False,False,False
defihacklabs,defihacklabs/2022-02_TecraSpace,price_oracle_manipulation,98,mut,arg_shuffle,greedy,0.0,0.0,False,False,False
defihacklabs,defihacklabs/2022-02_TecraSpace,price_oracle_manipulation,99,gen,access_control_probe,greedy,0.0,0.0,False,False,False
defihacklabs,defihacklabs/2023-04_Swapos,business_logic,0,gen,reentrancy_probe,greedy,26.0,0.646,False,False,False
defihacklabs,defihacklabs/2023-04_Swapos,business_logic,1,gen,arithmetic_probe,random,31.0,1.118,False,False,False
defihacklabs,defihacklabs/2023-04_Swapos,business_logic,2,gen,access_control_probe,random,24.0,1.3168,False,False,False
defihacklabs,defihacklabs/2023-04_Swapos,business_logic,3,gen,price_oracle_probe,greedy,32.0,1.2422,False,False,False
defihacklabs,defihacklabs/2023-04_Swapos,business_logic,4,gen,logic_error_probe,greedy,0.0,0.9441,False,False,False
defihacklabs,defihacklabs/2023-04_Swapos,business_logic,5,mut,value_perturb,greedy,0.0,0.646,False,False,False
defihacklabs,defihacklabs/2023-04_Swapos,business_logic,6,mut,call_insert,greedy,0.0,0.3727,False,False,False
defihacklabs,defihacklabs/2023-04_Swapos,business_logic,7,mut,call_swap,random,0.0,0.6957,False,False,False
defihacklabs,defihacklabs/2023-04_Swapos,business_logic,8,mut,arg_shuffle,greedy,0.0,1.118,False,False,False
defihacklabs,defihacklabs/2023-04_Swapos,business_logic,9,gen,reentrancy_probe,greedy,2.0,1.0435,False,False,False
defihacklabs,defihacklabs/2023-04_Swapos,business_logic,10,gen,arithmetic_probe,greedy,0.0,0.0,False,False,False
defihacklabs,defihacklabs/2023-04_Swapos,business_logic,11,gen,access_control_probe,greedy,4.0,0.1988,False,False,False
defihacklabs,defihacklabs/2023-04_Swapos,business_logic,12,gen,price_oracle_probe,random,4.0,0.646,False,False,False
defihacklabs,defihacklabs/2023-04_Swapos,business_logic,13,gen,logic_error_probe,greedy,0.0,0.0,False,False,False
defihacklabs,defihacklabs/2023-04_Swapos,business_logic,14,mut,value_perturb,greedy,0.0,0.4472,False,False,False
defihacklabs,defihacklabs/2023-04_Swapos,business_logic,15,mut,call_insert,greedy,0.0,0.3975,False,False,False
defihacklabs,defihacklabs/2023-04_Swapos,business_logic,16,mut,call_swap,greedy,0.0,1.0186,False,False,False
defihacklabs,defihacklabs/2023-04_Swapos,business_logic,17,mut,arg_shuffle,greedy,0.0,0.8199,False,False,False
defihacklabs,defihacklabs/2023-04_Swapos,business_logic,18,mut,arg_shuffle,greedy,0.0,0.795,False,False,False
defihacklabs,defihacklabs/2023-04_Swapos,business_logic,19,mut,arg_shuffle,greedy,0.0,0.0,False,False,False
defihacklabs,defihacklabs/2023-04_Swapos,business_logic,20,gen,arithmetic_probe,greedy,0.0,0.0,False,False,False
defihacklabs,defihacklabs/2023-04_Swapos,business_logic,21,gen,reentrancy_probe,greedy,0.0,0.0,False,False,False
defihacklabs,defihacklabs/2023-04_Swapos,business_logic,22,mut,call_swap,greedy,0.0,0.2981,False,False,False
defihacklabs,defihacklabs/2023-04_Swapos,business_logic,23,gen,price_oracle_probe,greedy,0.0,0.0745,False,False,False
defihacklabs,defihacklabs/2023-04_Swapos,business_logic,24,mut,call_swap,greedy,0.0,0.0,False,False,False
defihacklabs,defihacklabs/2023-04_Swapos,business_logic,25,gen,access_control_probe,greedy,0.0,0.0248,False,False,False
defihacklabs,defihacklabs/2023-04_Swapos,business_logic,26,gen,price_oracle_probe,greedy,0.0,0.0497,False,False,False
defihacklabs,defihacklabs/2023-04_Swapos,business_logic,27,mut,value_perturb,greedy,0.0,0.4472,False,False,False
defihacklabs,defihacklabs/2023-04_Swapos,business_logic,28,mut,value_perturb,random,0.0,0.5466,False,False,False
defihacklabs,defihacklabs/2023-04_Swapos,business_logic,29,mut,value_perturb,greedy,0.0,0.0,False,False,False
defihacklabs,defihacklabs/2023-04_Swapos,business_logic,30,mut,arg_shuffle,greedy,0.0,0.0,False,False,False
defihacklabs,defihacklabs/2023-04_Swapos,business_logic,31,gen,reentrancy_probe,greedy,0.0,0.0,False,False,False
defihacklabs,defihacklabs/2023-04_Swapos,business_logic,32,mut,call_insert,greedy,0.0,0.9689,False,False,False
defihacklabs,defihacklabs/2023-04_Swapos,business_logic,33,mut,call_insert,greedy,0.0,0.6211,False,False,False
defihacklabs,defihacklabs/2023-04_Swapos,business_logic,34,mut,call_insert,greedy,4.0,1.8137,False,False,False
defihacklabs,defihacklabs/2023-04_Swapos,business_logic,35,mut,call_insert,greedy,0.0,0.0,False,False,False
defihacklabs,defihacklabs/2023-04_Swapos,business_logic,36,mut,call_insert,greedy,0.0,0.0,False,False,False
defihacklabs,defihacklabs/2023-04_Swapos,business_logic,37,mut,call_insert,greedy,2.0,0.2981,False,False,False
defihacklabs,defihacklabs/2023-04_Swapos,business_logic,38,mut,call_insert,greedy,0.0,0.0,False,False,False
defihacklabs,defihacklabs/2023-04_Swapos,business_logic,39,mut,call_swap,greedy,2.0,0.472,False,False,False
defihacklabs,defihacklabs/2023-04_Swapos,business_logic,40,gen,logic_error_probe,greedy,0.0,0.0,False,False,False
defihacklabs,defihacklabs/2023-04_Swapos,business_logic,41,gen,arithmetic_probe,greedy,2.0,0.4472,False,False,False
defihacklabs,defihacklabs/2023-04_Swapos,business_logic,42,mut,call_swap,greedy,0.0,0.0,False,False,False
defihacklabs,defihacklabs/2023-04_Swapos,business_logic,43,gen,arithmetic_probe,greedy,0.0,0.0497,False,False,False
defihacklabs,defihacklabs/2023-04_Swapos,business_logic,44,gen,access_control_probe,greedy,0.0,0.0,False,False,False
defihacklabs,defihacklabs/2023-04_Swapos,business_logic,45,gen,price_oracle_probe,greedy,0.0,0.0,False,False,False
defihacklabs,defihacklabs/2023-04_Swapos,business_logic,46,mut,call_swap,greedy,0.0,0.0,False,False,False
defihacklabs,defihacklabs/2023-04_Swapos,business_logic,47,gen,arithmetic_probe,greedy,0.0,0.3727,False,False,False
defihacklabs,defihacklabs/2023-04_Swapos,business_logic,48,gen,arithmetic_probe,greedy,0.0,0.0,False,False,False
defihacklabs,defihacklabs/2023-04_Swapos,business_logic,49,gen,reentrancy_probe,greedy,0.0,0.0,False,False,False
defihacklabs,defihacklabs/2023-04_Swapos,business_logic,50,gen,arithmetic_probe,greedy,0.0,0.0,False,False,False
defihacklabs,defihacklabs/2023-04_Swapos,business_logic,51,mut,arg_shuffle,greedy,0.0,0.0,False,False,False
defihacklabs,defihacklabs/2023-04_Swapos,business_logic,52,mut,call_insert,greedy,0.0,0.0497,False,False,False
defihacklabs,defihacklabs/2023-04_Swapos,business_logic,53,gen,logic_error_probe,random,0.0,0.4472,False,False,False
defihacklabs,defihacklabs/2023-04_Swapos,business_logic,54,gen,logic_error_probe,greedy,0.0,0.0,False,False,False
defihacklabs,defihacklabs/2023-04_Swapos,business_logic,55,gen,arithmetic_probe,greedy,0.0,0.0,False,False,False
defihacklabs,defihacklabs/2023-04_Swapos,business_logic,56,mut,value_perturb,random,0.0,0.0,False,False,False
defihacklabs,defihacklabs/2023-04_Swapos,business_logic,57,gen,access_control_probe,greedy,1.0,0.3354,False,False,False
defihacklabs,defihacklabs/2023-04_Swapos,business_logic,58,mut,call_insert,greedy,0.0,0.0,False,False,False
defihacklabs,defihacklabs/2023-04_Swapos,business_logic,59,gen,access_control_probe,greedy,0.0,0.0,False,False,False
defihacklabs,defihacklabs/2023-04_Swapos,business_logic,60,gen,access_control_probe,greedy,0.0,0.5714,False,False,False
defihacklabs,defihacklabs/2023-04_Swapos,business_logic,61,gen,access_control_probe,greedy,0.0,0.0,False,False,False
defihacklabs,defihacklabs/2023-04_Swapos,business_logic,62,gen,access_control_probe,random,2.0,0.1491,False,False,False
defihacklabs,defihacklabs/2023-04_Swapos,business_logic,63,gen,access_control_probe,greedy,0.0,0.0,False,False,False
defihacklabs,defihacklabs/2023-04_Swapos,business_logic,64,gen,price_oracle_probe,random,16.0,0.4472,False,False,False
defihacklabs,defihacklabs/2023-04_Swapos,business_logic,65,gen,price_oracle_probe,random,5.0,0.1988,False,False,False
defihacklabs,defihacklabs/2023-04_Swapos,business_logic,66,gen,price_oracle_probe,random,3.0,0.4224,False,False,False
defihacklabs,defihacklabs/2023-04_Swapos,business_logic,67,gen,price_oracle_probe,greedy,0.0,0.0,False,False,False
defihacklabs,defihacklabs/2023-04_Swapos,business_logic,68,gen,price_oracle_probe,greedy,0.0,0.0,False,False,False
defihacklabs,defihacklabs/2023-04_Swapos,business_logic,69,mut,call_swap,greedy,0.0,0.1739,False,False,False
defihacklabs,defihacklabs/2023-04_Swapos,business_logic,70,mut,call_swap,greedy,0.0,0.0,False,False,False
defihacklabs,defihacklabs/2023-04_Swapos,business_logic,71,mut,call_insert,greedy,0.0,0.0,False,False,False
defihacklabs,defihacklabs/2023-04_Swapos,business_logic,72,gen,reentrancy_probe,greedy,0.0,0.2981,False,False,False
defihacklabs,defihacklabs/2023-04_Swapos,business_logic,73,gen,reentrancy_probe,greedy,0.0,0.0497,False,False,False
defihacklabs,defihacklabs/2023-04_Swapos,business_logic,74,gen,price_oracle_probe,random,0.0,0.0497,False,False,False
defihacklabs,defihacklabs/2023-04_Swapos,business_logic,75,gen,access_control_probe,greedy,0.0,0.0497,False,False,False
defihacklabs,defihacklabs/2023-04_Swapos,business_logic,76,gen,arithmetic_probe,greedy,0.0,0.0,False,False,False
defihacklabs,defihacklabs/2023-04_Swapos,business_logic,77,gen,logic_error_probe,greedy,0.0,0.0994,False,False,False
defihacklabs,defihacklabs/2023-04_Swapos,business_logic,78,gen,logic_error_probe,greedy,0.0,0.2236,False,False,False
defihacklabs,defihacklabs/2023-04_Swapos,business_logic,79,gen,logic_error_probe,greedy,0.0,0.0,False,False,False
defihacklabs,defihacklabs/2023-04_Swapos,business_logic,80,gen,logic_error_probe,random,0.0,0.0,False,False,False
defihacklabs,defihacklabs/2023-04_Swapos,business_logic,81,mut,arg_shuffle,greedy,0.0,0.0994,False,False,False
defihacklabs,defihacklabs/2023-04_Swapos,business_logic,82,mut,arg_shuffle,greedy,0.0,0.4969,False,False,False
defihacklabs,defihacklabs/2023-04_Swapos,business_logic,83,mut,arg_shuffle,greedy,0.0,0.0,False,False,False
defihacklabs,defihacklabs/2023-04_Swapos,business_logic,84,mut,arg_shuffle,greedy,0.0,0.0,False,False,False
defihacklabs,defihacklabs/2023-04_Swapos,business_logic,85,gen,price_oracle_probe,greedy,0.0,0.0,False,False,False
defihacklabs,defihacklabs/2023-04_Swapos,business_logic,86,mut,call_swap,greedy,0.0,0.5217,False,False,False
defihacklabs,defihacklabs/2023-04_Swapos,business_logic,87,gen,access_control_probe,random,4.0,1.764,False,False,False
defihacklabs,defihacklabs/2023-04_Swapos,business_logic,88,gen,access_control_probe,greedy,0.0,0.0,False,False,False
defihacklabs,defihacklabs/2023-04_Swapos,business_logic,89,gen,access_control_probe,greedy,0.0,0.0,False,False,False
defihacklabs,defihacklabs/2023-04_Swapos,business_logic,90,gen,access_control_probe,greedy,0.0,0.0,False,False,False
defihacklabs,defihacklabs/2023-04_Swapos,business_logic,91,gen,access_control_probe,greedy,0.0,0.0,False,False,False
defihacklabs,defihacklabs/2023-04_Swapos,business_logic,92,gen,reentrancy_probe,greedy,0.0,0.0,False,False,False
defihacklabs,defihacklabs/2023-04_Swapos,business_logic,93,gen,reentrancy_probe,random,0.0,0.323,False,False,False
defihacklabs,defihacklabs/2023-04_Swapos,business_logic,94,gen,reentrancy_probe,greedy,0.0,0.0,False,False,False
defihacklabs,defihacklabs/2023-04_Swapos,business_logic,95,gen,reentrancy_probe,greedy,0.0,0.0,False,False,False
defihacklabs,defihacklabs/2023-04_Swapos,business_logic,96,mut,value_perturb,greedy,0.0,0.1739,False,False,False
defihacklabs,defihacklabs/2023-04_Swapos,business_logic,97,mut,call_swap,greedy,0.0,0.1739,False,False,False
defihacklabs,defihacklabs/2023-04_Swapos,business_logic,98,mut,call_swap,greedy,0.0,0.2236,False,False,False
defihacklabs,defihacklabs/2023-04_Swapos,business_logic,99,mut,call_swap,greedy,0.0,0.0,False,False,False
